File name,Dates,Description physique,Dimensions,Données techniques,Informations sur les modalités d'entrée,Matière,Nom géographique,Édifice,latitude,longitude,code_insee_commune,trans_city,trans_confidence,trans_hamlet_uniformise,trans_monument_uniformise,trans_ocr_text,coordonnees_georeferencement,adresse_precise,source_georef
FRAD084_07FI002_0012.jpg,[avant 1920],"Dimensions 9 x 14 cm

Données techniques Carte postale pleine feuille, noir et blanc. Aspect mat",9 x 14 cm,"Carte postale pleine feuille, noir et blanc. Aspect mat",Don des Archives départementales des Bouches-du-Rhône (2002),,"Ansouis (Vaucluse, France)",,43.7365172868,5.47136689464,84002.0,Ansouis,0.95,Aucun lieu-dit,Aucun monument,"Audibert Edit. - Photo L. Camous, Pertuis
ANSOUIS (Vaucluse) - Vue générale côté Sud
Gendi 13 9bre 1928.","43.7365172868, 5.47136689464",,commune (fallback)
FRAD084_07FI002_0014.jpg,[avant 1920],"Dimensions 9 x 14 cm

Données techniques Carte postale pleine feuille, noir et blanc. Aspect mat",9 x 14 cm,"Carte postale pleine feuille, noir et blanc. Aspect mat",Don des Archives départementales des Bouches-du-Rhône (2002),église,"Ansouis (Vaucluse, France)","Ansouis (Vaucluse, France) -- Église",43.7365172868,5.47136689464,84002.0,Ansouis,0.98,Aucun lieu-dit,Eglise de Ansouis,ANSOUIS (Vaucluse) - Intérieur de l'Église Deydier,"43.738531, 5.4635719","Église paroissiale Saint-Martin, Place de l'Église, Ansouis, Apt, Vaucluse, Provence-Alpes-Côte d'Azur, France métropolitaine, 84240, France",monument_uniformise
FRAD084_07FI002_0009.jpg,[avant 1920],"Dimensions 9 x 14 cm

Données techniques Carte postale pleine feuille, noir et blanc. Aspect mat",9 x 14 cm,"Carte postale pleine feuille, noir et blanc. Aspect mat",Don des Archives départementales des Bouches-du-Rhône (2002),église,"Ansouis (Vaucluse, France)","Ansouis (Vaucluse, France) -- Église",43.7365172868,5.47136689464,84002.0,Ansouis,0.95,Aucun lieu-dit,L'Église et l'éperon du Château,"ANSOUIS (Vaucluse) L'Église et l'éperon du Château Audibert édit. - Photo L. Camous, Pertuis","43.738531, 5.4635719","Église paroissiale Saint-Martin, Place de l'Église, Ansouis, Apt, Vaucluse, Provence-Alpes-Côte d'Azur, France métropolitaine, 84240, France",edifice
FRAD084_07FI002_0010.jpg,[avant 1920],"Dimensions 9 x 14 cm

Données techniques Carte postale pleine feuille, noir et blanc. Aspect mat",9 x 14 cm,"Carte postale pleine feuille, noir et blanc. Aspect mat",Don des Archives départementales des Bouches-du- Rhône (2002),église,"Ansouis (Vaucluse, France)","Ansouis (Vaucluse, France) -- Église",43.7365172868,5.47136689464,84002.0,Ansouis,0.95,Aucun lieu-dit,L'Eglise et l'Eperon,ANSOUIS (Vaucluse) - L'Eglise et l'Eperon,"43.738531, 5.4635719","Église paroissiale Saint-Martin, Place de l'Église, Ansouis, Apt, Vaucluse, Provence-Alpes-Côte d'Azur, France métropolitaine, 84240, France",edifice
FRAD084_07FI002_0007.jpg,[vers 1920],"Dimensions 9 x 14 cm

Données techniques Carte postale avec bordure, noir et blanc. Aspect mat",9 x 14 cm,"Carte postale avec bordure, noir et blanc. Aspect mat",Don des Archives départementales des Bouches-du-Rhône en 2002,château,"Ansouis (Vaucluse, France)","Ansouis (Vaucluse, France) -- Château",43.7365172868,5.47136689464,84002.0,Ansouis,0.95,Aucun lieu-dit,Le Château,"Edition Pin
ANSOUIS (Vaucluse) - Entrée du Château","43.7388208, 5.4638885","Château d'Ansouis, Place de l'Église, Ansouis, Apt, Vaucluse, Provence-Alpes-Côte d'Azur, France métropolitaine, 84240, France",edifice
FRAD084_07FI002_0011.jpg,[avant 1920],"Dimensions 9 x 14 cm

Données techniques Carte postale pleine feuille, noir et blanc. Aspect mat",9 x 14 cm,"Carte postale pleine feuille, noir et blanc. Aspect mat",Don des Archives départementales des Bouches-du-Rhône (2002),château,"Ansouis (Vaucluse, France)","Ansouis (Vaucluse, France) -- Château",43.7365172868,5.47136689464,84002.0,Ansouis,0.98,Aucun lieu-dit,Château,ANSOUIS (Vaucluse) - Entrée du Château,"43.7388208, 5.4638885","Château d'Ansouis, Place de l'Église, Ansouis, Apt, Vaucluse, Provence-Alpes-Côte d'Azur, France métropolitaine, 84240, France",monument_uniformise
FRAD084_07FI002_0008_01.jpg,[avant 1920],"Dimensions 9 x 14 cm

Données techniques Carte postale pleine feuille, noir et blanc. Aspect mat",9 x 14 cm,"Carte postale pleine feuille, noir et blanc. Aspect mat",Don des Archives départementales des Bouches-du-Rhône (2002),château,"Ansouis (Vaucluse, France)","Ansouis (Vaucluse, France) -- Château",43.7365172868,5.47136689464,84002.0,Ansouis,0.98,Aucun lieu-dit,Le Château,"Audibert édit. - Photo L. Camous, Pertuis
ANSOUIS (Vaucluse) - Le Château","43.7388208, 5.4638885","Château d'Ansouis, Place de l'Église, Ansouis, Apt, Vaucluse, Provence-Alpes-Côte d'Azur, France métropolitaine, 84240, France",edifice
FRAD084_07FI002_0015_01.jpg,[avant 1920],"Dimensions 9 x 14 cm

Données techniques Carte postale pleine feuille, noir et blanc. Aspect mat",9 x 14 cm,"Carte postale pleine feuille, noir et blanc. Aspect mat",Don des Archives départementales des Bouches-du-Rhône (2002),château,"Ansouis (Vaucluse, France)","Ansouis (Vaucluse, France) -- Château",43.7365172868,5.47136689464,84002.0,Ansouis,0.95,Aucun lieu-dit,Aucun monument,ANSOUIS (Vaucluse) — Le Château - Salle à manger Riches Tapisseries et Mobilier ancien (Côté Est),"43.7388208, 5.4638885","Château d'Ansouis, Place de l'Église, Ansouis, Apt, Vaucluse, Provence-Alpes-Côte d'Azur, France métropolitaine, 84240, France",edifice
FRAD084_07FI002_0005.jpg,[avant 1920],"Support 9 x 14 cm

Données techniques Carte postale pleine feuille, noir et blanc. Aspect mat",9 x 14 cm,"Carte postale pleine feuille, noir et blanc. Aspect mat",,château,"Ansouis (Vaucluse, France)","Ansouis (Vaucluse, France) -- Château",43.7365172868,5.47136689464,84002.0,Ansouis,0.98,Aucun lieu-dit,Porte fortifiée du Château,ANSOUIS (Vaucluse) Porte fortifiée du Château Cliché Doydier - Edit. Léon Brémont,"43.7388208, 5.4638885","Château d'Ansouis, Place de l'Église, Ansouis, Apt, Vaucluse, Provence-Alpes-Côte d'Azur, France métropolitaine, 84240, France",edifice
FRAD084_07FI002_0001.jpg,[vers 1930],"Dimensions 9,5 x 15 cm

Données techniques Carte-image coloriée, avec bordure. Aspect mat","9,5 x 15 cm","Carte-image coloriée, avec bordure. Aspect mat",,château,"Ansouis (Vaucluse, France)","Ansouis (Vaucluse, France) -- Château",43.7365172868,5.47136689464,84002.0,Ansouis,0.99,Aucun lieu-dit,Château d'Ansouis,"Connu dès l'an 980, Ansouis était primitivement une place forte destinée à la défense de la Haute Provence. Au XIIIe siècle il fut l'habitation de St ELZEAR de SABRAN et de son épouse Ste DELPHINE. Il eut à subir de nombreux assauts : Bandes d'Arnaud l'Archiprêtre en 1358, les Calvinistes de Ménerbes en 174, et enfin les bandes armées par le Baron de Vins en 1585. N° 151 — Château d'ANSOUIS (Vaucluse) — Vue générale","43.7388208, 5.4638885","Château d'Ansouis, Place de l'Église, Ansouis, Apt, Vaucluse, Provence-Alpes-Côte d'Azur, France métropolitaine, 84240, France",monument_uniformise
FRAD084_07FI002_0002.jpg,[vers 1930],"Dimensions 9,5 x 15 cm

Données techniques Carte-image coloriée, avec bordure. Aspect mat","9,5 x 15 cm","Carte-image coloriée, avec bordure. Aspect mat",,château,"Ansouis (Vaucluse, France)","Ansouis (Vaucluse, France) -- Château",43.7365172868,5.47136689464,84002.0,Ansouis,0.98,Aucun lieu-dit,Château d'Ansouis,N° 152 — Château d'ANSOUIS (Vaucluse) — Façade principale,"43.7388208, 5.4638885","Château d'Ansouis, Place de l'Église, Ansouis, Apt, Vaucluse, Provence-Alpes-Côte d'Azur, France métropolitaine, 84240, France",monument_uniformise
FRAD084_07FI002_0006.jpg,[vers 1930],"Dimensions 9 x 14 cm

Données techniques Carte postale avec bordure, sépia. Aspect mat.",9 x 14 cm,"Carte postale avec bordure, sépia. Aspect mat.",,château,"Ansouis (Vaucluse, France)","Ansouis (Vaucluse, France) -- Château",43.7365172868,5.47136689464,84002.0,Ansouis,0.98,Aucun lieu-dit,Château d'Ansouis,CHATEAU D'ANSOUIS (Vaucluse). — La Porte d'entrée,"43.7388208, 5.4638885","Château d'Ansouis, Place de l'Église, Ansouis, Apt, Vaucluse, Provence-Alpes-Côte d'Azur, France métropolitaine, 84240, France",monument_uniformise
FRAD084_07FI002_0004.jpg,[vers 1930],"Dimensions 9 x 14 cm

Données techniques Carte postale avec bordure, sépia. Aspect mat",9 x 14 cm,"Carte postale avec bordure, sépia. Aspect mat",,château,"Ansouis (Vaucluse, France)","Ansouis (Vaucluse, France) -- Château",43.7365172868,5.47136689464,84002.0,Ansouis,0.98,Aucun lieu-dit,Château d'Ansouis,CHÂTEAU D'ANSOUIS (· VAUCLUSE ·),"43.7388208, 5.4638885","Château d'Ansouis, Place de l'Église, Ansouis, Apt, Vaucluse, Provence-Alpes-Côte d'Azur, France métropolitaine, 84240, France",monument_uniformise
FRAD084_07FI002_0003.jpg,[vers 1960],"Dimensions 10 x 15 cm

Données techniques Carte postale cliché aérien, pleine feuille, noir et blanc. Aspect brillant",10 x 15 cm,"Carte postale cliché aérien, pleine feuille, noir et blanc. Aspect brillant",,château,"Ansouis (Vaucluse, France)","Ansouis (Vaucluse, France) -- Château",43.7365172868,5.47136689464,84002.0,,0.95,Aucun lieu-dit,Aucun monument,LAZIE SERVICE AERIEN,"43.7365172868, 5.47136689464",,commune (fallback)
FRAD084_07FI003_0001.jpg,[vers 1900],"Dimensions 9 x 14 cm

Données techniques Carte postale nuage, noir et blanc. Aspect mat",9 x 14 cm,"Carte postale nuage, noir et blanc. Aspect mat",,,"Apt (Vaucluse, France)",,43.879393265,5.38921757843,84003.0,Apt,0.95,Aucun lieu-dit,Aucun monument,APT. — Vue générale.,"43.879393265, 5.38921757843",,commune (fallback)
FRAD084_07FI003_0002.jpg,[vers 1900],"Dimensions 9 x 14 cm

Données techniques Carte postale nuage, noir et blanc. Aspect mat",9 x 14 cm,"Carte postale nuage, noir et blanc. Aspect mat",,,"Apt (Vaucluse, France)",,43.879393265,5.38921757843,84003.0,Apt,0.99,Aucun lieu-dit,Aucun monument,"Apt le
No 59. J. Brun & Cie, éditeurs à Carpentras
APT. - Vue générale","43.879393265, 5.38921757843",,commune (fallback)
FRAD084_07FI003_0027.jpg,[vers 1900],"Dimensions 9 x 14 cm

Données techniques Carte postale nuage, noir et blanc. Aspect mat",9 x 14 cm,"Carte postale nuage, noir et blanc. Aspect mat",,,"Apt (Vaucluse, France)",,43.879393265,5.38921757843,84003.0,Apt,0.95,Beaumes,Aucun monument,"Apt
Vue des Beaumes
Colange. lib.-édit., Apt","43.7604777, 5.2571181","Les Beaumes, Puget, Apt, Vaucluse, Provence-Alpes-Côte d'Azur, France métropolitaine, 84360, France",hameau
FRAD084_07FI003_0003.jpg,[vers 1930],"Dimensions 9 x 14 cm

Données techniques Carte postale avec bordure, sépia. Aspect mat",9 x 14 cm,"Carte postale avec bordure, sépia. Aspect mat",,,"Apt (Vaucluse, France)",,43.879393265,5.38921757843,84003.0,Apt,0.95,Quai de la Liberté,Aucun monument,Col. du Bureau de la Presse Catholique. 202. - APT (Vaucluse). - Vue Générale et Quai de la Liberté. MARIO,"43.8773222, 5.3953658","Quai de la Liberté, Apt, Vaucluse, Provence-Alpes-Côte d'Azur, France métropolitaine, 84400, France",hameau
FRAD084_07FI003_0059.jpg,[vers 1930],"Dimensions 9 x 14 cm

Données techniques Carte postale avec bordure, sépia. Aspect mat",9 x 14 cm,"Carte postale avec bordure, sépia. Aspect mat",,,"Apt (Vaucluse, France)",,43.879393265,5.38921757843,84003.0,Apt,0.95,Aucun lieu-dit,Aucun monument,"Edition Jouve - Apt
APT (Vaucluse). — Vue panoramique.","43.879393265, 5.38921757843",,commune (fallback)
FRAD084_07FI003_0035.jpg,[vers 1950],"Dimensions 9 x 14 cm

Données techniques Carte postale cliché aérien, pleine feuille, noir et blanc. Aspect brillant",9 x 14 cm,"Carte postale cliché aérien, pleine feuille, noir et blanc. Aspect brillant",,,"Apt (Vaucluse, France)",,43.879393265,5.38921757843,84003.0,,0.95,Aucun lieu-dit,Aucun monument,Canny,"43.879393265, 5.38921757843",,commune (fallback)
FRAD084_07FI003_0036.jpg,[vers 1950],"Dimensions 9 x 14 cm

Données techniques Carte postale cliché aérien, bords dentelés, noir et blanc. Aspect brillant",9 x 14 cm,"Carte postale cliché aérien, bords dentelés, noir et blanc. Aspect brillant",,,"Apt (Vaucluse, France)",,43.879393265,5.38921757843,84003.0,,0.95,Aucun lieu-dit,Aucun monument,Crim,"43.879393265, 5.38921757843",,commune (fallback)
FRAD084_07FI003_0004.jpg,[avant 1920],"Dimensions 9 x 14 cm

Données techniques Carte postale pleine feuille, noir et blanc. Aspect mat",9 x 14 cm,"Carte postale pleine feuille, noir et blanc. Aspect mat",,hôtel de la sous-préfecture,"Apt (Vaucluse, France)","Apt (Vaucluse, France) -- Sous-préfecture",43.879393265,5.38921757843,84003.0,Apt,0.95,Aucun lieu-dit,Sous-Préfecture et Palais de Justice,"A Suau. Libraire, Apt
APT — Sous-Préfecture et Palais de Justice","43.875683, 5.3947582","Sous-Préfecture d'Apt, Rue du Jardin de l'Evéché, Apt, Vaucluse, Provence-Alpes-Côte d'Azur, France métropolitaine, 84400, France",edifice
FRAD084_07FI003_0043.jpg,[vers 1950],"Dimensions 9 x 14 cm

Données techniques Carte postale avec bordure, noir et blanc. Aspect brillant",9 x 14 cm,"Carte postale avec bordure, noir et blanc. Aspect brillant",,hôtel de la sous-préfecture,"Apt (Vaucluse, France)","Apt (Vaucluse, France) -- Sous-préfecture",43.879393265,5.38921757843,84003.0,Apt,0.95,Aucun lieu-dit,Aucun monument,22. Apt. La Sous-Préfecture. II.,"43.875683, 5.3947582","Sous-Préfecture d'Apt, Rue du Jardin de l'Evéché, Apt, Vaucluse, Provence-Alpes-Côte d'Azur, France métropolitaine, 84400, France",edifice
FRAD084_07FI003_0005.jpg,[vers 1900],"Dimensions 9 x 14 cm

Données techniques Carte postale nuage, verdâtre. Aspect mat",9 x 14 cm,"Carte postale nuage, verdâtre. Aspect mat",,hôtel de ville,"Apt (Vaucluse, France)","Apt (Vaucluse, France) -- Hôtel de ville",43.879393265,5.38921757843,84003.0,Apt,0.95,Aucun lieu-dit,Hôtel de Ville et Sous-Préfecture,"Apt
Colange, lib.-édit., Apt
Hôtel de Ville et Sous-Préfecture","43.9120799, 5.2005264","Hôtel de Ville, Chemin de l'Hôpital, Gordes, Apt, Vaucluse, Provence-Alpes-Côte d'Azur, France métropolitaine, 84220, France",edifice
FRAD084_07FI003_0066.jpg,[vers 1900],"Dimensions 9 x 14 cm

Données techniques Carte postale nuage, noir et blanc. Aspect mat",9 x 14 cm,"Carte postale nuage, noir et blanc. Aspect mat",Don des Archives départementales des Bouches-du-Rhône (2002),hôtel de ville,"Apt (Vaucluse, France)","Apt (Vaucluse, France) -- Hôtel de ville",43.879393265,5.38921757843,84003.0,Apt,0.95,Aucun lieu-dit,Hôtel de Ville et Sous-Préfecture,"Apt
Colange, lib.-édit., Apt
Hôtel de Ville et Sous-Préfecture
ancien évêché","43.9120799, 5.2005264","Hôtel de Ville, Chemin de l'Hôpital, Gordes, Apt, Vaucluse, Provence-Alpes-Côte d'Azur, France métropolitaine, 84220, France",edifice
FRAD084_07FI003_0015.jpg,[vers 1900],"Dimensions 9 x 14 cm

Données techniques Carte postale nuage, noir et blanc. Aspect mat",9 x 14 cm,"Carte postale nuage, noir et blanc. Aspect mat",,halle,"Apt (Vaucluse, France)","Apt (Vaucluse, France) -- Halles",43.879393265,5.38921757843,84003.0,Apt,0.98,Aucun lieu-dit,Halles et Dôme Sainte-Anne,"Apt
Colange lib.-édit., Apt - Phototype A. Bergeret et Cie, Nancy
Halles et Dôme Sainte-Anne","43.879393265, 5.38921757843",,commune (fallback)
FRAD084_07FI003_0018.jpg,[vers 1900],"Dimensions 9 x 14 cm

Données techniques Carte postale nuage, noir et blanc. Aspect mat",9 x 14 cm,"Carte postale nuage, noir et blanc. Aspect mat",,halle,"Apt (Vaucluse, France)","Apt (Vaucluse, France) -- Halles",43.879393265,5.38921757843,84003.0,Apt,0.95,Aucun lieu-dit,Halle aux grains,APT. - Halle aux grains,"43.8763776, 5.3966496","Médiathèque - La halle aux grains, Place Carnot, Centre-ville, Apt, Vaucluse, Provence-Alpes-Côte d'Azur, France métropolitaine, 84400, France",monument_uniformise
FRAD084_07FI003_0063.jpg,[vers 1900],"Dimensions 9 x 14 cm

Données techniques Carte postale pleine feuille, noir et blanc. Aspect mat",9 x 14 cm,"Carte postale pleine feuille, noir et blanc. Aspect mat",Don des Archives dépatementales des Bouches-du-Rhône (2002),église cathédrale,"Apt (Vaucluse, France)","Apt (Vaucluse, France) -- Cathédrale Sainte-Anne",43.879393265,5.38921757843,84003.0,Apt,0.99,Aucun lieu-dit,La Cathédrale,"Édition Suau - Apt
Apt (Vaucluse) — La Cathédrale","43.8762072, 5.3968728","Rue de la Cathédrale, Centre-ville, Apt, Vaucluse, Provence-Alpes-Côte d'Azur, France métropolitaine, 84400, France",monument_uniformise
FRAD084_07FI003_0006.jpg,[vers 1900],"Dimensions 9 x 14 cm

Données techniques Carte postale nuage, noir et blanc. Aspect mat",9 x 14 cm,"Carte postale nuage, noir et blanc. Aspect mat",,église cathédrale,"Apt (Vaucluse, France)","Apt (Vaucluse, France) -- Cathédrale Sainte-Anne",43.879393265,5.38921757843,84003.0,Apt,0.98,Aucun lieu-dit,Porte de la Cathédrale,APT. — Porte de la Cathédrale.,"43.8761372, 5.3972142","Cathédrale Sainte-Anne, Rue des Marchands, Centre-ville, Apt, Vaucluse, Provence-Alpes-Côte d'Azur, France métropolitaine, 84400, France",edifice
FRAD084_07FI003_0042_01.jpg,[avant 1920],"Dimensions 9 x 14 cm

Données techniques Carte postale avec bordure, noir et blanc. Aspect mat",9 x 14 cm,"Carte postale avec bordure, noir et blanc. Aspect mat",,église cathédrale,"Apt (Vaucluse, France)","Apt (Vaucluse, France) -- Cathédrale Sainte-Anne",43.879393265,5.38921757843,84003.0,Apt,0.95,Aucun lieu-dit,Eglise Ste-Anne,33 APT. — Eglise Ste-Anne. — Ancienne Cathédrale. — L.L.,"43.8761372, 5.3972142","Cathédrale Sainte-Anne, Rue des Marchands, Centre-ville, Apt, Vaucluse, Provence-Alpes-Côte d'Azur, France métropolitaine, 84400, France",edifice
FRAD084_07FI003_0007.jpg,[vers 1930],"Dimensions 9 x 14 cm

Données techniques Carte postale avec bordure, sépia. Aspect mat",9 x 14 cm,"Carte postale avec bordure, sépia. Aspect mat",,église cathédrale,"Apt (Vaucluse, France)","Apt (Vaucluse, France) -- Cathédrale Sainte-Anne",43.879393265,5.38921757843,84003.0,Avignon,0.95,Aucun lieu-dit,Église Saint-Pierre,,"43.879393265, 5.38921757843",,commune (fallback)
FRAD084_07FI003_0053_01.jpg,[vers 1900],"Dimensions 9 x 14 cm

Données techniques Carte postale pleine feuille, noir et blanc. Aspect mat",9 x 14 cm,"Carte postale pleine feuille, noir et blanc. Aspect mat",,église cathédrale,"Apt (Vaucluse, France)","Apt (Vaucluse, France) -- Cathédrale Sainte-Anne",43.879393265,5.38921757843,84003.0,Apt,0.95,Aucun lieu-dit,La Cathédrale,"Jouve, libraire - Apt
APT — Intérieur de la Cathédrale - La Grande Nef","43.8762072, 5.3968728","Rue de la Cathédrale, Centre-ville, Apt, Vaucluse, Provence-Alpes-Côte d'Azur, France métropolitaine, 84400, France",monument_uniformise
FRAD084_07FI003_0054.jpg,[vers 1900],"Dimensions 9 x 14 cm

Données techniques Carte postale pleine feuille, noir et blanc. Aspect mat",9 x 14 cm,"Carte postale pleine feuille, noir et blanc. Aspect mat",,église cathédrale,"Apt (Vaucluse, France)","Apt (Vaucluse, France) -- Cathédrale Sainte-Anne",43.879393265,5.38921757843,84003.0,Apt,0.98,Aucun lieu-dit,Basilique Ste-Anne,APT (Vaucluse) — Intérieur de la Basilique Ste-Anne,"43.8761372, 5.3972142","Cathédrale Sainte-Anne, Rue des Marchands, Centre-ville, Apt, Vaucluse, Provence-Alpes-Côte d'Azur, France métropolitaine, 84400, France",edifice
FRAD084_07FI003_0055.jpg,[avant 1910],"Dimensions 9 x 14 cm

Données techniques Carte postale pleine feuille, noir et blancx. Aspect mat",9 x 14 cm,"Carte postale pleine feuille, noir et blancx. Aspect mat",,église cathédrale,"Apt (Vaucluse, France)","Apt (Vaucluse, France) -- Cathédrale Sainte-Anne",43.879393265,5.38921757843,84003.0,Apt,0.95,Aucun lieu-dit,La Cathédrale,"Edition A. Suau, libraire, Apt (26)
Apt - La Cathédrale (Intérieur de la Basilique Ste-Anne).","43.8762072, 5.3968728","Rue de la Cathédrale, Centre-ville, Apt, Vaucluse, Provence-Alpes-Côte d'Azur, France métropolitaine, 84400, France",monument_uniformise
FRAD084_07FI003_0069.jpg,[avant 1920],"Dimensions 9 x 14 cm

Données techniques Carte postale pleine feuille, noir et blanc. Aspect mat",9 x 14 cm,"Carte postale pleine feuille, noir et blanc. Aspect mat",Don des Archives départementales des Bouches-du-Rhône (2002),église cathédrale,"Apt (Vaucluse, France)","Apt (Vaucluse, France) -- Cathédrale Sainte-Anne",43.879393265,5.38921757843,84003.0,Apt,0.95,Aucun lieu-dit,La Cathédrale (Grande Nef),Apt (Vaucluse) La Cathédrale (Grande Nef) Edition Suau - Apt,"43.8761372, 5.3972142","Cathédrale Sainte-Anne, Rue des Marchands, Centre-ville, Apt, Vaucluse, Provence-Alpes-Côte d'Azur, France métropolitaine, 84400, France",edifice
FRAD084_07FI003_0008.jpg,[vers 1930],"Dimensions 9 x 14 cm

Données techniques Carte postale avec bordure, sépia. Aspect mat",9 x 14 cm,"Carte postale avec bordure, sépia. Aspect mat",,église cathédrale,"Apt (Vaucluse, France)","Apt (Vaucluse, France) -- Cathédrale Sainte-Anne",43.879393265,5.38921757843,84003.0,,0.95,Aucun lieu-dit,Eglise de None,,"43.879393265, 5.38921757843",,commune (fallback)
FRAD084_07FI003_0070.jpg,[avant 1920],"Dimensions 9 x 14 cm

Données techniques Carte postale pleine feuille, noir et blanc. Aspect mat",9 x 14 cm,"Carte postale pleine feuille, noir et blanc. Aspect mat",Don des Archives départementales des Bouches-du-Rhône (2002),église cathédrale,"Apt (Vaucluse, France)","Apt (Vaucluse, France) -- Cathédrale Sainte-Anne",43.879393265,5.38921757843,84003.0,Apt,0.95,Sainte-Anne,Première Crypte Romane,"Phot. J. Maussler, Avignon
SAINT-ANNE-d'APT — Première Crypte Romane du XIe siècle","43.8761372, 5.3972142","Cathédrale Sainte-Anne, Rue des Marchands, Centre-ville, Apt, Vaucluse, Provence-Alpes-Côte d'Azur, France métropolitaine, 84400, France",edifice
FRAD084_07FI003_0071.jpg,[avant 1920],"Dimensions 9 x 14 cm

Données techniques Carte postale pleine feuille, noir et blanc. Aspect mat",9 x 14 cm,"Carte postale pleine feuille, noir et blanc. Aspect mat",Don des Archives départementales des Bouches-du-Rhône (2002),église cathédrale,"Apt (Vaucluse, France)","Apt (Vaucluse, France) -- Cathédrale Sainte-Anne",43.879393265,5.38921757843,84003.0,Apt,0.95,Aucun lieu-dit,Eglise de SAINTE-ANNE-d'APT,"Phot. J. Maussier, Avignon
Eglise de SAINTE-ANNE-d'APT — Le Sanctuaire","43.8761372, 5.3972142","Cathédrale Sainte-Anne, Rue des Marchands, Centre-ville, Apt, Vaucluse, Provence-Alpes-Côte d'Azur, France métropolitaine, 84400, France",edifice
FRAD084_07FI003_0072.jpg,[vers 1930],"Dimensions 9 x 14 cm

Données techniques Carte postale avec bordure, sépia. Aspect mat",9 x 14 cm,"Carte postale avec bordure, sépia. Aspect mat",Don des Archives départementales des Bouches-du-Rhône (2002),église cathédrale,"Apt (Vaucluse, France)","Apt (Vaucluse, France) -- Cathédrale Sainte-Anne",43.879393265,5.38921757843,84003.0,Apt,0.95,Aucun lieu-dit,Sainte-Anne d'Apt,"Coll. Bureau de la Presse Catholique
APT (Vaucluse). — Sainte-Anne d'Apt. — Intérieur de l'Église (XIe siècle).","43.8757701, 5.3967991","Rue Sainte-Anne, Centre-ville, Apt, Vaucluse, Provence-Alpes-Côte d'Azur, France métropolitaine, 84400, France",monument_uniformise
FRAD084_07FI003_0011.jpg,[vers 1900],"Dimensions 9 x 14 cm

Données techniques Carte postale nuage, noir et blanc. Aspect mat",9 x 14 cm,"Carte postale nuage, noir et blanc. Aspect mat",,église cathédrale,"Apt (Vaucluse, France)","Apt (Vaucluse, France) -- Cathédrale Sainte-Anne",43.879393265,5.38921757843,84003.0,Apt,0.95,Aucun lieu-dit,Tombeaux,APT. — Eglise. Tombeaux (face Sud).,"43.8761372, 5.3972142","Cathédrale Sainte-Anne, Rue des Marchands, Centre-ville, Apt, Vaucluse, Provence-Alpes-Côte d'Azur, France métropolitaine, 84400, France",edifice
FRAD084_07FI003_0012.jpg,[vers 1900],"Dimensions 9 x 14 cm

Données techniques Carte postale avec bordure, sépia. Aspect mat",9 x 14 cm,"Carte postale avec bordure, sépia. Aspect mat",,église cathédrale,"Apt (Vaucluse, France)","Apt (Vaucluse, France) -- Cathédrale Sainte-Anne",43.879393265,5.38921757843,84003.0,Apt,0.95,Sainte-Anne d'Apt,Tombeau du IVe siècle,APT (Vaucluse). — Sainte-Anne d'Apt - Tombeau du IVe siècle.,"43.8761372, 5.3972142","Cathédrale Sainte-Anne, Rue des Marchands, Centre-ville, Apt, Vaucluse, Provence-Alpes-Côte d'Azur, France métropolitaine, 84400, France",edifice
FRAD084_07FI003_0009.jpg,[vers 1930],"Dimensions 9 x 14 cm

Données techniques Carte postale avec bordure, sépia. Aspect mat",9 x 14 cm,"Carte postale avec bordure, sépia. Aspect mat",,église cathédrale,"Apt (Vaucluse, France)","Apt (Vaucluse, France) -- Cathédrale Sainte-Anne",43.879393265,5.38921757843,84003.0,,0.95,Aucun lieu-dit,Eglise de None,JOSEPH PLATROCELLI,"43.879393265, 5.38921757843",,commune (fallback)
FRAD084_07FI003_0010.jpg,[vers 1930],"Dimensions 9 x 14 cm

Données techniques Carte postale avec bordure, sépia. Aspect mat",9 x 14 cm,"Carte postale avec bordure, sépia. Aspect mat",,église cathédrale,"Apt (Vaucluse, France)","Apt (Vaucluse, France) -- Cathédrale Sainte-Anne",43.879393265,5.38921757843,84003.0,,0.95,Aucun lieu-dit,Aucun monument,,"43.879393265, 5.38921757843",,commune (fallback)
FRAD084_07FI003_0073.jpg,[vers 1930],"Dimensions 9 x 14 cm

Données techniques Carte postale avec bordure, sépia. Aspect mat",9 x 14 cm,"Carte postale avec bordure, sépia. Aspect mat",Don des Archives départementales des Bouches-du-Rhône (2002),église cathédrale,"Apt (Vaucluse, France)","Apt (Vaucluse, France) -- Cathédrale Sainte-Anne",43.879393265,5.38921757843,84003.0,Apt,0.95,Aucun lieu-dit,Crypte supérieure,"Coll. Bureau de la Presse Catholique
APT (Vaucluse). — Sainte-Anne d'Apt. - Crypte supérieure (XIe siècle).","43.8761372, 5.3972142","Cathédrale Sainte-Anne, Rue des Marchands, Centre-ville, Apt, Vaucluse, Provence-Alpes-Côte d'Azur, France métropolitaine, 84400, France",edifice
FRAD084_07FI003_0074.jpg,[vers 1930],"Dimensions 9 x 14 cm

Données techniques Carte postale avec bordure, sépia. Aspect mat",9 x 14 cm,"Carte postale avec bordure, sépia. Aspect mat",Don des Archives départementales des Bouches-du-Rhône (2002),église cathédrale,"Apt (Vaucluse, France)","Apt (Vaucluse, France) -- Cathédrale Sainte-Anne",43.879393265,5.38921757843,84003.0,Apt,0.95,Sainte-Anne d'Apt,Crypte inférieure,"Coll. Bureau de la Presse Catholique
APT (Vaucluse). - Sainte-Anne d'Apt. - Crypte inférieure (1er siècle).","43.8761372, 5.3972142","Cathédrale Sainte-Anne, Rue des Marchands, Centre-ville, Apt, Vaucluse, Provence-Alpes-Côte d'Azur, France métropolitaine, 84400, France",edifice
FRAD084_07FI003_0014.jpg,[vers 1900],"Dimensions 9 x 14 cm

Données techniques Carte postale nuage, noir et blanc. Aspect mat",9 x 14 cm,"Carte postale nuage, noir et blanc. Aspect mat",,église cathédrale,"Apt (Vaucluse, France)","Apt (Vaucluse, France) -- Cathédrale Sainte-Anne",43.879393265,5.38921757843,84003.0,Apt,0.98,Aucun lieu-dit,Dôme et Chapelle de Sainte-Anne,APT. — Dôme et Chapelle de Sainte-Anne.,"43.8761372, 5.3972142","Cathédrale Sainte-Anne, Rue des Marchands, Centre-ville, Apt, Vaucluse, Provence-Alpes-Côte d'Azur, France métropolitaine, 84400, France",edifice
FRAD084_07FI003_0052_01.jpg,[vers 1900],"Dimensions 9 x 14 cm

Données techniques Carte postale pleine feuille, noir et blanc. Aspect mat",9 x 14 cm,"Carte postale pleine feuille, noir et blanc. Aspect mat",,église cathédrale,"Apt (Vaucluse, France)","Apt (Vaucluse, France) -- Cathédrale Sainte-Anne",43.879393265,5.38921757843,84003.0,Apt,0.95,Aucun lieu-dit,Dôme St-Anne,"APT (Vaucluse) Dôme St-Anne Jouve, librairie - Apt","43.8761372, 5.3972142","Cathédrale Sainte-Anne, Rue des Marchands, Centre-ville, Apt, Vaucluse, Provence-Alpes-Côte d'Azur, France métropolitaine, 84400, France",edifice
FRAD084_07FI003_0056.jpg,[avant 1914],"Dimensions 9 x 14 cm

Données techniques Carte postale pleine feuille, noir et blanc. Aspect mat",9 x 14 cm,"Carte postale pleine feuille, noir et blanc. Aspect mat",,église cathédrale,"Apt (Vaucluse, France)","Apt (Vaucluse, France) -- Cathédrale Sainte-Anne",43.879393265,5.38921757843,84003.0,Apt,0.95,Aucun lieu-dit,La Cathédrale,Phototype J. Lacour Marseille 1554 - Apt - La Cathédrale (Côté Sud),"43.8762072, 5.3968728","Rue de la Cathédrale, Centre-ville, Apt, Vaucluse, Provence-Alpes-Côte d'Azur, France métropolitaine, 84400, France",monument_uniformise
FRAD084_07FI003_0051_01.jpg,[vers 1920],"Dimensions 9 x 14 cm

Données techniques Carte postale avec bordure, noir et blanc. Aspect mat",9 x 14 cm,"Carte postale avec bordure, noir et blanc. Aspect mat",,église cathédrale,"Apt (Vaucluse, France)","Apt (Vaucluse, France) -- Cathédrale Sainte-Anne",43.879393265,5.38921757843,84003.0,Apt,0.98,Aucun lieu-dit,La Cathédrale,"RÉPUBLIQUE FRANÇAISE POSTE 10c Apt — La Cathédrale 8 — Antonin Suau, Libraire à Apt me Geissmann à Dargères par Grandvilliers (Cir.) le 10 Février 1909","43.8762072, 5.3968728","Rue de la Cathédrale, Centre-ville, Apt, Vaucluse, Provence-Alpes-Côte d'Azur, France métropolitaine, 84400, France",monument_uniformise
FRAD084_07FI003_0013.jpg,[avant 1920],"Dimensions 9 x 14 cm

Données techniques Carte postale pleine feuille, noir et blanc. Aspect mat",9 x 14 cm,"Carte postale pleine feuille, noir et blanc. Aspect mat",,église cathédrale,"Apt (Vaucluse, France)","Apt (Vaucluse, France) -- Cathédrale Sainte-Anne",43.879393265,5.38921757843,84003.0,Apt,0.95,Aucun lieu-dit,Crypte inférieure,"Phot. J. Maussier, Avignon
APT — Antrum antiquum ou Crypte inférieure où furent miraculeusement retrouvées les reliques de Sainte Anne, sous Charlemagne. Elles y avaient été cachées à l'époque des invasions des Barbares. Au plafond, deux dalles de l'époque Carolingienne, avec beaux ornements et graphites, remplaçant les dalles brisées par les fouilles","43.8761372, 5.3972142","Cathédrale Sainte-Anne, Rue des Marchands, Centre-ville, Apt, Vaucluse, Provence-Alpes-Côte d'Azur, France métropolitaine, 84400, France",edifice
FRAD084_07FI003_0068.jpg,[vers 1900],"Dimensions 9 x 14 cm

Données techniques Carte postale pleine feuille, noir et blanc. Aspect mat",9 x 14 cm,"Carte postale pleine feuille, noir et blanc. Aspect mat",Don des Archives départementales des Bouches-du-Rhône (2002),église cathédrale,"Apt (Vaucluse, France)","Apt (Vaucluse, France) -- Cathédrale Sainte-Anne",43.879393265,5.38921757843,84003.0,Apt,0.99,Aucun lieu-dit,Chapelle Royale de Sainte-Anne d'Apt,"Chapelle Royale de Sainte-Anne d'Apt
où sont contenues les Saintes Reliques
Photo E. Roffé","43.8761372, 5.3972142","Cathédrale Sainte-Anne, Rue des Marchands, Centre-ville, Apt, Vaucluse, Provence-Alpes-Côte d'Azur, France métropolitaine, 84400, France",edifice
FRAD084_07FI003_0016.jpg,[vers 1900],"Dimensions 9 x 14 cm

Données techniques Carte postale nuage, noir et blanc. Aspect mat",9 x 14 cm,"Carte postale nuage, noir et blanc. Aspect mat",,église cathédrale,"Apt (Vaucluse, France)","Apt (Vaucluse, France) -- Cathédrale Sainte-Anne",43.879393265,5.38921757843,84003.0,Apt,0.98,Aucun lieu-dit,Chapelle Sainte-Anne,"Apt
Intérieur Chapelle Sainte-Anne
colange, lib.-édit., Apt","43.8761372, 5.3972142","Cathédrale Sainte-Anne, Rue des Marchands, Centre-ville, Apt, Vaucluse, Provence-Alpes-Côte d'Azur, France métropolitaine, 84400, France",edifice
FRAD084_07FI003_0017.jpg,[vers 1900],"Dimensions 9 x 14 cm

Données techniques Carte postale nuage, noir et blanc. Aspect mat",9 x 14 cm,"Carte postale nuage, noir et blanc. Aspect mat",,église cathédrale,"Apt (Vaucluse, France)","Apt (Vaucluse, France) -- Cathédrale Sainte-Anne",43.879393265,5.38921757843,84003.0,Apt,0.98,Aucun lieu-dit,Chapelle Royale de Sainte-Anne,APT. — Chapelle Royale de Sainte-Anne Intérieur du Sanctuaire,"43.8761372, 5.3972142","Cathédrale Sainte-Anne, Rue des Marchands, Centre-ville, Apt, Vaucluse, Provence-Alpes-Côte d'Azur, France métropolitaine, 84400, France",edifice
FRAD084_07FI003_0047.jpg,[vers 1920],"Dimensions 9 x 14 cm

Données techniques Carte postale avec bordure, noir et blanc. Aspect mat",9 x 14 cm,"Carte postale avec bordure, noir et blanc. Aspect mat",,église cathédrale,"Apt (Vaucluse, France)","Apt (Vaucluse, France) -- Cathédrale Sainte-Anne",43.879393265,5.38921757843,84003.0,,0.95,Aucun lieu-dit,Eglise de None,,"43.879393265, 5.38921757843",,commune (fallback)
FRAD084_07FI003_0075.jpg,[vers 1930],"Dimensions 9 x 14 cm

Données techniques Carte postale avec bordure, sépia. Aspect mat",9 x 14 cm,"Carte postale avec bordure, sépia. Aspect mat",Don des Archives départementales des Bouches-du-Rhône (2002),église cathédrale,"Apt (Vaucluse, France)","Apt (Vaucluse, France) -- Cathédrale Sainte-Anne",43.879393265,5.38921757843,84003.0,Apt,0.98,Aucun lieu-dit,Statue de Sainte-Anne,Coll. Bureau de la Presse Catholique. APT (Vaucluse). — Sainte-Anne d'Apt. — Statue de Sainte-Anne.,"43.8761372, 5.3972142","Cathédrale Sainte-Anne, Rue des Marchands, Centre-ville, Apt, Vaucluse, Provence-Alpes-Côte d'Azur, France métropolitaine, 84400, France",edifice
FRAD084_07FI003_0032.jpg,[vers 1930],"Dimensions 9 x 14 cm

Données techniques Carte postale avec bordure, sépia. Aspect mat",9 x 14 cm,"Carte postale avec bordure, sépia. Aspect mat",,chapelle,"Apt (Vaucluse, France)","Apt (Vaucluse, France) -- Chapelle Saint-Martian",43.879393265,5.38921757843,84003.0,Apt,0.95,Saint-Martin,Eglise de Saint-Martin,"Col. du Bureau de la Presse Catholique
196. - APT (Vaucluse). - Saint-Martin.","43.859957, 5.5118188","Rue de l'Église, Saint-Martin-de-Castillon, Apt, Vaucluse, Provence-Alpes-Côte d'Azur, France métropolitaine, 84750, France",monument_uniformise
FRAD084_07FI003_0040.jpg,[vers 1950],"Dimensions 9 x 14 cm

Données techniques Carte postale avec bordure, noir et blanc. Aspect brillant",9 x 14 cm,"Carte postale avec bordure, noir et blanc. Aspect brillant",,monument aux morts,"Apt (Vaucluse, France)","Apt (Vaucluse, France) -- Monument aux morts",43.879393265,5.38921757843,84003.0,,0.95,Aucun lieu-dit,Aucun monument,Cuny,"43.879393265, 5.38921757843",,commune (fallback)
FRAD084_07FI003_0048.jpg,[vers 1930],"Dimensions 9 x 14 cm

Données techniques Carte postale avec bordure, sépia. Aspect mat",9 x 14 cm,"Carte postale avec bordure, sépia. Aspect mat",,monument aux morts,"Apt (Vaucluse, France)","Apt (Vaucluse, France) -- Monument aux morts",43.879393265,5.38921757843,84003.0,Apt,0.98,Aucun lieu-dit,Monument aux Morts,"Col. du Bureau de la Presse Catholique
197. - APT (Vaucluse). — Monument aux Morts et le Collège.","43.874541, 5.394711","Monument aux morts, Boulevard National, Apt, Vaucluse, Provence-Alpes-Côte d'Azur, France métropolitaine, 84400, France",monument_uniformise
FRAD084_07FI003_0019.jpg,[avant 1920],"Dimensions 9 x 14 cm

Données techniques Carte postale pleine feuille, noir et blanc. Aspect mat",9 x 14 cm,"Carte postale pleine feuille, noir et blanc. Aspect mat",,porte de ville,"Apt (Vaucluse, France)","Apt (Vaucluse, France) -- Porte de Saignon",43.879393265,5.38921757843,84003.0,Apt,0.95,Saignon,Porte Saignon,"Phototyp. E. Lacour — Marseille
1543 - Apt - Porte Saignon","43.8755691, 5.3997977","Porte de Saignon, Rue Saint-Pierre, Centre-ville, Apt, Vaucluse, Provence-Alpes-Côte d'Azur, France métropolitaine, 84400, France",monument_uniformise
FRAD084_07FI003_0022.jpg,[avant 1920],"Dimensions 9 x 14 cm

Données techniques Carte postale pleine feuille, noir et blanc. Aspect mat",9 x 14 cm,"Carte postale pleine feuille, noir et blanc. Aspect mat",,porte de ville,"Apt (Vaucluse, France)","Apt (Vaucluse, France) -- Porte de Saignon",43.879393265,5.38921757843,84003.0,Apt,0.95,Saignon,Porte de Saignon,"APT (Vaucluse) Porte de Saignon et rue des Marchands BOUILLON KUB CHOCOLAT LOMBART Edition Mauric, tabacs Cliché F. Beau","43.8755691, 5.3997977","Porte de Saignon, Rue Saint-Pierre, Centre-ville, Apt, Vaucluse, Provence-Alpes-Côte d'Azur, France métropolitaine, 84400, France",monument_uniformise
FRAD084_07FI003_0060.jpg,[vers 1930],"Dimensions 9 x 14 cm

Données techniques Carte postale avec bordure, sépia. Aspect mat",9 x 14 cm,"Carte postale avec bordure, sépia. Aspect mat",,beffroi,"Apt (Vaucluse, France)","Apt (Vaucluse, France) -- Tour de l'horloge",43.879393265,5.38921757843,84003.0,Apt,0.99,Aucun lieu-dit,Le Beffroi,"Edition Jouve - Apt
APT (Vaucluse). — Le Beffroi.","43.8759498, 5.3971893","Tour de l'Horloge, Rue des Marchands, Centre-ville, Apt, Vaucluse, Provence-Alpes-Côte d'Azur, France métropolitaine, 84400, France",edifice
FRAD084_07FI003_0046.jpg,[vers 1920],"Dimensions 9 x 14 cm

Données techniques Carte postale avec bordure, noir et blanc. Aspect mat",9 x 14 cm,"Carte postale avec bordure, noir et blanc. Aspect mat",,beffroi,"Apt (Vaucluse, France)","Apt (Vaucluse, France) -- Tour de l'horloge",43.879393265,5.38921757843,84003.0,Avignon,0.95,Aucun lieu-dit,Tour de l'Horloge,COIFFEUR,"43.879393265, 5.38921757843",,commune (fallback)
FRAD084_07FI003_0061.jpg,[vers 1930],"Dimensions 9 x 14 cm

Données techniques Carte postale avec bordure, sépia. Aspect mat",9 x 14 cm,"Carte postale avec bordure, sépia. Aspect mat",,beffroi,"Apt (Vaucluse, France)","Apt (Vaucluse, France) -- Tour de l'horloge",43.879393265,5.38921757843,84003.0,Apt,0.95,Aucun lieu-dit,Porte du Beffroi,"Edition Jouve - Apt
APT (Vaucluse). — Porte du Beffroi et Rue des Marchands.","43.8759498, 5.3971893","Tour de l'Horloge, Rue des Marchands, Centre-ville, Apt, Vaucluse, Provence-Alpes-Côte d'Azur, France métropolitaine, 84400, France",edifice
FRAD084_07FI003_0065.jpg,[vers 1930],"Dimensions 9 x 14 cm

Données techniques Carte postale avec bordure, sépia. Aspect mat",9 x 14 cm,"Carte postale avec bordure, sépia. Aspect mat",Don des Archives départementales des Bouches-du-Rhône (2002),beffroi,"Apt (Vaucluse, France)","Apt (Vaucluse, France) -- Tour de l'horloge",43.879393265,5.38921757843,84003.0,Apt,0.95,Aucun lieu-dit,Le Beffroi,"Coll. Bureau de la Presse Catholique
APT (Vaucluse). — Le Beffroi.","43.8759498, 5.3971893","Tour de l'Horloge, Rue des Marchands, Centre-ville, Apt, Vaucluse, Provence-Alpes-Côte d'Azur, France métropolitaine, 84400, France",edifice
FRAD084_07FI003_0023_01.jpg,[vers 1930],"Dimensions 9 x 14 cm

Données techniques Carte postale avec bordure, verte. Aspect mat",9 x 14 cm,"Carte postale avec bordure, verte. Aspect mat",,rempart,"Apt (Vaucluse, France)","Apt (Vaucluse, France) -- Tour Sainte-Delphine",43.879393265,5.38921757843,84003.0,Apt,0.95,Sainte-Delphine,La Tour Sainte-Delphine,Apt — La Tour Sainte-Delphine — Boulevard National,"43.8763011, 5.3976879","Rue Sainte-Delphine, Centre-ville, Apt, Vaucluse, Provence-Alpes-Côte d'Azur, France métropolitaine, 84400, France",hameau
FRAD084_07FI003_0076.jpg,[vers 1930],"Dimensions 9 x 14 cm

Données techniques Carte postale avec bordure, sépia. Aspect mat",9 x 14 cm,"Carte postale avec bordure, sépia. Aspect mat",Don des Archives départementales des Bouches-du-Rhône (2002),rempart,"Apt (Vaucluse, France)","Apt (Vaucluse, France) -- Tour Sainte-Delphine",43.879393265,5.38921757843,84003.0,Apt,0.99,Aucun lieu-dit,Tour Sainte-Delphine,APT (Vaucluse). — La Tour Sainte-Delphine.,"43.879393265, 5.38921757843",,commune (fallback)
FRAD084_07FI003_0034.jpg,[vers 1950],"Dimensions 9 x 14 cm

Données techniques Carte postale bords dentelés, noir et blanc. Aspect brillant",9 x 14 cm,"Carte postale bords dentelés, noir et blanc. Aspect brillant",,rempart,"Apt (Vaucluse, France)","Apt (Vaucluse, France) -- Tour Sainte-Delphine",43.879393265,5.38921757843,84003.0,,0.99,Aucun lieu-dit,Aucun monument,,"43.879393265, 5.38921757843",,commune (fallback)
FRAD084_07FI003_0020.jpg,[vers 1900],"Dimensions 9 x 14 cm

Données techniques Carte postale avec bordure, noir et blanc. Aspect mat",9 x 14 cm,"Carte postale avec bordure, noir et blanc. Aspect mat",,voie communale,"Apt (Vaucluse, France)",,43.879393265,5.38921757843,84003.0,Apt,0.95,Rue des Marchands,Aucun monument,"Apt
Rue des Marchands
Colange, lib.-édit., Apt - Phototype A. Fergeret et Cie, Nancy","43.8759178, 5.3974866","Rue des Marchands, Centre-ville, Apt, Vaucluse, Provence-Alpes-Côte d'Azur, France métropolitaine, 84400, France",hameau
FRAD084_07FI003_0021_01.jpg,[vers 1900],"Dimensions 9 x 14 cm

Données techniques Carte postale pleine feuille, noir et blanc. Aspect mat.",9 x 14 cm,"Carte postale pleine feuille, noir et blanc. Aspect mat.",,voie communale,"Apt (Vaucluse, France)","Apt (Vaucluse, France) -- Tour de l'horloge",43.879393265,5.38921757843,84003.0,Apt,0.95,Rue des Marchands,Tour de l'Horloge,"25 Janvier 1907 & Chai/par/verf

5c POSTES

PHARMACIE
C. SERRE

Phototypie E. Lacour,
Apt - 1553 - Rue des Marchands & Tour de l'Horloge","43.8759498, 5.3971893","Tour de l'Horloge, Rue des Marchands, Centre-ville, Apt, Vaucluse, Provence-Alpes-Côte d'Azur, France métropolitaine, 84400, France",monument_uniformise
FRAD084_07FI003_0064_01.jpg,[avant 1920],"Dimensions 9 x 14 cm

Données techniques Carte postale pleine feuille, noir et blanc. Aspect mat",9 x 14 cm,"Carte postale pleine feuille, noir et blanc. Aspect mat",Don des Archives départementales des Bouches-du-Rhône (2002),voie communale,"Apt (Vaucluse, France)","Apt (Vaucluse, France) -- Tour de l'horloge",43.879393265,5.38921757843,84003.0,Apt,0.95,Aucun lieu-dit,Beffroi,"Jouve, librairie, Apt
APT (Vaucluse) — Rue des Marchands et le Beffroi","43.9025956, 5.2926649","Beffroi, Rue de l'Église, Roussillon, Apt, Vaucluse, Provence-Alpes-Côte d'Azur, France métropolitaine, 84220, France",monument_uniformise
FRAD084_07FI003_0062.jpg,[vers 1930],"Dimensions 9 x 14 cm

Données techniques Carte postale pleine feuille, noir et blanc. Aspect mat",9 x 14 cm,"Carte postale pleine feuille, noir et blanc. Aspect mat",,voie communale,"Apt (Vaucluse, France)","Apt (Vaucluse, France) -- Tour de l'horloge",43.879393265,5.38921757843,84003.0,Apt,0.95,Rue des Marchands,Porte de l'Horloge,APT (Vaucluse) — Rue des Marchands — Porte de l'Horloge,"43.8759498, 5.3971893","Tour de l'Horloge, Rue des Marchands, Centre-ville, Apt, Vaucluse, Provence-Alpes-Côte d'Azur, France métropolitaine, 84400, France",edifice
FRAD084_07FI003_0029.jpg,[vers 1900],"Dimensions 9 x 14 cm

Données techniques Carte postale nuage, noir et blanc. Aspect mat",9 x 14 cm,"Carte postale nuage, noir et blanc. Aspect mat",,voie communale,"Apt (Vaucluse, France)",,43.879393265,5.38921757843,84003.0,Apt,0.95,Aucun lieu-dit,Aucun monument,"Apt
Avenue Philippe de Girard
Phototype A. Bergeret et Cie, Nancy
colange, lith.-edt., Apt","43.879393265, 5.38921757843",,commune (fallback)
FRAD084_07FI003_0031.jpg,[avant 1920],"Dimensions 9 x 14 cm

Données techniques Carte postale pleine feuille, noir et blanc. Aspect mat",9 x 14 cm,"Carte postale pleine feuille, noir et blanc. Aspect mat",,voie communale,"Apt (Vaucluse, France)",,43.879393265,5.38921757843,84003.0,Apt,0.98,Aucun lieu-dit,Avenue Philippe de Girard,"Phototyp E. Lacour. — Marseille
1548 - Apt - Avenue Philippe de Girard","43.8762118, 5.3888523","Avenue Philippe de Girard, Apt, Vaucluse, Provence-Alpes-Côte d'Azur, France métropolitaine, 84400, France",monument_uniformise
FRAD084_07FI003_0025.jpg,[vers 1900],"Dimensions 9 x 14 cm

Données techniques Carte postale nuage, verdâtre. Aspect mat",9 x 14 cm,"Carte postale nuage, verdâtre. Aspect mat",,place publique,"Apt (Vaucluse, France)",,43.879393265,5.38921757843,84003.0,Apt,0.98,Aucun lieu-dit,Place de la Bouquerie,"Apt
Colange lib. édit. Apt - Phototype A. Bergeret et Cie, Nancy
CAFE BELLE
BOYER
HOTEL LOUVRE
EDITURES
VOLONTE
OMNIBUS
A tous les trains
Place de la Bouquerie","43.8764445, 5.3936945","Place de la Bouquerie, Apt, Vaucluse, Provence-Alpes-Côte d'Azur, France métropolitaine, 84400, France",monument_uniformise
FRAD084_07FI003_0026.jpg,[vers 1930],"Dimensions 9 x 14 cm

Données techniques Carte postale avec bordure, sépia. Aspect mat",9 x 14 cm,"Carte postale avec bordure, sépia. Aspect mat",,place publique,"Apt (Vaucluse, France)",,43.879393265,5.38921757843,84003.0,Apt,0.95,Place Bouquerie,Aucun monument,"Col. Bureau de la Presse Catholique
APT (Vaucluse) — Place Bouquerie.","43.8763287, 5.3934172","Bistrot Le France, Place de la Bouquerie, Apt, Vaucluse, Provence-Alpes-Côte d'Azur, France métropolitaine, 84400, France",hameau
FRAD084_07FI003_0044.jpg,[vers 1950],"Dimensions 9 x 14 cm

Données techniques Carte postale avec bordure, noir et blanc. Aspect brillant",9 x 14 cm,"Carte postale avec bordure, noir et blanc. Aspect brillant",,place publique,"Apt (Vaucluse, France)",,43.879393265,5.38921757843,84003.0,Cavaillon,0.95,Aucun lieu-dit,Café du Palais,Café du Palais,"43.879393265, 5.38921757843",,commune (fallback)
FRAD084_07FI003_0078.jpg,[vers 1900],"Dimensions 9 x 14 cm

Données techniques Carte postale pleine feuille, noir et blanc. Aspect mat",9 x 14 cm,"Carte postale pleine feuille, noir et blanc. Aspect mat",Don des Archives départementales des Bouches-du-Rhône (2002),fontaine,"Apt (Vaucluse, France)","Apt (Vaucluse, France) -- Fontaine Saint-Pierre",43.879393265,5.38921757843,84003.0,Apt,0.95,Aucun lieu-dit,Fontaine & Place St-Pierre,"Edition A Suau, libraire, Apt (52)
Apt - Fontaine & Place St-Pierre","43.879393265, 5.38921757843",,commune (fallback)
FRAD084_07FI003_0024.jpg,[vers 1900],"Dimensions 9 x 14 cm

Données techniques Carte postale avec bordure, noir et blanc. Aspect mat",9 x 14 cm,"Carte postale avec bordure, noir et blanc. Aspect mat",,fontaine,"Apt (Vaucluse, France)","Apt (Vaucluse, France) -- Fontaine Saint-Pierre",43.879393265,5.38921757843,84003.0,Apt,0.95,Aucun lieu-dit,Fontaine Saint-Pierre,"Colange, lib. édtt., Apt
Fontaine Saint-Pierre
Apt","43.879393265, 5.38921757843",,commune (fallback)
FRAD084_07FI003_0049.jpg,[vers 1930],"Dimensions 9 x 14 cm

Données techniques Carte postale avec bordure, verdâtre. Aspect mat",9 x 14 cm,"Carte postale avec bordure, verdâtre. Aspect mat",,fontaine,"Apt (Vaucluse, France)","Apt (Vaucluse, France) -- Fontaine",43.879393265,5.38921757843,84003.0,Apt,0.95,Lauze-de-Perret,Fontaine,Apt — Fontaine du Cours Lauze-de-Perret,"43.8760482, 5.3953287","Fontaine, Rue des Marchands, Centre-ville, Apt, Vaucluse, Provence-Alpes-Côte d'Azur, France métropolitaine, 84400, France",monument_uniformise
FRAD084_07FI003_0030_01.jpg,[avant 1920],"Dimensions 9 x 14 cm

Données techniques Carte postale pleine feuille, noir et blanc. Aspect mat",9 x 14 cm,"Carte postale pleine feuille, noir et blanc. Aspect mat",,jeu de boules,"Apt (Vaucluse, France)",,43.879393265,5.38921757843,84003.0,Apt,0.95,Rond-Point de la Madeleine,Aucun monument,"Edit. Suau, librairie Apt
APT — Le Rond-Point de la Madeleine et le Jeu de Boules","43.879393265, 5.38921757843",,commune (fallback)
FRAD084_07FI003_0028.jpg,[vers 1900],"Dimensions 9 x 14 cm

Données techniques Carte postale nuage, noir et blanc. Aspect mat",9 x 14 cm,"Carte postale nuage, noir et blanc. Aspect mat",,pont,"Apt (Vaucluse, France)","Apt (Vaucluse, France) -- Viaduc",43.879393265,5.38921757843,84003.0,Apt,0.95,Aucun lieu-dit,Viaduc,"Apt
Colange, 11b.-édit., Apt
Viaduc","43.8868849, 5.3806539","Avenue du Viaduc, Parc Sollier, Apt, Vaucluse, Provence-Alpes-Côte d'Azur, France métropolitaine, 84400, France",monument_uniformise
FRAD084_07FI003_0045.jpg,[vers 1950],"Dimensions 9 x 14 cm

Données techniques Carte postale avec bordure, noir et blanc. Aspect brillant",9 x 14 cm,"Carte postale avec bordure, noir et blanc. Aspect brillant",,cours d'eau,"Apt (Vaucluse, France)","Apt (Vaucluse, France) -- Pont de la Bouquerie",43.879393265,5.38921757843,84003.0,,0.95,Aucun lieu-dit,Aucun monument,F.P.,"43.879393265, 5.38921757843",,commune (fallback)
FRAD084_07FI003_0050.jpg,[vers 1930],"Dimensions 9 x 14 cm

Données techniques Carte postale avec bordure, sépia. Aspect mat",9 x 14 cm,"Carte postale avec bordure, sépia. Aspect mat",,,"Apt (Vaucluse, France)",,43.879393265,5.38921757843,84003.0,Apt,0.95,Notre-Dame de la Garde,Les Pins,"Col. du Bureau de la Presse Catholique
195. - APT (Vaucluse). — Les Pins à Notre-Dame de la Garde.","43.9308365, 5.3677192","Les Pins, Saint-Saturnin-lès-Apt, Apt, Vaucluse, Provence-Alpes-Côte d'Azur, France métropolitaine, 84490, France",monument_uniformise
FRAD084_07FI003_0033.jpg,[vers 1930],"Dimensions 9 x 14 cm

Données techniques Carte postale pleine feuille, sépia. Aspect mat",9 x 14 cm,"Carte postale pleine feuille, sépia. Aspect mat",,industrie agro-alimentaire,"Apt (Vaucluse, France)",,43.879393265,5.38921757843,84003.0,Apt,0.99,Aucun lieu-dit,Aucun monument,Phototyp. E. Lacour — Marseille 1539 Apt - Intérieur d'une Fabrique de Fruits Confits,"43.879393265, 5.38921757843",,commune (fallback)
FRAD084_07FI003_0041_01.jpg,[avant 1920],"Dimensions 9 x 14 cm

Données techniques Carte postale pleine feuille, noir et blanc. Aspect mat",9 x 14 cm,"Carte postale pleine feuille, noir et blanc. Aspect mat",,établissement bancaire,"Apt (Vaucluse, France)",,43.879393265,5.38921757843,84003.0,Apt,0.98,Aucun lieu-dit,Caisse d'Epargne,"APT - Caisse d'Epargne
Deux grandes Façades construites en pierre de
MÉNERBES, provenant des grandes
carrières de Mr JURY VÉRAN, maître
carrier à MÉNERBES (Vaucluse)
(Avignon 3 Décembre
1913
Félix DÉVAUX Sculpteur - Avignon
Edlt, Prévot, Avignon","43.7285155, 5.3709586","Caisse d’Epargne, Rue Ceux de Dien-Bien-Phu, Cadenet, Apt, Vaucluse, Provence-Alpes-Côte d'Azur, France métropolitaine, 84160, France",monument_uniformise
FRAD084_7FI_005_0001.jpg,[vers 1960],"Dimensions 10 x 15 cm

Données techniques Carte postale cliché aérien, bords dentelés, couleur. Aspect brillant",10 x 15 cm,"Carte postale cliché aérien, bords dentelés, couleur. Aspect brillant",,,"Aurel (Vaucluse, France)",,44.1381264678,5.39633326209,84005.0,,0.95,Lom,Aucun monument,Lom,"44.1381264678, 5.39633326209",,commune (fallback)
FRAD084_07FI007_0045.jpg,[avant 1920],"Dimensions 9 x 14 cm

Données techniques Carte postale pleine feuille, noir et blanc. Aspect mat",9 x 14 cm,"Carte postale pleine feuille, noir et blanc. Aspect mat",,,"Avignon (Vaucluse, France)",,43.9352448339,4.84071572505,84007.0,Avignon,0.95,Aucun lieu-dit,Aucun monument,"P. Rosant, édit. Avignon 15. Panorama d'AVIGNON","43.9352448339, 4.84071572505",,commune (fallback)
FRAD084_07FI007_0191.jpg,[avant 1920],"Dimensions 9 x 14 cm

Données techniques Carte postale pleine feuille, noir et blanc. Aspect mat",9 x 14 cm,"Carte postale pleine feuille, noir et blanc. Aspect mat","Don de la bibliothèque Forney, Paris",,"Avignon (Vaucluse, France)",,43.9352448339,4.84071572505,84007.0,Avignon,0.95,Aucun lieu-dit,Hôtel de Ville,"12. AVIGNON. — Vue générale, prise de l'Hôtel-de-Ville.","43.9492831, 4.8052598","Hôtel de Ville, 15, Place de l'Horloge, Jaurès - République, Quartier Centre, Avignon, Vaucluse, Provence-Alpes-Côte d'Azur, France métropolitaine, 84000, France",monument_uniformise
FRAD084_07FI007_0058.jpg,[avant 1920],"Dimensions 9 x 14 cm

Données techniques Cate postale pleine feuille, noir et blanc. Aspect mat",9 x 14 cm,"Cate postale pleine feuille, noir et blanc. Aspect mat",,,"Avignon (Vaucluse, France)",,43.9352448339,4.84071572505,84007.0,Avignon,0.98,Aucun lieu-dit,Palais des Papes,2078. AVIGNON. Panorama du Palais des Papes. L★,"43.9507082, 4.8076851","Palais des Papes, Place du Palais, Jaurès - République, Quartier Centre, Avignon, Vaucluse, Provence-Alpes-Côte d'Azur, France métropolitaine, 84000, France",monument_uniformise
FRAD084_07FI007_0044_01.jpg,[vers 1930],"Dimensions 9 x 14 cm

Données techniques Carte postale avec bordure, sépia. Aspect mat",9 x 14 cm,"Carte postale avec bordure, sépia. Aspect mat",,,"Avignon (Vaucluse, France)",,43.9352448339,4.84071572505,84007.0,Avignon,0.95,Aucun lieu-dit,Aucun monument,AVIGNON. - Vue générale IDEALE M. F. B.,"43.9352448339, 4.84071572505",,commune (fallback)
FRAD084_07FI007_0060.jpg,[avant 1920],"Dimensions 9 x 14 cm

Données techniques Carte postale pleine feuille, noir et blanc. Aspect mat",9 x 14 cm,"Carte postale pleine feuille, noir et blanc. Aspect mat",,,"Avignon (Vaucluse, France)","Avignon (Vaucluse, France) -- Rempart",43.9352448339,4.84071572505,84007.0,Avignon,0.98,Aucun lieu-dit,Palais des Papes,AVIGNON. - Palais des Papes - Les Remparts et le Rhône,"43.9507082, 4.8076851","Palais des Papes, Place du Palais, Jaurès - République, Quartier Centre, Avignon, Vaucluse, Provence-Alpes-Côte d'Azur, France métropolitaine, 84000, France",monument_uniformise
FRAD084_07FI007_0029_01.jpg,[avant 1920],"Dimensions 9 x 14 cm

Données techniques Carte postale pleine feuille, noir et blanc. Aspect mat",9 x 14 cm,"Carte postale pleine feuille, noir et blanc. Aspect mat",,,"Avignon (Vaucluse, France)",,43.9352448339,4.84071572505,84007.0,Avignon,0.99,Aucun lieu-dit,Aucun monument,mardi matin. 2. — Avignon. — Vue générale. Photo. H. Férot.,"43.9352448339, 4.84071572505",,commune (fallback)
FRAD084_07FI007_0019_01.jpg,[vers 1900],"Dimensions 9 x 14 cm

Données techniques Carte postale bord dentelé, sépia. Aspect mat",9 x 14 cm,"Carte postale bord dentelé, sépia. Aspect mat",,,"Avignon (Vaucluse, France)",,43.9352448339,4.84071572505,84007.0,Avignon,0.95,Aucun lieu-dit,Château,Avignon en 1550. — Vue et perspective de la Ville et du Château au XVIe siècle. Le Rosne B. Tous les temps XIX. occats 1300,"43.9451691, 4.9856951","Château de Thouzon, Chemin de la Ruine, Le Thor, Avignon, Vaucluse, Provence-Alpes-Côte d'Azur, France métropolitaine, 84250, France",monument_uniformise
FRAD084_07FI007_0020.jpg,[vers 1930],"Dimensions 9 x 14 cm

Données techniques Carte postale avec bordure, noir et blanc. Aspect mat",9 x 14 cm,"Carte postale avec bordure, noir et blanc. Aspect mat",,,"Avignon (Vaucluse, France)",,43.9352448339,4.84071572505,84007.0,Avignon,0.98,Aucun lieu-dit,Palais des Papes,9. - AVIGNON et le Palais des Papes en 1580 (d'après une gravure),"43.9507082, 4.8076851","Palais des Papes, Place du Palais, Jaurès - République, Quartier Centre, Avignon, Vaucluse, Provence-Alpes-Côte d'Azur, France métropolitaine, 84000, France",monument_uniformise
FRAD084_07FI007_0054.jpg,[avant 1920],"Dimensions 9 x 14 cm

Données techniques Carte postale pleine feuille, noir et blanc. Aspect mat",9 x 14 cm,"Carte postale pleine feuille, noir et blanc. Aspect mat",,,"Avignon (Vaucluse, France)",,43.9352448339,4.84071572505,84007.0,Avignon,0.95,Aucun lieu-dit,Aucun monument,"Edit. Prévot, Avignon. AVIGNON - Vue Générale","43.9352448339, 4.84071572505",,commune (fallback)
FRAD084_07FI007_0055.jpg,[avant 1920],"Dimensions 9 x 14 cm

Données techniques Carte postale pleine feuille, noir et blanc. Aspect mat",9 x 14 cm,"Carte postale pleine feuille, noir et blanc. Aspect mat",,,"Avignon (Vaucluse, France)",,43.9352448339,4.84071572505,84007.0,Avignon,0.98,Aucun lieu-dit,Palais des Papes,AVIGNON. — Vue d'ensemble et perspective du Rhône prise du Palais des Papes.,"43.9507082, 4.8076851","Palais des Papes, Place du Palais, Jaurès - République, Quartier Centre, Avignon, Vaucluse, Provence-Alpes-Côte d'Azur, France métropolitaine, 84000, France",monument_uniformise
FRAD084_07FI007_0011.jpg,[vers 1900],"Dimensions 9 x 14 cm

Données techniques Carte postale avec bordure, noir et blanc. Aspect mat",9 x 14 cm,"Carte postale avec bordure, noir et blanc. Aspect mat",,,"Avignon (Vaucluse, France)","Avignon (Vaucluse, France) -- Tour de Saint-Jean-le-Vieux",43.9352448339,4.84071572505,84007.0,Avignon,0.95,Place Pie,Tour Saint-Jean,"Collection J. G. 11. Avignon. Tour Saint-Jean, Place Pie.","43.9485695, 4.810018","Tour Saint-Jean-le-Vieux, Place Pie Saint-Jean le Vieux, Jaurès - République, Quartier Centre, Avignon, Vaucluse, Provence-Alpes-Côte d'Azur, France métropolitaine, 84000, France",monument_uniformise
FRAD084_07FI007_0007.jpg,[vers 1900],,,,,,"Avignon (Vaucluse, France)","Avignon (Vaucluse, France) -- Hôtel des monnaies",43.9352448339,4.84071572505,84007.0,Avignon,0.98,Aucun lieu-dit,Ancien Hôtel des Monnaies,"7. Avignon. Ancien Hôtel des Monnaies, Place du Palais. Collection J. G.","43.9506792, 4.8062224","Ostau deis Monedas, Rue de la Monnaie, Jaurès - République, Quartier Centre, Avignon, Vaucluse, Provence-Alpes-Côte d'Azur, France métropolitaine, 84000, France",edifice
FRAD084_07FI007_0005.jpg,[vers 1900],"Dimensions 9 x 14 cm

Données techniques Carte postale avec bordure, aspect mat",9 x 14 cm,"Carte postale avec bordure, aspect mat",,,"Avignon (Vaucluse, France)","Avignon (Vaucluse, France) -- Monument du Centenaire",43.9352448339,4.84071572505,84007.0,Avignon,0.98,Aucun lieu-dit,Monument du Centenaire de l'annexion du Comtat-Venaissin à la France,"Collection J. G. 5. Avignon. Monument du Centenaire de l'annexion du Comtat-Venaissin à la France, inauguré en 1891.","43.9473264, 4.7992785","Statue du Centenaire, Boulevard Saint-Dominique, Joseph Vernet, Quartier Centre, Avignon, Vaucluse, Provence-Alpes-Côte d'Azur, France métropolitaine, 84000, France",edifice
FRAD084_07FI007_0004.jpg,[vers 1900],"Dimensions 9 x 14 cm

Données techniques Carte postale avec bordure, noir et blanc. Aspect mat",9 x 14 cm,"Carte postale avec bordure, noir et blanc. Aspect mat",,,"Avignon (Vaucluse, France)",,43.9352448339,4.84071572505,84007.0,Avignon,0.95,Aucun lieu-dit,Aucun monument,4. Avignon. Avenue de la Gare. Collection J. G.,"43.9352448339, 4.84071572505",,commune (fallback)
FRAD084_07FI007_0008.jpg,[vers 1900],"Dimensions 9 x 14 cm

Données techniques Carte postale avec bordure, noir et blanc. Aspect mat",9 x 14 cm,"Carte postale avec bordure, noir et blanc. Aspect mat",,,"Avignon (Vaucluse, France)","Avignon (Vaucluse, France) -- Statue de Crillon le brave",43.9352448339,4.84071572505,84007.0,Avignon,0.95,Aucun lieu-dit,Le Brave Crillon,"8. Avignon. Le Brave Crillon, Place du Palais. Collection J. G.","43.9352448339, 4.84071572505",,commune (fallback)
FRAD084_07FI007_0012.jpg,[vers 1900],"Dimensions 9 x 14 cm

Données techniques Carte postale avec bordure, noir et blanc. Aspect mat",9 x 14 cm,"Carte postale avec bordure, noir et blanc. Aspect mat",,,"Avignon (Vaucluse, France)","Avignon (Vaucluse, France) -- Tour du Jacquemart",43.9352448339,4.84071572505,84007.0,Avignon,0.98,Aucun lieu-dit,Clocher de Jacquemart,Collection J. G. 12. Avignon. Le Clocher de Jacquemart.,"43.9352448339, 4.84071572505",,commune (fallback)
FRAD084_07FI007_0009.jpg,[vers 1900],"Dimensions 9 x 14 cm

Données techniques Carte postale pleine feuille, noir et blanc. Aspect mat",9 x 14 cm,"Carte postale pleine feuille, noir et blanc. Aspect mat",,,"Avignon (Vaucluse, France)","Avignon (Vaucluse, France) -- Statue de la Vénus aux hirondelles",43.9352448339,4.84071572505,84007.0,Rocher des Dons,0.95,Aucun lieu-dit,Le Départ des Hirondelles,9. Le Départ des Hirondelles. Rocher des Dons. Collection J. G. de Sclyon,"43.9352448339, 4.84071572505",,commune (fallback)
FRAD084_07FI007_0053_01.jpg,[avant 1920],"Dimensions 9 x 14 cm

Données techniques Carte postale 9 vues, noir et blanc. Aspect mat",9 x 14 cm,"Carte postale 9 vues, noir et blanc. Aspect mat",,,"Avignon (Vaucluse, France)",,43.9352448339,4.84071572505,84007.0,Avignon,0.99,Aucun lieu-dit,Aucun monument,2015. Souvenir d'Avignon,"43.9352448339, 4.84071572505",,commune (fallback)
FRAD084_07FI007_0010.jpg,[vers 1900],"Dimensions 9 x 14 cm

Données techniques Carte postale avec bordure, noir et blanc. Aspect mat",9 x 14 cm,"Carte postale avec bordure, noir et blanc. Aspect mat",,,"Avignon (Vaucluse, France)","Avignon (Vaucluse, France) -- Statue La lutte",43.9352448339,4.84071572505,84007.0,Avignon,0.95,Aucun lieu-dit,Les Lutteurs,"10. Avignon. Les Lutteurs, de Charpentier. Jardin des plantes.","43.9352448339, 4.84071572505",,commune (fallback)
FRAD084_07FI007_0001.jpg,[vers 1900],"Dimensions 9 x 14 cm

Données techniques Carte postale avec bordure, noir et blanc. Aspect mat",9 x 14 cm,"Carte postale avec bordure, noir et blanc. Aspect mat",,,"Avignon (Vaucluse, France)",,43.9352448339,4.84071572505,84007.0,Avignon,0.95,Bartelasse,Aucun monument,"1. Avignon, vue prise de la Bartelasse. Collection J. G.","43.9352448339, 4.84071572505",,commune (fallback)
FRAD084_07FI007_0024_01.jpg,[avant 1920],"Dimensions 9 x 14 cm

Données techniques Carte postale pleine feuille, noir et blanc. Aspect mat",9 x 14 cm,"Carte postale pleine feuille, noir et blanc. Aspect mat",,,"Avignon (Vaucluse, France)","Avignon (Vaucluse, France) -- Palais des Papes",43.9352448339,4.84071572505,84007.0,Avignon,0.98,Barthelasse,Aucun monument,"4. AVIGNON. - Vue générale prise de Barthelasse ÉDITION A. BENET, AVIGNON","43.9507082, 4.8076851","Palais des Papes, Place du Palais, Jaurès - République, Quartier Centre, Avignon, Vaucluse, Provence-Alpes-Côte d'Azur, France métropolitaine, 84000, France",edifice
FRAD084_07FI007_0075.jpg,[vers 1960],"Dimensions 9 x 14 cm

Données techniques Carte postale avec bordure, noir et blanc. Aspect brillant",9 x 14 cm,"Carte postale avec bordure, noir et blanc. Aspect brillant",,,"Avignon (Vaucluse, France)","Avignon (Vaucluse, France) -- Palais des Papes",43.9352448339,4.84071572505,84007.0,Avignon,0.95,Aucun lieu-dit,Aucun monument,Jvoz7,"43.9507082, 4.8076851","Palais des Papes, Place du Palais, Jaurès - République, Quartier Centre, Avignon, Vaucluse, Provence-Alpes-Côte d'Azur, France métropolitaine, 84000, France",edifice
FRAD084_07FI007_0056.jpg,[avant 1920],"Dimensions 9 x 14 cm

Données techniques Carte postale pleine feuille, noir et blanc. Aspect mat",9 x 14 cm,"Carte postale pleine feuille, noir et blanc. Aspect mat",,,"Avignon (Vaucluse, France)","Avignon (Vaucluse, France) -- Palais des Papes",43.9352448339,4.84071572505,84007.0,Avignon,0.95,Ile de la Bartbelasse,Aucun monument,AVIGNON. — Vue prise de l'Ile de la Bartbelasse. — ND Phot,"43.9507082, 4.8076851","Palais des Papes, Place du Palais, Jaurès - République, Quartier Centre, Avignon, Vaucluse, Provence-Alpes-Côte d'Azur, France métropolitaine, 84000, France",edifice
FRAD084_07FI007_0037.jpg,[vers 1930],"Dimensions 9 x 14 cm

Données techniques Carte postale pleine feuille, noir et blanc. Aspect mat",9 x 14 cm,"Carte postale pleine feuille, noir et blanc. Aspect mat",,,"Avignon (Vaucluse, France)","Avignon (Vaucluse, France) -- Palais des Papes",43.9352448339,4.84071572505,84007.0,Avignon,0.95,Brèche de la Comtadine,Tour de Villeneuve,"AVIGNON. — Vue générale (prise de la Brèche de la Comtadine, près la Tour de Villeneuve).","43.9507082, 4.8076851","Palais des Papes, Place du Palais, Jaurès - République, Quartier Centre, Avignon, Vaucluse, Provence-Alpes-Côte d'Azur, France métropolitaine, 84000, France",edifice
FRAD084_07FI007_0057_01.jpg,[avant 1920],"Dimensions 9 x 14 cm

Données techniques Carte postale pleine feuille, noir et blanc. Aspect mat",9 x 14 cm,"Carte postale pleine feuille, noir et blanc. Aspect mat",,,"Avignon (Vaucluse, France)","Avignon (Vaucluse, France) -- Palais des Papes",43.9352448339,4.84071572505,84007.0,Avignon,0.99,Aucun lieu-dit,Palais des Papes,21. AVIGNON — Panorama du Palais des Papes,"43.9507082, 4.8076851","Palais des Papes, Place du Palais, Jaurès - République, Quartier Centre, Avignon, Vaucluse, Provence-Alpes-Côte d'Azur, France métropolitaine, 84000, France",monument_uniformise
FRAD084_07FI007_0033.jpg,[avant 1920],"Dimensions 9 x 14 cm

Données techniques Carte postale pleine feuille, noir et blanc. Aspect mat",9 x 14 cm,"Carte postale pleine feuille, noir et blanc. Aspect mat",,,"Avignon (Vaucluse, France)","Avignon (Vaucluse, France) -- Palais des Papes",43.9352448339,4.84071572505,84007.0,Avignon,0.99,Aucun lieu-dit,Palais des Papes,"26. - Avignon. - Vue d'ensemble du Palais des Papes
Maison Universelle, Nouvelles Galeries', Avignon. Reprod. interdite.","43.9507082, 4.8076851","Palais des Papes, Place du Palais, Jaurès - République, Quartier Centre, Avignon, Vaucluse, Provence-Alpes-Côte d'Azur, France métropolitaine, 84000, France",monument_uniformise
FRAD084_07FI007_0025.jpg,[avant 1920],"Dimensions 9 x 14 cm

Données techniques Carte postale pleine feuille, noir et blanc. Aspect mat",9 x 14 cm,"Carte postale pleine feuille, noir et blanc. Aspect mat",,,"Avignon (Vaucluse, France)","Avignon (Vaucluse, France) -- Palais des Papes",43.9352448339,4.84071572505,84007.0,Avignon,0.98,Ile de la Barthelasse,La Cathédrale et le Palais des Papes,"AVIGNON.— La Cathédrale et le Palais des Papes, vue prise de l'Ile de la Barthelasse","43.9507082, 4.8076851","Palais des Papes, Place du Palais, Jaurès - République, Quartier Centre, Avignon, Vaucluse, Provence-Alpes-Côte d'Azur, France métropolitaine, 84000, France",edifice
FRAD084_07FI007_0032_01.jpg,[avant 1920],"Dimensions 9 x 14 cm

Données techniques Carte postale pleine feuille, noir et blanc. Aspect mat",9 x 14 cm,"Carte postale pleine feuille, noir et blanc. Aspect mat",,,"Avignon (Vaucluse, France)","Avignon (Vaucluse, France) -- Palais des Papes",43.9352448339,4.84071572505,84007.0,Avignon,0.95,Aucun lieu-dit,Aucun monument,AVIGNON. — Vue d'ensemble et les bords du Rhône.,"43.9507082, 4.8076851","Palais des Papes, Place du Palais, Jaurès - République, Quartier Centre, Avignon, Vaucluse, Provence-Alpes-Côte d'Azur, France métropolitaine, 84000, France",edifice
FRAD084_07FI007_0061.jpg,[avant 1920],"Dimensions 9 x 14 cm

Données techniques Carte postale pleine feuille, noir et blanc. Aspect mat",9 x 14 cm,"Carte postale pleine feuille, noir et blanc. Aspect mat",,,"Avignon (Vaucluse, France)","Avignon (Vaucluse, France) -- Palais des Papes",43.9352448339,4.84071572505,84007.0,Avignon,0.99,Aucun lieu-dit,Palais des Papes,42 AVIGNON. — Vue générale du Palais des Papes. — LL. SELECT.,"43.9507082, 4.8076851","Palais des Papes, Place du Palais, Jaurès - République, Quartier Centre, Avignon, Vaucluse, Provence-Alpes-Côte d'Azur, France métropolitaine, 84000, France",monument_uniformise
FRAD084_07FI007_0042.jpg,[vers 1930],"Dimensions 9 x 14 cm

Données techniques Carte postale avec bordure, sépia. Aspect mat",9 x 14 cm,"Carte postale avec bordure, sépia. Aspect mat",,,"Avignon (Vaucluse, France)","Avignon (Vaucluse, France) -- Palais des Papes",43.9352448339,4.84071572505,84007.0,,0.95,Aucun lieu-dit,Aucun monument,Yvon,"43.9352448339, 4.84071572505",,commune (fallback)
FRAD084_07FI007_0022.jpg,[avant 1920],"Dimensions 9 x 14 cm

Données techniques Carte postale pleine feuille, noir et blanc. Aspect mat",9 x 14 cm,"Carte postale pleine feuille, noir et blanc. Aspect mat",,,"Avignon (Vaucluse, France)","Avignon (Vaucluse, France) -- Palais des Papes",43.9352448339,4.84071572505,84007.0,Avignon,0.95,Aucun lieu-dit,Aucun monument,2 bis. AVIGNON — Les bords du Rhône et Panorama de la Ville,"43.9507082, 4.8076851","Palais des Papes, Place du Palais, Jaurès - République, Quartier Centre, Avignon, Vaucluse, Provence-Alpes-Côte d'Azur, France métropolitaine, 84000, France",edifice
FRAD084_07FI007_0066.jpg,[avant 1920],"Dimensions 9 x 14 cm

Données techniques Carte postale pleine feuille, noir et blanc. Aspect mat",9 x 14 cm,"Carte postale pleine feuille, noir et blanc. Aspect mat",,,"Avignon (Vaucluse, France)","Avignon (Vaucluse, France) -- Palais des Papes",43.9352448339,4.84071572505,84007.0,Avignon,0.99,Aucun lieu-dit,Palais des Papes,"7. AVIGNON - Le Palais des Papes
Edit. Félix Jean, Avignon
GAUDIER MARQUET ET CIE
DIJON","43.9507082, 4.8076851","Palais des Papes, Place du Palais, Jaurès - République, Quartier Centre, Avignon, Vaucluse, Provence-Alpes-Côte d'Azur, France métropolitaine, 84000, France",monument_uniformise
FRAD084_07FI007_0027_01.jpg,[avant 1920],"Dimensions 9 x 14 cm

Données techniques Carte postale pleine feuille, noir et blanc. Aspect mat",9 x 14 cm,"Carte postale pleine feuille, noir et blanc. Aspect mat",,,"Avignon (Vaucluse, France)","Avignon (Vaucluse, France) -- Palais des Papes",43.9352448339,4.84071572505,84007.0,Avignon,0.99,Aucun lieu-dit,Aucun monument,"Phototypie E. Lacour. - Marseille
Tendres baisers
D'Ivonaît
AVIGNON - 915 - VUE GÉNÉRALE","43.9507082, 4.8076851","Palais des Papes, Place du Palais, Jaurès - République, Quartier Centre, Avignon, Vaucluse, Provence-Alpes-Côte d'Azur, France métropolitaine, 84000, France",edifice
FRAD084_07FI007_0043.jpg,[vers 1930],"Dimensions 9 x 14 cm

Données techniques Carte postale avec bordure, sépia. Aspect mat",9 x 14 cm,"Carte postale avec bordure, sépia. Aspect mat",,,"Avignon (Vaucluse, France)","Avignon (Vaucluse, France) -- Palais des Papes",43.9352448339,4.84071572505,84007.0,Avignon,0.95,Aucun lieu-dit,Château d'Avignon,JVOY,"43.9451691, 4.9856951","Château de Thouzon, Chemin de la Ruine, Le Thor, Avignon, Vaucluse, Provence-Alpes-Côte d'Azur, France métropolitaine, 84250, France",monument_uniformise
FRAD084_07FI007_0047.jpg,[avant 1920],"Dimensions 9 x 14 cm

Données techniques Carte postale pleine feuille, noir et blanc. Aspect mat",9 x 14 cm,"Carte postale pleine feuille, noir et blanc. Aspect mat",,,"Avignon (Vaucluse, France)","Avignon (Vaucluse, France) -- Palais des Papes",43.9352448339,4.84071572505,84007.0,Avignon,0.95,Aucun lieu-dit,Aucun monument,AVIGNON. — Vue générale. IDEALE M. F. B.,"43.9507082, 4.8076851","Palais des Papes, Place du Palais, Jaurès - République, Quartier Centre, Avignon, Vaucluse, Provence-Alpes-Côte d'Azur, France métropolitaine, 84000, France",edifice
FRAD084_07FI007_0064.jpg,[avant 1920],"Dimensions 9 x 14 cm

Données techniques Carte postale pleine feuille, noir et blanc. Aspect mat",9 x 14 cm,"Carte postale pleine feuille, noir et blanc. Aspect mat",,,"Avignon (Vaucluse, France)","Avignon (Vaucluse, France) -- Palais des Papes",43.9352448339,4.84071572505,84007.0,Avignon,0.99,Aucun lieu-dit,Palais des Papes,1152. AVIGNON Vue d'Ensemble du Palais des Papes.,"43.9507082, 4.8076851","Palais des Papes, Place du Palais, Jaurès - République, Quartier Centre, Avignon, Vaucluse, Provence-Alpes-Côte d'Azur, France métropolitaine, 84000, France",monument_uniformise
FRAD084_07FI007_0034.jpg,[avant 1920],"Dimensions 9 x 14 cm

Données techniques Carte postale pleine feuille, noir et blanc. Aspect mat",9 x 14 cm,"Carte postale pleine feuille, noir et blanc. Aspect mat",,,"Avignon (Vaucluse, France)","Avignon (Vaucluse, France) -- Palais des Papes",43.9352448339,4.84071572505,84007.0,Avignon,0.95,Villeneuve,Aucun monument,"Avignon - Panorama, vu de Villeneuve","43.9507082, 4.8076851","Palais des Papes, Place du Palais, Jaurès - République, Quartier Centre, Avignon, Vaucluse, Provence-Alpes-Côte d'Azur, France métropolitaine, 84000, France",edifice
FRAD084_07FI007_0036_01.jpg,[avant 1920],"Dimensions 9 x 14 cm

Données techniques Carte postale pleine feuille, noir et blanc. Aspect mat",9 x 14 cm,"Carte postale pleine feuille, noir et blanc. Aspect mat",,,"Avignon (Vaucluse, France)","Avignon (Vaucluse, France) -- Palais des Papes",43.9352448339,4.84071572505,84007.0,Avignon,0.98,Aucun lieu-dit,Palais des Papes et Pont St-Bénézet,AVIGNON. Les Bords du Rhône. - Palais des Papes et Pont St-Bénézet.,"43.9507082, 4.8076851","Palais des Papes, Place du Palais, Jaurès - République, Quartier Centre, Avignon, Vaucluse, Provence-Alpes-Côte d'Azur, France métropolitaine, 84000, France",edifice
FRAD084_07FI007_0048_01.jpg,[avant 1920],"Dimensions 9 x 14 cm

Données techniques Carte postale pleine feuille, noir et blanc. Aspect mat",9 x 14 cm,"Carte postale pleine feuille, noir et blanc. Aspect mat",,,"Avignon (Vaucluse, France)","Avignon (Vaucluse, France) -- Palais des Papes",43.9352448339,4.84071572505,84007.0,Avignon,0.95,Aucun lieu-dit,Aucun monument,"IDÉALE
M. F. B.
AVIGNON. — Vue générale. — Petit Rhône. — Ile de la Barthelasse et Grand Rhône.","43.9507082, 4.8076851","Palais des Papes, Place du Palais, Jaurès - République, Quartier Centre, Avignon, Vaucluse, Provence-Alpes-Côte d'Azur, France métropolitaine, 84000, France",edifice
FRAD084_07FI007_0066BIS_01.jpg,[avant 1920],"Dimensions 9 x 14 cm

Données techniques Carte postale pleine feuille, noir et blanc. Aspect mat",9 x 14 cm,"Carte postale pleine feuille, noir et blanc. Aspect mat",,,"Avignon (Vaucluse, France)","Avignon (Vaucluse, France) -- Palais des Papes",43.9352448339,4.84071572505,84007.0,Avignon,0.99,Aucun lieu-dit,Palais des Papes,"7. AVIGNON - Le Palais des Papes
Edit. Félix Jean, Avignon
BAUER MARCHE
ET
CIE","43.9507082, 4.8076851","Palais des Papes, Place du Palais, Jaurès - République, Quartier Centre, Avignon, Vaucluse, Provence-Alpes-Côte d'Azur, France métropolitaine, 84000, France",monument_uniformise
FRAD084_07FI007_0026.jpg,[avant 1920],"Dimensions 9 x 14 cm

Données techniques Carte postale pleine feuille, noir et blanc. Aspect mat",9 x 14 cm,"Carte postale pleine feuille, noir et blanc. Aspect mat",,,"Avignon (Vaucluse, France)","Avignon (Vaucluse, France) -- Palais des Papes",43.9352448339,4.84071572505,84007.0,Avignon,0.95,Villeneuve-les-Avignon,Aucun monument,6 Panorama d'Avignon. — Vue prise de Villeneuve-les-Avignon ND Phot,"43.9507082, 4.8076851","Palais des Papes, Place du Palais, Jaurès - République, Quartier Centre, Avignon, Vaucluse, Provence-Alpes-Côte d'Azur, France métropolitaine, 84000, France",edifice
FRAD084_07FI007_0038.jpg,[vers 1930],"Dimensions 9 x 14 cm

Données techniques Carte postale avec bordure, sépia. Aspect mat",9 x 14 cm,"Carte postale avec bordure, sépia. Aspect mat",,,"Avignon (Vaucluse, France)","Avignon (Vaucluse, France) -- Palais des Papes",43.9352448339,4.84071572505,84007.0,Avignon,0.95,Aucun lieu-dit,Aucun monument,yvon,"43.9507082, 4.8076851","Palais des Papes, Place du Palais, Jaurès - République, Quartier Centre, Avignon, Vaucluse, Provence-Alpes-Côte d'Azur, France métropolitaine, 84000, France",edifice
FRAD084_07FI007_0046_01.jpg,[avant 1920],"Dimensions 9 x 14 cm

Données techniques Carte postale pleine feuille, noir et blanc. Aspect mat",9 x 14 cm,"Carte postale pleine feuille, noir et blanc. Aspect mat",,,"Avignon (Vaucluse, France)","Avignon (Vaucluse, France) -- Palais des Papes",43.9352448339,4.84071572505,84007.0,Avignon,0.99,Aucun lieu-dit,Aucun monument,"13. - AVIGNON. - Vue Générale
Coll. ""TOURIST"". (Repr. Interd.)
F Beau, édit., Avignon
REPUBLIQUE FRANCAISE
20
POSTE
AVIGNON
Vaucluse","43.9507082, 4.8076851","Palais des Papes, Place du Palais, Jaurès - République, Quartier Centre, Avignon, Vaucluse, Provence-Alpes-Côte d'Azur, France métropolitaine, 84000, France",edifice
FRAD084_07FI007_0068.jpg,[avant 1920],"Dimensions 9 x 14 cm

Données techniques Carte postale pleine feuille, noir et blanc. Aspect mat",9 x 14 cm,"Carte postale pleine feuille, noir et blanc. Aspect mat",,,"Avignon (Vaucluse, France)","Avignon (Vaucluse, France) -- Palais des Papes",43.9352448339,4.84071572505,84007.0,Avignon,0.98,île de la Barthelasse,Palais des Papes,9. AVIGNON. — Panorama du Palais des Papes. — Vue prise de l'île de la Barthelasse. (Édition du Comtat.),"43.9507082, 4.8076851","Palais des Papes, Place du Palais, Jaurès - République, Quartier Centre, Avignon, Vaucluse, Provence-Alpes-Côte d'Azur, France métropolitaine, 84000, France",monument_uniformise
FRAD084_07FI007_0046.jpg,[avant 1920],"Dimensions 9 x 14 cm

Données techniques Carte postale pleine feuille, noir et blanc. Aspect mat",9 x 14 cm,"Carte postale pleine feuille, noir et blanc. Aspect mat",,,"Avignon (Vaucluse, France)","Avignon (Vaucluse, France) -- Palais des Papes",43.9352448339,4.84071572505,84007.0,Avignon,0.95,Aucun lieu-dit,Aucun monument,AVIGNON. — Vue Générale.,"43.9507082, 4.8076851","Palais des Papes, Place du Palais, Jaurès - République, Quartier Centre, Avignon, Vaucluse, Provence-Alpes-Côte d'Azur, France métropolitaine, 84000, France",edifice
FRAD084_07FI007_0062_01.jpg,[vers 1930],"Dimensions 9 x 14 cm

Données techniques Carte postale avec bordure, noir et blanc. Aspect mat",9 x 14 cm,"Carte postale avec bordure, noir et blanc. Aspect mat",,,"Avignon (Vaucluse, France)","Avignon (Vaucluse, France) -- Palais des Papes",43.9352448339,4.84071572505,84007.0,Avignon,0.99,Aucun lieu-dit,Palais des Papes,109 AVIGNON - Vue générale du Palais des Papes,"43.9507082, 4.8076851","Palais des Papes, Place du Palais, Jaurès - République, Quartier Centre, Avignon, Vaucluse, Provence-Alpes-Côte d'Azur, France métropolitaine, 84000, France",monument_uniformise
FRAD084_07FI007_0065_01.jpg,[avant 1920],"Dimensions 9 x 14 cm

Données techniques Carte postale peine feuille, noir et blanc. Aspect mat",9 x 14 cm,"Carte postale peine feuille, noir et blanc. Aspect mat",,,"Avignon (Vaucluse, France)","Avignon (Vaucluse, France) -- Palais des Papes",43.9352448339,4.84071572505,84007.0,Avignon,0.99,Aucun lieu-dit,Palais des Papes,"9 - AVIGNON. - Vue Générale du Palais des Papes
Edn. Soumille, A la Havane Avignon","43.9507082, 4.8076851","Palais des Papes, Place du Palais, Jaurès - République, Quartier Centre, Avignon, Vaucluse, Provence-Alpes-Côte d'Azur, France métropolitaine, 84000, France",monument_uniformise
FRAD084_07FI007_0035.jpg,[avant 1920],"Dimensions 9 x 14 cm

Données techniques Carte postale pleine feuille, noir et blanc. Aspect mat",9 x 14 cm,"Carte postale pleine feuille, noir et blanc. Aspect mat",,,"Avignon (Vaucluse, France)","Avignon (Vaucluse, France) -- Palais des Papes",43.9352448339,4.84071572505,84007.0,Avignon,0.98,Barthelasse,Aucun monument,"AVIGNON. - Vue générale, prise de la Barthelasse","43.9507082, 4.8076851","Palais des Papes, Place du Palais, Jaurès - République, Quartier Centre, Avignon, Vaucluse, Provence-Alpes-Côte d'Azur, France métropolitaine, 84000, France",edifice
FRAD084_07FI007_0063_01.jpg,[avant 1920],"Dimensions 9 x 14 cm

Données techniques Carte postale pleine feuille, noir et blanc. Aspect mat",9 x 14 cm,"Carte postale pleine feuille, noir et blanc. Aspect mat",,,"Avignon (Vaucluse, France)","Avignon (Vaucluse, France) -- Palais des Papes",43.9352448339,4.84071572505,84007.0,Avignon,0.98,Aucun lieu-dit,La Cathédrale et le Palais des Papes,AVIGNON. — La Cathédrale et le Palais des Papes (XIV° siècle). — ND Phot.,"43.9507082, 4.8076851","Palais des Papes, Place du Palais, Jaurès - République, Quartier Centre, Avignon, Vaucluse, Provence-Alpes-Côte d'Azur, France métropolitaine, 84000, France",edifice
FRAD084_07FI007_0050.jpg,[avant 1920],"Dimensions 9 x 14 cm

Données techniques Carte postale pleine feuille, colorée. Aspect mat",9 x 14 cm,"Carte postale pleine feuille, colorée. Aspect mat",,,"Avignon (Vaucluse, France)","Avignon (Vaucluse, France) -- Palais des Papes",43.9352448339,4.84071572505,84007.0,Avignon,0.95,Aucun lieu-dit,Aucun monument,20 Avignon. Vue générale et le Rhône.,"43.9507082, 4.8076851","Palais des Papes, Place du Palais, Jaurès - République, Quartier Centre, Avignon, Vaucluse, Provence-Alpes-Côte d'Azur, France métropolitaine, 84000, France",edifice
FRAD084_07FI007_0072_01.jpg,[vers 1930],"Dimensions 9 x 14 cm

Données techniques Carte postale avec bordure, noir et blanc. Aspect mat",9 x 14 cm,"Carte postale avec bordure, noir et blanc. Aspect mat",,,"Avignon (Vaucluse, France)","Avignon (Vaucluse, France) -- Palais des Papes",43.9352448339,4.84071572505,84007.0,Avignon,0.99,Aucun lieu-dit,Palais des Papes,.109 AVIGNON Vue générale du Palais des Papes,"43.9507082, 4.8076851","Palais des Papes, Place du Palais, Jaurès - République, Quartier Centre, Avignon, Vaucluse, Provence-Alpes-Côte d'Azur, France métropolitaine, 84000, France",monument_uniformise
FRAD084_07FI007_0076_01.jpg,[vers 1960],"Dimensions 9 x 14 cm

Données techniques Carte postale bord dentelé, noir et blanc. Aspect brillant",9 x 14 cm,"Carte postale bord dentelé, noir et blanc. Aspect brillant",,,"Avignon (Vaucluse, France)","Avignon (Vaucluse, France) -- Palais des Papes",43.9352448339,4.84071572505,84007.0,Avignon,0.95,Aucun lieu-dit,Eglise de Avignon,Rim,"43.9438148, 4.807879","Ancienne Église des Célestins, Rue Saint-Michel, Jaurès - République, Quartier Centre, Avignon, Vaucluse, Provence-Alpes-Côte d'Azur, France métropolitaine, 84000, France",monument_uniformise
FRAD084_07FI007_0070.jpg,[vers 1930],"Dimensions 9 x 14 cm

Données techniques Carte postale avec bordure, sépia. Aspect mat",9 x 14 cm,"Carte postale avec bordure, sépia. Aspect mat",,,"Avignon (Vaucluse, France)","Avignon (Vaucluse, France) -- Palais des Papes",43.9352448339,4.84071572505,84007.0,Avignon,0.95,Aucun lieu-dit,Eglise de Avignon,Yvon,"43.9438148, 4.807879","Ancienne Église des Célestins, Rue Saint-Michel, Jaurès - République, Quartier Centre, Avignon, Vaucluse, Provence-Alpes-Côte d'Azur, France métropolitaine, 84000, France",monument_uniformise
FRAD084_07FI007_0069_01.jpg,[vers 1930],"Dimensions 9 x 14 cm

Données techniques Carte postale avec bordure, noir et blanc. Aspect mat",9 x 14 cm,"Carte postale avec bordure, noir et blanc. Aspect mat",,,"Avignon (Vaucluse, France)","Avignon (Vaucluse, France) -- Palais des Papes",43.9352448339,4.84071572505,84007.0,Avignon,0.95,Aucun lieu-dit,Eglise de Avignon,,"43.9438148, 4.807879","Ancienne Église des Célestins, Rue Saint-Michel, Jaurès - République, Quartier Centre, Avignon, Vaucluse, Provence-Alpes-Côte d'Azur, France métropolitaine, 84000, France",monument_uniformise
FRAD084_07FI007_0074_01.jpg,[vers 1960],"Dimensions 9 x 14 cm

Données techniques Carte postale avec bordure, couleur. Aspect brillant",9 x 14 cm,"Carte postale avec bordure, couleur. Aspect brillant",,,"Avignon (Vaucluse, France)","Avignon (Vaucluse, France) -- Palais des Papes",43.9352448339,4.84071572505,84007.0,Avignon,0.95,Aucun lieu-dit,Palais des Papes,A.A.,"43.9507082, 4.8076851","Palais des Papes, Place du Palais, Jaurès - République, Quartier Centre, Avignon, Vaucluse, Provence-Alpes-Côte d'Azur, France métropolitaine, 84000, France",monument_uniformise
FRAD084_07FI007_0073.jpg,[vers 1930],"Dimensions 9 x 14 cm

Données techniques Carte postale pleine feuille, coloriée. Aspect mat",9 x 14 cm,"Carte postale pleine feuille, coloriée. Aspect mat",,,"Avignon (Vaucluse, France)","Avignon (Vaucluse, France) -- Palais des Papes",43.9352448339,4.84071572505,84007.0,Avignon,0.99,Aucun lieu-dit,Palais des Papes,42 AVIGNON. - VUE GÉNÉRALE DU PALAIS DES PAPES. - LL,"43.9507082, 4.8076851","Palais des Papes, Place du Palais, Jaurès - République, Quartier Centre, Avignon, Vaucluse, Provence-Alpes-Côte d'Azur, France métropolitaine, 84000, France",monument_uniformise
FRAD084_07FI007_0077_01.jpg,[vers 1960],"Dimensions 9 x 14 cm

Données techniques Carte postale bord dentelé, noir et blanc. Aspect brillant",9 x 14 cm,"Carte postale bord dentelé, noir et blanc. Aspect brillant",,,"Avignon (Vaucluse, France)","Avignon (Vaucluse, France) -- Palais des Papes",43.9352448339,4.84071572505,84007.0,Avignon,0.95,Aucun lieu-dit,Eglise de Avignon,,"43.9438148, 4.807879","Ancienne Église des Célestins, Rue Saint-Michel, Jaurès - République, Quartier Centre, Avignon, Vaucluse, Provence-Alpes-Côte d'Azur, France métropolitaine, 84000, France",monument_uniformise
FRAD084_07FI007_0078.jpg,[vers 1930],"Dimensions 9 x 14 cm

Données techniques Carte postale avec bordure, sépia. Aspect mat",9 x 14 cm,"Carte postale avec bordure, sépia. Aspect mat",,,"Avignon (Vaucluse, France)","Avignon (Vaucluse, France) -- Palais des Papes",43.9352448339,4.84071572505,84007.0,,0.95,Aucun lieu-dit,Aucun monument,Lyon,"43.9352448339, 4.84071572505",,commune (fallback)
FRAD084_07FI007_0052.jpg,[vers 1930],"Dimensions 9x 14 cm

Données techniques Carte postale avec bordure, noir et blanc. Aspect mat",9x 14 cm,"Carte postale avec bordure, noir et blanc. Aspect mat",,,"Avignon (Vaucluse, France)","Avignon (Vaucluse, France) -- Palais des Papes",43.9352448339,4.84071572505,84007.0,Avignon,0.99,Aucun lieu-dit,Aucun monument,"AVIGNON. - Vue générale
Cliché de la Compagnie Aérienne française","43.9507082, 4.8076851","Palais des Papes, Place du Palais, Jaurès - République, Quartier Centre, Avignon, Vaucluse, Provence-Alpes-Côte d'Azur, France métropolitaine, 84000, France",edifice
FRAD084_07FI007_0051.jpg,[avant 1920],"Dimensions 9 x 14 cm

Données techniques Carte postale pleine feuille, noir et blanc. Aspect mat",9 x 14 cm,"Carte postale pleine feuille, noir et blanc. Aspect mat",,pont,"Avignon (Vaucluse, France)",,43.9352448339,4.84071572505,84007.0,Avignon,0.99,Aucun lieu-dit,Palais des Papes,"Edit. Félix Jean, Avignon
28. AVIGNON - Les Bords du Rhône - Vue Générale du Palais des Papes","43.9507082, 4.8076851","Palais des Papes, Place du Palais, Jaurès - République, Quartier Centre, Avignon, Vaucluse, Provence-Alpes-Côte d'Azur, France métropolitaine, 84000, France",monument_uniformise
FRAD084_07FI007_0021_01.jpg,[vers 1930],"Dimensions 9 x 14 cm

Données techniques Carte postale avec bordure, noir et blanc. Aspect mat",9 x 14 cm,"Carte postale avec bordure, noir et blanc. Aspect mat",,pont,"Avignon (Vaucluse, France)","Avignon (Vaucluse, France) -- Pont Saint-Bénézet",43.9352448339,4.84071572505,84007.0,Avignon,0.95,Aucun lieu-dit,Aucun monument,AVIGNON,"43.9536883, 4.8050107","Pont Saint-Bénezet, Boulevard du Quai de la Ligne, Jaurès - République, Quartier Centre, Avignon, Vaucluse, Provence-Alpes-Côte d'Azur, France métropolitaine, 84000, France",edifice
FRAD084_07FI007_0014.jpg,[vers 1900],"Dimensions 9 x 14 cm

Données techniques Carte postale avec bordure, noir et blanc. Aspect mat",9 x 14 cm,"Carte postale avec bordure, noir et blanc. Aspect mat",,pont,"Avignon (Vaucluse, France)","Avignon (Vaucluse, France) -- Pont Saint-Bénézet",43.9352448339,4.84071572505,84007.0,Avignon,0.99,Aucun lieu-dit,Pont Saint-Benezet,14. Avignon. Pont Saint-Benezet.,"43.9536883, 4.8050107","Pont Saint-Bénezet, Boulevard du Quai de la Ligne, Jaurès - République, Quartier Centre, Avignon, Vaucluse, Provence-Alpes-Côte d'Azur, France métropolitaine, 84000, France",monument_uniformise
FRAD084_07FI007_0015.jpg,[vers 1900],"Dimensions 9 x 14 cm

Données techniques Carte postale avec bordure, noir et blanc. Aspect mat",9 x 14 cm,"Carte postale avec bordure, noir et blanc. Aspect mat",,pont,"Avignon (Vaucluse, France)","Avignon (Vaucluse, France) -- Pont Saint-Bénézet",43.9352448339,4.84071572505,84007.0,Avignon,0.95,Aucun lieu-dit,Pont Saint-Benezet et le Rocher des Dons,15. Avignon. Pont Saint-Benezet et le Rocher des Dons. Collection J. G.,"43.9536883, 4.8050107","Pont Saint-Bénezet, Boulevard du Quai de la Ligne, Jaurès - République, Quartier Centre, Avignon, Vaucluse, Provence-Alpes-Côte d'Azur, France métropolitaine, 84000, France",edifice
FRAD084_07FI007_0031_01.jpg,[vers 1920],"Dimensions 9 x 14 cm

Données techniques Carte postale pleine feuille, noir et blanc. Aspect mat",9 x 14 cm,"Carte postale pleine feuille, noir et blanc. Aspect mat",,pont,"Avignon (Vaucluse, France)","Avignon (Vaucluse, France) -- Pont Saint-Bénézet",43.9352448339,4.84071572505,84007.0,Avignon,0.99,Aucun lieu-dit,"Pont St-Bénézet, Palais des Papes",P R.LAT. edit Marseille 1319 - AVIGNON - Vue d'ensemble du Pont St-Bénézet et du Palais des Papes,"43.9536883, 4.8050107","Pont Saint-Bénezet, Boulevard du Quai de la Ligne, Jaurès - République, Quartier Centre, Avignon, Vaucluse, Provence-Alpes-Côte d'Azur, France métropolitaine, 84000, France",edifice
FRAD084_07FI007_0049.jpg,[avant 1920],"Dimensions 9 x 14 cm

Données techniques Carte postale pleine feuille, colorée. Aspect mat",9 x 14 cm,"Carte postale pleine feuille, colorée. Aspect mat",,pont,"Avignon (Vaucluse, France)","Avignon (Vaucluse, France) -- Pont Saint-Bénézet",43.9352448339,4.84071572505,84007.0,Avignon,0.95,Ile de la Barthelasse,Pont Bénézet et Palais des Papes,"IDÉALE
M. F. B.
AVIGNON. — Ensemble du Pont Bénézet et Palais des Papes (prise de l'Ile de la Barthelasse).","43.9536883, 4.8050107","Pont Saint-Bénezet, Boulevard du Quai de la Ligne, Jaurès - République, Quartier Centre, Avignon, Vaucluse, Provence-Alpes-Côte d'Azur, France métropolitaine, 84000, France",edifice
FRAD084_07FI007_0028.jpg,[avant 1920],"Dimensions 9 x 14 cm

Données techniques Carte postale pleine feuille, noir et blanc. Aspect mat",9 x 14 cm,"Carte postale pleine feuille, noir et blanc. Aspect mat",,pont,"Avignon (Vaucluse, France)","Avignon (Vaucluse, France) -- Pont Saint-Bénézet",43.9352448339,4.84071572505,84007.0,Avignon,0.98,Île de la Barthclasse,Pont St-Benezet et Palais des Papes,"Edit. F. Beau
2049. AVIGNON. — Vue d'ensemble du Pont St-Benezet et Palais des Papes prise de l'Île de la Barthclasse","43.9536883, 4.8050107","Pont Saint-Bénezet, Boulevard du Quai de la Ligne, Jaurès - République, Quartier Centre, Avignon, Vaucluse, Provence-Alpes-Côte d'Azur, France métropolitaine, 84000, France",edifice
FRAD084_07FI007_0030_01.jpg,[avant 1920],"Dimensions 9 x 14 cm

Données techniques Carte postale pleine feuille, noir et blanc. Aspect mat",9 x 14 cm,"Carte postale pleine feuille, noir et blanc. Aspect mat",,pont,"Avignon (Vaucluse, France)","Avignon (Vaucluse, France) -- Pont Saint-Bénézet",43.9352448339,4.84071572505,84007.0,Avignon,0.95,Île de la Barthelasse,"Pont St-Benezet, Palais des Papes","72. - AVIGNON. - Vue d'ensemble du Pont St-Benezet et Palais des Papes (Prise de l'île de la Barthelasse) Coll. 'TOURIST' (Repr. Interd.). F. Beau, édit., Avignon","43.9536883, 4.8050107","Pont Saint-Bénezet, Boulevard du Quai de la Ligne, Jaurès - République, Quartier Centre, Avignon, Vaucluse, Provence-Alpes-Côte d'Azur, France métropolitaine, 84000, France",edifice
FRAD084_07FI007_0040_01.jpg,[vers 1930],"Dimensions 9 x 14 cm

Données techniques Carte postale avec bordure, sépia. Aspect mat",9 x 14 cm,"Carte postale avec bordure, sépia. Aspect mat",,pont,"Avignon (Vaucluse, France)","Avignon (Vaucluse, France) -- Pont Saint-Bénézet",43.9352448339,4.84071572505,84007.0,Avignon,0.95,Aucun lieu-dit,Aucun monument,Rella,"43.9536883, 4.8050107","Pont Saint-Bénezet, Boulevard du Quai de la Ligne, Jaurès - République, Quartier Centre, Avignon, Vaucluse, Provence-Alpes-Côte d'Azur, France métropolitaine, 84000, France",edifice
FRAD084_07FI007_0039.jpg,[vers 1930],"Dimensions 9 x 14 cm

Données techniques Carte postale avec bordure, sépia. Aspect mat",9 x 14 cm,"Carte postale avec bordure, sépia. Aspect mat",,pont,"Avignon (Vaucluse, France)","Avignon (Vaucluse, France) -- Pont Saint-Bénézet",43.9352448339,4.84071572505,84007.0,,0.95,Aucun lieu-dit,Aucun monument,Yvon,"43.9352448339, 4.84071572505",,commune (fallback)
FRAD084_07FI007_0041.jpg,[vers 1930],"Dimensions 9 x 14 cm

Données techniques Carte postale avec bordure, sépia. Aspect mat",9 x 14 cm,"Carte postale avec bordure, sépia. Aspect mat",,pont,"Avignon (Vaucluse, France)","Avignon (Vaucluse, France) -- Pont Saint-Bénézet",43.9352448339,4.84071572505,84007.0,Avignon,0.95,Aucun lieu-dit,Château d'Avignon,Yvon,"43.9451691, 4.9856951","Château de Thouzon, Chemin de la Ruine, Le Thor, Avignon, Vaucluse, Provence-Alpes-Côte d'Azur, France métropolitaine, 84250, France",monument_uniformise
FRAD084_07FI007_0016.jpg,[vers 1900],"Dimensions 9 x 14 cm

Données techniques Carte postale avec bordure, noir et blanc. Aspect mat",9 x 14 cm,"Carte postale avec bordure, noir et blanc. Aspect mat",,pont,"Avignon (Vaucluse, France)","Avignon (Vaucluse, France) -- Pont de bois",43.9352448339,4.84071572505,84007.0,Avignon,0.95,Aucun lieu-dit,Pont en bois,"16. Avignon. Pont en bois, rive droite. Collection J. G.","43.950874, 4.9600335","Chemin du Pont de Bois, Le Thor, Avignon, Vaucluse, Provence-Alpes-Côte d'Azur, France métropolitaine, 84250, France",edifice
FRAD084_07FI007_0013.jpg,[vers 1900],"Dimensions 9 x 14 cm

Données techniques Carte postale avec bordure, noir et blanc. Aspect mat",9 x 14 cm,"Carte postale avec bordure, noir et blanc. Aspect mat",,pont,"Avignon (Vaucluse, France)","Avignon (Vaucluse, France) -- Pont suspendu",43.9352448339,4.84071572505,84007.0,Avignon,0.98,Aucun lieu-dit,Pont suspendu,13. Avignon. Pont suspendu. Collection J. G.,"43.9146466, 4.8083392","Pont suspendu de Rognonas, Rognonas, Arles, Bouches-du-Rhône, Provence-Alpes-Côte d'Azur, France métropolitaine, 13870, France",monument_uniformise
FRAD084_07FI007_0023_01.jpg,[avant 1920],"Dimensions 9 x 14 cm

Données techniques Carte postale pleine feuille, noir et blanc. Aspect mat",9 x 14 cm,"Carte postale pleine feuille, noir et blanc. Aspect mat",,pont,"Avignon (Vaucluse, France)","Avignon (Vaucluse, France) -- Pont suspendu",43.9352448339,4.84071572505,84007.0,Avignon,0.95,Aucun lieu-dit,Aucun monument,32. - AVIGNON. - Les Bords du Rhône,"43.9146466, 4.8083392","Pont suspendu de Rognonas, Rognonas, Arles, Bouches-du-Rhône, Provence-Alpes-Côte d'Azur, France métropolitaine, 13870, France",edifice
FRAD084_07FI007_0079_01.jpg,[vers 1900],"Dimensions 9 x 14 cm

Données techniques Carte postale nuage, noir et blanc. Aspect mat",9 x 14 cm,"Carte postale nuage, noir et blanc. Aspect mat",,palais,"Avignon (Vaucluse, France)","Avignon (Vaucluse, France) -- Palais des Papes",43.9352448339,4.84071572505,84007.0,,0.99,Aucun lieu-dit,Palais des Papes,,"43.9352448339, 4.84071572505",,commune (fallback)
FRAD084_07FI007_0094_01.jpg,[vers 1900],"Dimensions 9 x 14 cm

Données techniques Carte postale avec bordure, noir et blanc. Aspect mat",9 x 14 cm,"Carte postale avec bordure, noir et blanc. Aspect mat",,palais,"Avignon (Vaucluse, France)","Avignon (Vaucluse, France) -- Palais des Papes",43.9352448339,4.84071572505,84007.0,Avignon,0.95,Aucun lieu-dit,Palais des Papes,Me voila ce matin à Avignon. Je vient de mettre deux fourche du froid et Boquenat. aujourd'hui je vais à Montéux ou j'attendais la fête L'effire y trouve de vos nouvelles. La vingt et un jour Très bonne. mon chumt Commune à Siffalabatier. Avignon 28 août. Passez tout à l'heure à mon ami d'Avignon. 9.2.1887.,"43.9507082, 4.8076851","Palais des Papes, Place du Palais, Jaurès - République, Quartier Centre, Avignon, Vaucluse, Provence-Alpes-Côte d'Azur, France métropolitaine, 84000, France",monument_uniformise
FRAD084_07FI007_0095_01.jpg,[vers 1900],"Dimensions 9 x 14 cm

Données techniques Carte postale pleine feuille, noir et blanc. Aspect mat",9 x 14 cm,"Carte postale pleine feuille, noir et blanc. Aspect mat",,palais,"Avignon (Vaucluse, France)","Avignon (Vaucluse, France) -- Palais des Papes",43.9352448339,4.84071572505,84007.0,Avignon,0.98,Aucun lieu-dit,Palais des Papes et Cathédrale,AVIGNON — Palais des Papes et Cathédrale,"43.9507082, 4.8076851","Palais des Papes, Place du Palais, Jaurès - République, Quartier Centre, Avignon, Vaucluse, Provence-Alpes-Côte d'Azur, France métropolitaine, 84000, France",edifice
FRAD084_07FI007_0126.jpg,[avant 1920],"Dimensions 9 x 14 cm

Données techniques Carte-image, couleur. Aspect mat",9 x 14 cm,"Carte-image, couleur. Aspect mat",,palais,"Avignon (Vaucluse, France)","Avignon (Vaucluse, France) -- Palais des Papes",43.9352448339,4.84071572505,84007.0,Avignon,0.98,Aucun lieu-dit,Château des Papes,J. Huge d'Alisi CHÂTEAU DES PAPES,"43.9507082, 4.8076851","Palais des Papes, Place du Palais, Jaurès - République, Quartier Centre, Avignon, Vaucluse, Provence-Alpes-Côte d'Azur, France métropolitaine, 84000, France",edifice
FRAD084_07FI007_0125.jpg,[avant 1920],"Dimensions 9 x 14 cm

Données techniques Carte postale pleine feuille, couleur. Aspect mat",9 x 14 cm,"Carte postale pleine feuille, couleur. Aspect mat",,palais,"Avignon (Vaucluse, France)","Avignon (Vaucluse, France) -- Palais des Papes",43.9352448339,4.84071572505,84007.0,,0.95,Aucun lieu-dit,Aucun monument,Vveo,"43.9352448339, 4.84071572505",,commune (fallback)
FRAD084_07FI007_0087.jpg,[avant 1920],"Dimensions 9 x 14 cm

Données techniques Carte postale pleine feuille, noir et blanc. Aspect mat",9 x 14 cm,"Carte postale pleine feuille, noir et blanc. Aspect mat",,palais,"Avignon (Vaucluse, France)","Avignon (Vaucluse, France) -- Palais des Papes",43.9352448339,4.84071572505,84007.0,Avignon,0.99,Aucun lieu-dit,Palais des Papes,3000 AVIGNON — Le Palais des Papes,"43.9507082, 4.8076851","Palais des Papes, Place du Palais, Jaurès - République, Quartier Centre, Avignon, Vaucluse, Provence-Alpes-Côte d'Azur, France métropolitaine, 84000, France",monument_uniformise
FRAD084_07FI007_0092.jpg,[avant 1920],"Dimensions 9 x 14 cm

Données techniques Carte postale pleine feuille, noir et blanc. Aspect mat",9 x 14 cm,"Carte postale pleine feuille, noir et blanc. Aspect mat",,palais,"Avignon (Vaucluse, France)","Avignon (Vaucluse, France) -- Palais des Papes",43.9352448339,4.84071572505,84007.0,Avignon,0.99,Aucun lieu-dit,Palais des Papes,1. AVIGNON. — Palais des Papes. (Édition du Comtat.),"43.9507082, 4.8076851","Palais des Papes, Place du Palais, Jaurès - République, Quartier Centre, Avignon, Vaucluse, Provence-Alpes-Côte d'Azur, France métropolitaine, 84000, France",monument_uniformise
FRAD084_07FI007_0136_01.jpg,[avant 1920],"Dimensions 9 x 14 cm

Données techniques Carte postale pleine feuille, noir et blanc. Aspect mat",9 x 14 cm,"Carte postale pleine feuille, noir et blanc. Aspect mat",,palais,"Avignon (Vaucluse, France)","Avignon (Vaucluse, France) -- Palais des Papes",43.9352448339,4.84071572505,84007.0,Avignon,0.99,Aucun lieu-dit,Palais des Papes,101 AVIGNON - Le Palais des Papes,"43.9507082, 4.8076851","Palais des Papes, Place du Palais, Jaurès - République, Quartier Centre, Avignon, Vaucluse, Provence-Alpes-Côte d'Azur, France métropolitaine, 84000, France",monument_uniformise
FRAD084_07FI007_0102_01.jpg,[avant 1920],"Dimensions 9 x 14 cm

Données techniques Carte postale pleine feuille, noir et blanc. Aspect mat",9 x 14 cm,"Carte postale pleine feuille, noir et blanc. Aspect mat",,palais,"Avignon (Vaucluse, France)","Avignon (Vaucluse, France) -- Palais des Papes",43.9352448339,4.84071572505,84007.0,Avignon,0.99,Aucun lieu-dit,Palais des Papes,1012 bis - Avignon - Le Palais des Papes & la Cathédrale Phototypie E. Lacour Marseille,"43.9507082, 4.8076851","Palais des Papes, Place du Palais, Jaurès - République, Quartier Centre, Avignon, Vaucluse, Provence-Alpes-Côte d'Azur, France métropolitaine, 84000, France",monument_uniformise
FRAD084_07FI007_0104.jpg,[avant 1920],"Dimensions 9 x 14 cm

Données techniques Carte postale pleine feuille, noir et blanc. Aspect mat",9 x 14 cm,"Carte postale pleine feuille, noir et blanc. Aspect mat",,palais,"Avignon (Vaucluse, France)","Avignon (Vaucluse, France) -- Palais des Papes",43.9352448339,4.84071572505,84007.0,Avignon,0.99,Aucun lieu-dit,Palais des Papes et Notre-Dame des Doms,1155 AVIGNON - Le Palais des Papes et Notre-Dame des Doms,"43.9507082, 4.8076851","Palais des Papes, Place du Palais, Jaurès - République, Quartier Centre, Avignon, Vaucluse, Provence-Alpes-Côte d'Azur, France métropolitaine, 84000, France",edifice
FRAD084_07FI007_0122_01.jpg,[avant 1920],"Dimensions 9 x 14 cm

Données techniques Carte postale pleine feuille, colorée. Aspect mat",9 x 14 cm,"Carte postale pleine feuille, colorée. Aspect mat",,palais,"Avignon (Vaucluse, France)","Avignon (Vaucluse, France) -- Palais des Papes",43.9352448339,4.84071572505,84007.0,Avignon,0.98,Aucun lieu-dit,Palais des Papes,1157. Avignon - Le Palais des Papes et Notre-Dame des Doms. Guende phot. - Marseille,"43.9507082, 4.8076851","Palais des Papes, Place du Palais, Jaurès - République, Quartier Centre, Avignon, Vaucluse, Provence-Alpes-Côte d'Azur, France métropolitaine, 84000, France",monument_uniformise
FRAD084_07FI007_0121_01.jpg,[avant 1920],"Dimensions 9 x 14 cm

Données techniques Carte postale pleine feuille, couleur. Aspect mat",9 x 14 cm,"Carte postale pleine feuille, couleur. Aspect mat",,palais,"Avignon (Vaucluse, France)","Avignon (Vaucluse, France) -- Palais des Papes",43.9352448339,4.84071572505,84007.0,Avignon,0.98,Aucun lieu-dit,palais des Papes et la cathédrale,133. — AVIGNON. Le palais des Papes et la cathédrale. ND Phot.,"43.9507082, 4.8076851","Palais des Papes, Place du Palais, Jaurès - République, Quartier Centre, Avignon, Vaucluse, Provence-Alpes-Côte d'Azur, France métropolitaine, 84000, France",edifice
FRAD084_07FI007_0114.jpg,[avant 1920],"Dimensions 9 x 14 cm

Données techniques Carte postale pleine feuille, noir et blanc. Aspect mat",9 x 14 cm,"Carte postale pleine feuille, noir et blanc. Aspect mat",,palais,"Avignon (Vaucluse, France)","Avignon (Vaucluse, France) -- Palais des Papes",43.9352448339,4.84071572505,84007.0,Avignon,0.99,Aucun lieu-dit,Palais des Papes,15. AVIGNON. — Palais des Papes. Bâti de 1315 à 1370 par les différents Pontifes qui firent d'Avignon l'Altera Roma. Edition N. G.,"43.9507082, 4.8076851","Palais des Papes, Place du Palais, Jaurès - République, Quartier Centre, Avignon, Vaucluse, Provence-Alpes-Côte d'Azur, France métropolitaine, 84000, France",monument_uniformise
FRAD084_07FI007_0193_01.jpg,[avant 1920],"Dimensions 9 x 14 cm

Données techniques Carte postale pleine feuille, noir et blanc. Aspect mat",9 x 14 cm,"Carte postale pleine feuille, noir et blanc. Aspect mat",,palais,"Avignon (Vaucluse, France)","Avignon (Vaucluse, France) -- Palais des Papes",43.9352448339,4.84071572505,84007.0,Avignon,0.98,Aucun lieu-dit,Palais des Pape et Cathédrale,1725. AVIGNON — Vue d'ensemble du Palais des Pape et Cathédrale,"43.9507082, 4.8076851","Palais des Papes, Place du Palais, Jaurès - République, Quartier Centre, Avignon, Vaucluse, Provence-Alpes-Côte d'Azur, France métropolitaine, 84000, France",edifice
FRAD084_07FI007_0059.jpg,[avant 1920],"Dimensions 9 x 14 cm

Données techniques Carte postale pleine feuille, noir et blanc. Aspect mat",9 x 14 cm,"Carte postale pleine feuille, noir et blanc. Aspect mat",,palais,"Avignon (Vaucluse, France)","Avignon (Vaucluse, France) -- Palais des Papes",43.9352448339,4.84071572505,84007.0,Avignon,0.98,Aucun lieu-dit,Palais des Papes,"2031 - Avignon - Le Rhône, les Remparts & Palais des Papes","43.9507082, 4.8076851","Palais des Papes, Place du Palais, Jaurès - République, Quartier Centre, Avignon, Vaucluse, Provence-Alpes-Côte d'Azur, France métropolitaine, 84000, France",monument_uniformise
FRAD084_07FI007_0120.jpg,[avant 1920],"Dimensions 9 x 14 cm

Données techniques Carte postale pleine feuille, noir et blanc. Aspect mat",9 x 14 cm,"Carte postale pleine feuille, noir et blanc. Aspect mat",,palais,"Avignon (Vaucluse, France)","Avignon (Vaucluse, France) -- Palais des Papes",43.9352448339,4.84071572505,84007.0,Avignon,0.99,Aucun lieu-dit,Château des Papes,"2062. AVIGNON — Château des Papes, Façade Construit au XIVe siècle par les Papes Jean XXII, Benoît XII, Clément VI, Innocent VI et Urbain V Edition Giletta","43.9507082, 4.8076851","Palais des Papes, Place du Palais, Jaurès - République, Quartier Centre, Avignon, Vaucluse, Provence-Alpes-Côte d'Azur, France métropolitaine, 84000, France",edifice
FRAD084_07FI007_0091.jpg,[avant 1920],"Dimensions 9 x 14 cm

Données techniques Carte postale pleine feuille, noir et blanc. Aspect mat",9 x 14 cm,"Carte postale pleine feuille, noir et blanc. Aspect mat",,palais,"Avignon (Vaucluse, France)","Avignon (Vaucluse, France) -- Palais des Papes",43.9352448339,4.84071572505,84007.0,Avignon,0.99,Aucun lieu-dit,Palais des Papes,"Collection Artistique
2063. - AVIGNON. - Palais des Papes
Construit au XIVe siècle par les Papes Jean XXII, Benoît XII, Clément VI, Innocent VI et Urbain V
A. Giletta, phot., Nice","43.9507082, 4.8076851","Palais des Papes, Place du Palais, Jaurès - République, Quartier Centre, Avignon, Vaucluse, Provence-Alpes-Côte d'Azur, France métropolitaine, 84000, France",monument_uniformise
FRAD084_07FI007_0192.jpg,[avant 1920],"Dimensions 9 x 14 cm

Données techniques Carte postale pleine feuille, noir et blanc. Aspect mat",9 x 14 cm,"Carte postale pleine feuille, noir et blanc. Aspect mat",,palais,"Avignon (Vaucluse, France)","Avignon (Vaucluse, France) -- Palais des Papes",43.9352448339,4.84071572505,84007.0,Avignon,0.98,Aucun lieu-dit,Palais des Papes,23. AVIGNON - Le Palais des Papes vu de la Tour de Jacquemard,"43.9507082, 4.8076851","Palais des Papes, Place du Palais, Jaurès - République, Quartier Centre, Avignon, Vaucluse, Provence-Alpes-Côte d'Azur, France métropolitaine, 84000, France",monument_uniformise
FRAD084_07FI007_0089.jpg,[avant 1920],"Dimensions 9 x 14 cm

Données techniques Carte postale pleine feuille, noir et blanc. Aspect mat",9 x 14 cm,"Carte postale pleine feuille, noir et blanc. Aspect mat",,palais,"Avignon (Vaucluse, France)","Avignon (Vaucluse, France) -- Palais des Papes",43.9352448339,4.84071572505,84007.0,Avignon,0.98,Aucun lieu-dit,Palais des Papes,La partie la plus rapprochée de la Cathédrale (Tour Campane comprise) fut bâtie sous les Pontificats de Jean XXII (1315) et Benoît XII (1335-1342). Clément VI continua l'œuvre de ses prédécesseurs en faisant construire l'énorme corps de Logis occidental et une partie des bâtiments qui la bor- nent au Midi. Cliché F. Beau 23. AVIGNON — Palais des Papes — Façade Principale,"43.9507082, 4.8076851","Palais des Papes, Place du Palais, Jaurès - République, Quartier Centre, Avignon, Vaucluse, Provence-Alpes-Côte d'Azur, France métropolitaine, 84000, France",monument_uniformise
FRAD084_07FI007_0127.jpg,[avant 1920],"Dimensions 9 x 14 cm

Données techniques Carte postale pleine feuille, couleur. Aspect mat",9 x 14 cm,"Carte postale pleine feuille, couleur. Aspect mat",,palais,"Avignon (Vaucluse, France)","Avignon (Vaucluse, France) -- Palais des Papes",43.9352448339,4.84071572505,84007.0,Avignon,0.99,Aucun lieu-dit,Palais des Papes,26 AVIGNON. - LE PALAIS DES PAPES. - LL,"43.9507082, 4.8076851","Palais des Papes, Place du Palais, Jaurès - République, Quartier Centre, Avignon, Vaucluse, Provence-Alpes-Côte d'Azur, France métropolitaine, 84000, France",monument_uniformise
FRAD084_07FI007_0142_01.jpg,[avant 1920],"Dimensions 9 x 14 cm

Données techniques Carte postale pleine feuille, noir et blanc. Aspect mat",9 x 14 cm,"Carte postale pleine feuille, noir et blanc. Aspect mat",,palais,"Avignon (Vaucluse, France)","Avignon (Vaucluse, France) -- Palais des Papes",43.9352448339,4.84071572505,84007.0,,0.98,Aucun lieu-dit,Palais des Papes,,"43.9352448339, 4.84071572505",,commune (fallback)
FRAD084_07FI007_0162.jpg,[avant 1920],"Dimensions 9 x 14 cm

Données techniques Carte postale pleine feuille, noir et blanc. Aspect mat",9 x 14 cm,"Carte postale pleine feuille, noir et blanc. Aspect mat",,palais,"Avignon (Vaucluse, France)","Avignon (Vaucluse, France) -- Palais des Papes",43.9352448339,4.84071572505,84007.0,Avignon,0.98,Aucun lieu-dit,Palais des Papes,29. AVIGNON - Vue d'ensemble du Palais des Papes,"43.9507082, 4.8076851","Palais des Papes, Place du Palais, Jaurès - République, Quartier Centre, Avignon, Vaucluse, Provence-Alpes-Côte d'Azur, France métropolitaine, 84000, France",monument_uniformise
FRAD084_07FI007_0188.jpg,[avant 1920],"Dimensions 9 x 14 cm

Données techniques Carte postale pleine feuille, noir et blanc. Aspect mat",9 x 14 cm,"Carte postale pleine feuille, noir et blanc. Aspect mat",,palais,"Avignon (Vaucluse, France)","Avignon (Vaucluse, France) -- Palais des Papes",43.9352448339,4.84071572505,84007.0,Avignon,0.99,Aucun lieu-dit,Palais des Papes,3. AVIGNON. — Palais des Papes. — Vu du Beffroi de l'Hôtel de Ville. (Édition du Comtat.),"43.9507082, 4.8076851","Palais des Papes, Place du Palais, Jaurès - République, Quartier Centre, Avignon, Vaucluse, Provence-Alpes-Côte d'Azur, France métropolitaine, 84000, France",monument_uniformise
FRAD084_07FI007_0083.jpg,[avant 1920],"Dimensions 9 x 14 cm

Données techniques Carte postale pleine feuille, noir et blanc. Aspect mat",9 x 14 cm,"Carte postale pleine feuille, noir et blanc. Aspect mat",,palais,"Avignon (Vaucluse, France)","Avignon (Vaucluse, France) -- Palais des Papes",43.9352448339,4.84071572505,84007.0,Avignon,0.99,Aucun lieu-dit,Palais des Papes,3001 bis. AVIGNON. — Le Palais des Papes,"43.9507082, 4.8076851","Palais des Papes, Place du Palais, Jaurès - République, Quartier Centre, Avignon, Vaucluse, Provence-Alpes-Côte d'Azur, France métropolitaine, 84000, France",monument_uniformise
FRAD084_07FI007_0080.jpg,[avant 1920],"Dimensions 9 x 14 cm

Données techniques Carte postale pleine feuille, noir et blanc. Aspect mat",9 x 14 cm,"Carte postale pleine feuille, noir et blanc. Aspect mat",,palais,"Avignon (Vaucluse, France)","Avignon (Vaucluse, France) -- Palais des Papes",43.9352448339,4.84071572505,84007.0,Avignon,0.99,Aucun lieu-dit,Palais des Papes,3603 AVIGNON — Façade principale du Palais des Papes Édit. * F. Beau,"43.9507082, 4.8076851","Palais des Papes, Place du Palais, Jaurès - République, Quartier Centre, Avignon, Vaucluse, Provence-Alpes-Côte d'Azur, France métropolitaine, 84000, France",monument_uniformise
FRAD084_07FI007_0088_01.jpg,[avant 1920],"Dimensions 9 x 14 cm

Données techniques Carte postale pleine feuille, noir et blanc. Aspect mat",9 x 14 cm,"Carte postale pleine feuille, noir et blanc. Aspect mat",,palais,"Avignon (Vaucluse, France)","Avignon (Vaucluse, France) -- Palais des Papes",43.9352448339,4.84071572505,84007.0,Avignon,0.98,Aucun lieu-dit,Palais des Papes et Statue du brave Grillon,36 - AVIGNON - Palais des Papes et Statue du brave Grillon,"43.9507082, 4.8076851","Palais des Papes, Place du Palais, Jaurès - République, Quartier Centre, Avignon, Vaucluse, Provence-Alpes-Côte d'Azur, France métropolitaine, 84000, France",edifice
FRAD084_07FI007_0194.jpg,[avant 1920],"Dimensions 9 x 14 cm

Données techniques Carte postale pleine feuille, noir et blanc. Aspect mat",9 x 14 cm,"Carte postale pleine feuille, noir et blanc. Aspect mat",,palais,"Avignon (Vaucluse, France)","Avignon (Vaucluse, France) -- Palais des Papes",43.9352448339,4.84071572505,84007.0,Avignon,0.99,Aucun lieu-dit,Palais des Papes,"40. AVIGNON Le Palais des Papes. Cliché et édition Félix (Jean), Avignon","43.9507082, 4.8076851","Palais des Papes, Place du Palais, Jaurès - République, Quartier Centre, Avignon, Vaucluse, Provence-Alpes-Côte d'Azur, France métropolitaine, 84000, France",monument_uniformise
FRAD084_07FI007_0086.jpg,[avant 1920],"Dimensions 9 x 14 cm

Données techniques Carte postale pleine feuille, noir et blanc. Aspect mat",9 x 14 cm,"Carte postale pleine feuille, noir et blanc. Aspect mat",,palais,"Avignon (Vaucluse, France)","Avignon (Vaucluse, France) -- Palais des Papes",43.9352448339,4.84071572505,84007.0,Avignon,0.99,Aucun lieu-dit,Palais des Papes,"40. — Avignon. — Palais des Papes. — Corps principal. F. T., éditeur.","43.9507082, 4.8076851","Palais des Papes, Place du Palais, Jaurès - République, Quartier Centre, Avignon, Vaucluse, Provence-Alpes-Côte d'Azur, France métropolitaine, 84000, France",monument_uniformise
FRAD084_07FI007_0119.jpg,[avant 1920],"Dimensions 9 x 14 cm

Données techniques Carte postale pleine feuille, noir et blanc. Aspect mat",9 x 14 cm,"Carte postale pleine feuille, noir et blanc. Aspect mat",,palais,"Avignon (Vaucluse, France)","Avignon (Vaucluse, France) -- Palais des Papes",43.9352448339,4.84071572505,84007.0,Avignon,0.99,Aucun lieu-dit,Palais des Papes,42. — Avignon. — Palais des Papes. — Façade principale.,"43.9507082, 4.8076851","Palais des Papes, Place du Palais, Jaurès - République, Quartier Centre, Avignon, Vaucluse, Provence-Alpes-Côte d'Azur, France métropolitaine, 84000, France",monument_uniformise
FRAD084_07FI007_0190_01.jpg,[avant 1920],"Dimensions 9 x 14 cm

Données techniques Carte postale pleine feuille, noir et blanc. Aspect mat",9 x 14 cm,"Carte postale pleine feuille, noir et blanc. Aspect mat",,palais,"Avignon (Vaucluse, France)","Avignon (Vaucluse, France) -- Palais des Papes",43.9352448339,4.84071572505,84007.0,Avignon,0.99,Aucun lieu-dit,Palais des Papes,"43. — Avignon. — Le Palais des Papes, vu du Clocher de Jacquemart. F. T., éditeur.","43.9507082, 4.8076851","Palais des Papes, Place du Palais, Jaurès - République, Quartier Centre, Avignon, Vaucluse, Provence-Alpes-Côte d'Azur, France métropolitaine, 84000, France",monument_uniformise
FRAD084_07FI007_0081.jpg,[avant 1920],"Dimensions 9 x 14 cm

Données techniques Carte postale pleine feuille, noir et blanc. Aspect mat",9 x 14 cm,"Carte postale pleine feuille, noir et blanc. Aspect mat",,palais,"Avignon (Vaucluse, France)","Avignon (Vaucluse, France) -- Palais des Papes",43.9352448339,4.84071572505,84007.0,Avignon,0.99,Aucun lieu-dit,Palais des Papes,46. AVIGNON Le Palais des Papes,"43.9507082, 4.8076851","Palais des Papes, Place du Palais, Jaurès - République, Quartier Centre, Avignon, Vaucluse, Provence-Alpes-Côte d'Azur, France métropolitaine, 84000, France",monument_uniformise
FRAD084_07FI007_0189.jpg,[avant 1920],"Dimensions 9 x 14 cm

Données techniques Carte postale pleine feuille, noir et blanc. Aspect mat",9 x 14 cm,"Carte postale pleine feuille, noir et blanc. Aspect mat",,palais,"Avignon (Vaucluse, France)","Avignon (Vaucluse, France) -- Palais des Papes",43.9352448339,4.84071572505,84007.0,Avignon,0.99,Aucun lieu-dit,Palais des Papes,49 AVIGNON. - Le Palais des Papes. - Vue prise de la Tour de l'Horloge. - LL,"43.9507082, 4.8076851","Palais des Papes, Place du Palais, Jaurès - République, Quartier Centre, Avignon, Vaucluse, Provence-Alpes-Côte d'Azur, France métropolitaine, 84000, France",monument_uniformise
FRAD084_07FI007_0082_01.jpg,[avant 1920],"Dimensions 9 x 14 cm

Données techniques Carte postale pleine feuille, noir et blanc. Aspect mat",9 x 14 cm,"Carte postale pleine feuille, noir et blanc. Aspect mat",,palais,"Avignon (Vaucluse, France)","Avignon (Vaucluse, France) -- Palais des Papes",43.9352448339,4.84071572505,84007.0,Avignon,0.99,Aucun lieu-dit,Palais des Papes,REPUBLIQUE FRANCAISE 10c 10c POSTES AVIGNON. — Le Palais des Papes — LL.,"43.9507082, 4.8076851","Palais des Papes, Place du Palais, Jaurès - République, Quartier Centre, Avignon, Vaucluse, Provence-Alpes-Côte d'Azur, France métropolitaine, 84000, France",monument_uniformise
FRAD084_07FI007_0084.jpg,[avant 1920],"Dimensions 9 x 14 cm

Données techniques Carte postale pleine feuille, noir et blanc. Aspect mat",9 x 14 cm,"Carte postale pleine feuille, noir et blanc. Aspect mat",Don de M. Lucien Lahaye,palais,"Avignon (Vaucluse, France)","Avignon (Vaucluse, France) -- Palais des Papes",43.9352448339,4.84071572505,84007.0,Avignon,0.99,Aucun lieu-dit,Palais des Papes,39 AVIGNON. — Le Palais des Papes (XIVe Siècle) Collections ND Phot,"43.9507082, 4.8076851","Palais des Papes, Place du Palais, Jaurès - République, Quartier Centre, Avignon, Vaucluse, Provence-Alpes-Côte d'Azur, France métropolitaine, 84000, France",monument_uniformise
FRAD084_07FI007_0200_01.jpg,[avant 1920],"Dimensions 9 x 14 cm

Données techniques Carte postale pleine feuille, noir et blanc. Aspect mat",9 x 14 cm,"Carte postale pleine feuille, noir et blanc. Aspect mat",,palais,"Avignon (Vaucluse, France)","Avignon (Vaucluse, France) -- Palais des Papes",43.9352448339,4.84071572505,84007.0,Avignon,0.99,Aucun lieu-dit,Palais des Papes,52 AVIGNON. — Le Palais des Papes. — La Façade. — LL.,"43.9507082, 4.8076851","Palais des Papes, Place du Palais, Jaurès - République, Quartier Centre, Avignon, Vaucluse, Provence-Alpes-Côte d'Azur, France métropolitaine, 84000, France",monument_uniformise
FRAD084_07FI007_0161.jpg,[avant 1920],"Dimensions 9 x 14 clm

Données techniques Carte postale pleine feuille, noir et blanc. Aspect mat",9 x 14 clm,"Carte postale pleine feuille, noir et blanc. Aspect mat",,palais,"Avignon (Vaucluse, France)","Avignon (Vaucluse, France) -- Palais des Papes",43.9352448339,4.84071572505,84007.0,Avignon,0.98,Aucun lieu-dit,Palais des Papes,53. AVIGNON Vue d'ensemble du Palais des Papes,"43.9507082, 4.8076851","Palais des Papes, Place du Palais, Jaurès - République, Quartier Centre, Avignon, Vaucluse, Provence-Alpes-Côte d'Azur, France métropolitaine, 84000, France",monument_uniformise
FRAD084_07FI007_0169.jpg,[avant 1920],"Dimensions 9 x 14 cm

Données techniques Carte postale pleine feuille, noir et blanc. Aspect mat",9 x 14 cm,"Carte postale pleine feuille, noir et blanc. Aspect mat",,palais,"Avignon (Vaucluse, France)","Avignon (Vaucluse, France) -- Palais des Papes",43.9352448339,4.84071572505,84007.0,Avignon,0.98,Aucun lieu-dit,Palais des Papes,590 Avignon - Vue Générale et le Palais des Papes Guende phot. Marseille,"43.9507082, 4.8076851","Palais des Papes, Place du Palais, Jaurès - République, Quartier Centre, Avignon, Vaucluse, Provence-Alpes-Côte d'Azur, France métropolitaine, 84000, France",monument_uniformise
FRAD084_07FI007_0187.jpg,[avant 1920],"Dimensions 9 x 14 cm

Données techniques Carte postale pleine feuille, noir et blanc. Aspect mat",9 x 14 cm,"Carte postale pleine feuille, noir et blanc. Aspect mat",,palais,"Avignon (Vaucluse, France)","Avignon (Vaucluse, France) -- Palais des Papes",43.9352448339,4.84071572505,84007.0,Avignon,0.99,Aucun lieu-dit,Palais des Papes,62. AVIGNON — Palais des Papes. Vue prise de la Tour de l'Horloge B F CHALON s SAONE,"43.9507082, 4.8076851","Palais des Papes, Place du Palais, Jaurès - République, Quartier Centre, Avignon, Vaucluse, Provence-Alpes-Côte d'Azur, France métropolitaine, 84000, France",monument_uniformise
FRAD084_07FI007_0090.jpg,[avant 1920],"Dimensions 9 x 14 cm

Données techniques Carte postale pleine feuille, noir et blanc. Aspect mat",9 x 14 cm,"Carte postale pleine feuille, noir et blanc. Aspect mat",,palais,"Avignon (Vaucluse, France)","Avignon (Vaucluse, France) -- Palais des Papes",43.9352448339,4.84071572505,84007.0,Avignon,0.98,Aucun lieu-dit,Palais des Papes et Cathédrale,"64. AVIGNON - Palais des Papes et Cathédrale
Cliché et édition Félix (Jean), Avignon","43.9507082, 4.8076851","Palais des Papes, Place du Palais, Jaurès - République, Quartier Centre, Avignon, Vaucluse, Provence-Alpes-Côte d'Azur, France métropolitaine, 84000, France",edifice
FRAD084_07FI007_0139.jpg,[avant 1920],"Dimensions 9 x 14 cm

Données techniques Carte postale pleine feuille, noir et blanc. Aspect mat",9 x 14 cm,"Carte postale pleine feuille, noir et blanc. Aspect mat",,palais,"Avignon (Vaucluse, France)","Avignon (Vaucluse, France) -- Palais des Papes",43.9352448339,4.84071572505,84007.0,Avignon,0.99,Aucun lieu-dit,Palais des Papes,"65. - AVIGNON. - Façade principale du Palais des PAPES Partie du Palais bâtie par Clément VI (1342-1352). dont les Armoiries se trouvent encore au-dessus de la Porte d'entrée et aux Clefs de Voûte Coll. ""TOURIST"" (Repr. Interd.). F. Beau, édit., Avignon","43.9507082, 4.8076851","Palais des Papes, Place du Palais, Jaurès - République, Quartier Centre, Avignon, Vaucluse, Provence-Alpes-Côte d'Azur, France métropolitaine, 84000, France",monument_uniformise
FRAD084_07FI007_0132.jpg,[avant 1920],"Dimensions 9 x 14 cm

Données techniques Carte postale pleine feuille, noir et blanc. Aspect mat",9 x 14 cm,"Carte postale pleine feuille, noir et blanc. Aspect mat",,palais,"Avignon (Vaucluse, France)","Avignon (Vaucluse, France) -- Palais des Papes",43.9352448339,4.84071572505,84007.0,Avignon,0.99,Aucun lieu-dit,Palais des Papes,67 - AVIGNON Palais des Papes - Vue Générale - I.D.A.,"43.9507082, 4.8076851","Palais des Papes, Place du Palais, Jaurès - République, Quartier Centre, Avignon, Vaucluse, Provence-Alpes-Côte d'Azur, France métropolitaine, 84000, France",monument_uniformise
FRAD084_07FI007_0186_01.jpg,[avant 1920],"Dimensions 9 x 14 cm

Données techniques Carte postale pleine feuille, noir et blanc. Aspect mat",9 x 14 cm,"Carte postale pleine feuille, noir et blanc. Aspect mat",,palais,"Avignon (Vaucluse, France)","Avignon (Vaucluse, France) -- Palais des Papes",43.9352448339,4.84071572505,84007.0,Avignon,0.99,Aucun lieu-dit,Palais des Papes,"68 - AVIGNON - Palais des Papes, vu de la Tour de Jaquemard
30/10/9
Bon souvenir.
Yvonne Albert

REPUBLIQUE FRANCAISE

POSTES

Giché et Edit. Félix Jean - Avignon","43.9507082, 4.8076851","Palais des Papes, Place du Palais, Jaurès - République, Quartier Centre, Avignon, Vaucluse, Provence-Alpes-Côte d'Azur, France métropolitaine, 84000, France",monument_uniformise
FRAD084_07FI007_0116.jpg,[avant 1920],"Dimensions 9 x 14 cm

Données techniques Carte postale pleine feuille, noir et blanc. Aspect mat",9 x 14 cm,"Carte postale pleine feuille, noir et blanc. Aspect mat",,palais,"Avignon (Vaucluse, France)","Avignon (Vaucluse, France) -- Palais des Papes",43.9352448339,4.84071572505,84007.0,Avignon,0.99,Aucun lieu-dit,Palais des Papes,7 AVIGNON. — Le Palais des Papes. — LL.,"43.9507082, 4.8076851","Palais des Papes, Place du Palais, Jaurès - République, Quartier Centre, Avignon, Vaucluse, Provence-Alpes-Côte d'Azur, France métropolitaine, 84000, France",monument_uniformise
FRAD084_07FI007_0118.jpg,[avant 1920],"Dimensions 9 x 14 cm

Données techniques Carte postale pleine feuille, noir et blanc. Aspect mat",9 x 14 cm,"Carte postale pleine feuille, noir et blanc. Aspect mat",,palais,"Avignon (Vaucluse, France)","Avignon (Vaucluse, France) -- Palais des Papes",43.9352448339,4.84071572505,84007.0,Avignon,0.99,Aucun lieu-dit,Palais des Papes,7 AVIGNON. — Le Palais des Papes. — LL,"43.9507082, 4.8076851","Palais des Papes, Place du Palais, Jaurès - République, Quartier Centre, Avignon, Vaucluse, Provence-Alpes-Côte d'Azur, France métropolitaine, 84000, France",monument_uniformise
FRAD084_07FI007_0134_01.jpg,[avant 1920],"Dimensions 9 x 14 cm

Données techniques Carte postale pleine feuille, noir et blanc. Aspect mat",9 x 14 cm,"Carte postale pleine feuille, noir et blanc. Aspect mat",,palais,"Avignon (Vaucluse, France)","Avignon (Vaucluse, France) -- Palais des Papes",43.9352448339,4.84071572505,84007.0,Avignon,0.99,Aucun lieu-dit,Palais des Papes,7 AVIGNON. - Le Palais des Papes. - LL SELECTA,"43.9507082, 4.8076851","Palais des Papes, Place du Palais, Jaurès - République, Quartier Centre, Avignon, Vaucluse, Provence-Alpes-Côte d'Azur, France métropolitaine, 84000, France",monument_uniformise
FRAD084_07FI007_0113.jpg,[avant 1920],"Dimensions 9 x 14 cm

Données techniques Carte postales pleine feuilles, noir et blanc. Aspect mat",9 x 14 cm,"Carte postales pleine feuilles, noir et blanc. Aspect mat",,palais,"Avignon (Vaucluse, France)","Avignon (Vaucluse, France) -- Palais des Papes",43.9352448339,4.84071572505,84007.0,Avignon,0.99,Aucun lieu-dit,Palais des Papes,7. AVIGNON. — Palais des papes — Corps principal. Oust (Édition du Comtat.),"43.9507082, 4.8076851","Palais des Papes, Place du Palais, Jaurès - République, Quartier Centre, Avignon, Vaucluse, Provence-Alpes-Côte d'Azur, France métropolitaine, 84000, France",monument_uniformise
FRAD084_07FI007_0100_01.jpg,[avant 1920],"Nombre d'éléments 2

Dimensions 9 x 14 cm

Données techniques Carte postale pleine feuille, noir et blanc. Aspect mat",9 x 14 cm,"Carte postale pleine feuille, noir et blanc. Aspect mat",,palais,"Avignon (Vaucluse, France)","Avignon (Vaucluse, France) -- Palais des Papes",43.9352448339,4.84071572505,84007.0,Avignon,0.99,Aucun lieu-dit,Palais des Papes et la Cathédrale,73 AVIGNON. — Le Palais des Papes et la Cathédrale. — LL,"43.9507082, 4.8076851","Palais des Papes, Place du Palais, Jaurès - République, Quartier Centre, Avignon, Vaucluse, Provence-Alpes-Côte d'Azur, France métropolitaine, 84000, France",edifice
FRAD084_07FI007_0085.jpg,[avant 1920],"Dimensions 9 x 14 cm

Données techniques Carte postale pleine feuille, noir et blanc. Aspect mat",9 x 14 cm,"Carte postale pleine feuille, noir et blanc. Aspect mat",,palais,"Avignon (Vaucluse, France)","Avignon (Vaucluse, France) -- Palais des Papes",43.9352448339,4.84071572505,84007.0,Avignon,0.98,Aucun lieu-dit,palais des Papes et la cathédrale,9 AVIGNON. — Le Palais des Papes et la Cathédrale. — LL,"43.9507082, 4.8076851","Palais des Papes, Place du Palais, Jaurès - République, Quartier Centre, Avignon, Vaucluse, Provence-Alpes-Côte d'Azur, France métropolitaine, 84000, France",edifice
FRAD084_07FI007_0111_01.jpg,[avant 1920],"Dimensions 9 x 14 cm

Données techniques Carte postale pleine feuille, noir et blanc. Aspect mat",9 x 14 cm,"Carte postale pleine feuille, noir et blanc. Aspect mat",,palais,"Avignon (Vaucluse, France)","Avignon (Vaucluse, France) -- Palais des Papes",43.9352448339,4.84071572505,84007.0,Avignon,0.99,Aucun lieu-dit,Palais des Papes,"97 AVIGNON — Palais des Papes — Façade principale (Partie du Palais bâtie sous Clément VI (1342-1352) F. Beau, édit., Avignon (Repr. int)","43.9507082, 4.8076851","Palais des Papes, Place du Palais, Jaurès - République, Quartier Centre, Avignon, Vaucluse, Provence-Alpes-Côte d'Azur, France métropolitaine, 84000, France",monument_uniformise
FRAD084_07FI007_0115_01.jpg,[avant 1920],"Dimensions 9 x 14 cm

Données techniques Carte postale pleine feuille, noir et blanc. Aspect mat",9 x 14 cm,"Carte postale pleine feuille, noir et blanc. Aspect mat",,palais,"Avignon (Vaucluse, France)","Avignon (Vaucluse, France) -- Palais des Papes",43.9352448339,4.84071572505,84007.0,Avignon,0.99,Aucun lieu-dit,Palais des Papes,"99. AVIGNON — Façade principale du Palais des Papes Partie du Palais bâtie sous Clément VI (1342-1352), dont les armoiries se trouvent encore au-dessus de la Porte d'entrée et aux clefs de voûte REPUBLIQUE FRANÇAISE 5c POSTES belles Galeries","43.9507082, 4.8076851","Palais des Papes, Place du Palais, Jaurès - République, Quartier Centre, Avignon, Vaucluse, Provence-Alpes-Côte d'Azur, France métropolitaine, 84000, France",monument_uniformise
FRAD084_07FI007_0112.jpg,[avant 1920],"Dimensions 9 x 14 cm

Données techniques Carte postale pleine feuille, noir et blanc. Aspect mat",9 x 14 cm,"Carte postale pleine feuille, noir et blanc. Aspect mat",,palais,"Avignon (Vaucluse, France)","Avignon (Vaucluse, France) -- Palais des Papes",43.9352448339,4.84071572505,84007.0,Avignon,0.99,Aucun lieu-dit,Palais des Papes,"99. AVIGNON — Palais des Papes — Façade principale Partie du Palais bâtie sous Clément VI (1342-1352), dont des armoiries se trouvent encore au-dessus de la Porte d'entrée et aux clefs de voûte Cliché F. Beau","43.9507082, 4.8076851","Palais des Papes, Place du Palais, Jaurès - République, Quartier Centre, Avignon, Vaucluse, Provence-Alpes-Côte d'Azur, France métropolitaine, 84000, France",monument_uniformise
FRAD084_07FI007_0138.jpg,[avant 1920],"Dimensions 10 x 14 cm

Données techniques Carte postale pleine feuille, noir et blanc. Aspect mat",10 x 14 cm,"Carte postale pleine feuille, noir et blanc. Aspect mat",,palais,"Avignon (Vaucluse, France)","Avignon (Vaucluse, France) -- Palais des Papes",43.9352448339,4.84071572505,84007.0,Avignon,0.99,Aucun lieu-dit,Palais des Papes,"AVIGNON. - Façade principale du Palais des Papes Partie du Palais bâtie sous Clément VI (1342-1352), dont les armoiries se trouvent encore au-dessus de la porte d'entrée et aux clefs de voûte.","43.9507082, 4.8076851","Palais des Papes, Place du Palais, Jaurès - République, Quartier Centre, Avignon, Vaucluse, Provence-Alpes-Côte d'Azur, France métropolitaine, 84000, France",monument_uniformise
FRAD084_07FI007_0133.jpg,[avant 1920],"Dimensions 9 x 14 cm

Données techniques Carte postale pleine feuille, noir et blanc. Aspect mat",9 x 14 cm,"Carte postale pleine feuille, noir et blanc. Aspect mat",,palais,"Avignon (Vaucluse, France)","Avignon (Vaucluse, France) -- Palais des Papes",43.9352448339,4.84071572505,84007.0,Avignon,0.99,Aucun lieu-dit,Palais des Papes,"AVIGNON. — Façade principale du Palais des Papes Partie du Palais bâtie sous Clément VI (1342-1352), dont les armoiries se trouvent encore au-dessus de la porte d'entrée et aux clefs de voûte. IDEALE M.F.B.","43.9507082, 4.8076851","Palais des Papes, Place du Palais, Jaurès - République, Quartier Centre, Avignon, Vaucluse, Provence-Alpes-Côte d'Azur, France métropolitaine, 84000, France",monument_uniformise
FRAD084_07FI007_0143.jpg,[avant 1920],"Dimensions 9 x 14 cm

Données techniques Carte postale pleine feuille, noir et blanc. Aspect mat",9 x 14 cm,"Carte postale pleine feuille, noir et blanc. Aspect mat",,palais,"Avignon (Vaucluse, France)","Avignon (Vaucluse, France) -- Palais des Papes",43.9352448339,4.84071572505,84007.0,,0.98,Aucun lieu-dit,Palais des Papes,,"43.9352448339, 4.84071572505",,commune (fallback)
FRAD084_07FI007_0124_01.jpg,[avant 1920],"Dimensions 9 x 14 cm

Données techniques Carte postale pleine feuille, couleur. Aspect mat",9 x 14 cm,"Carte postale pleine feuille, couleur. Aspect mat",,palais,"Avignon (Vaucluse, France)","Avignon (Vaucluse, France) -- Palais des Papes",43.9352448339,4.84071572505,84007.0,Avignon,0.99,Aucun lieu-dit,Palais des Papes,AVIGNON. — Le Palais des Papes. REPUBLIQUE FRANCAISE 10c POSTES,"43.9507082, 4.8076851","Palais des Papes, Place du Palais, Jaurès - République, Quartier Centre, Avignon, Vaucluse, Provence-Alpes-Côte d'Azur, France métropolitaine, 84000, France",monument_uniformise
FRAD084_07FI007_0117.jpg,[avant 1920],"Dimensions 9 x 14 cm

Données techniques Carte postale pleine feuille, noir et blanc. Aspect mat",9 x 14 cm,"Carte postale pleine feuille, noir et blanc. Aspect mat",,palais,"Avignon (Vaucluse, France)","Avignon (Vaucluse, France) -- Palais des Papes",43.9352448339,4.84071572505,84007.0,Avignon,0.99,Aucun lieu-dit,Palais des Papes,AVIGNON - Le Palais des Papes,"43.9507082, 4.8076851","Palais des Papes, Place du Palais, Jaurès - République, Quartier Centre, Avignon, Vaucluse, Provence-Alpes-Côte d'Azur, France métropolitaine, 84000, France",monument_uniformise
FRAD084_07FI007_0166.jpg,[avant 1920],"Dimensions 9 x 14 cm

Données techniques Carte postale pleine feuille, noir et blanc. Aspect mat",9 x 14 cm,"Carte postale pleine feuille, noir et blanc. Aspect mat",,palais,"Avignon (Vaucluse, France)","Avignon (Vaucluse, France) -- Palais des Papes",43.9352448339,4.84071572505,84007.0,Avignon,0.95,Aucun lieu-dit,Palais des Papes,"9
AVIGNON. — Le Palais des Papes, XIVe siècle.
Tour St Laurent
Tour des Anges
Tour St Jean
ND. Phot.
Trouillas","43.9507082, 4.8076851","Palais des Papes, Place du Palais, Jaurès - République, Quartier Centre, Avignon, Vaucluse, Provence-Alpes-Côte d'Azur, France métropolitaine, 84000, France",monument_uniformise
FRAD084_07FI007_0185_01.jpg,[avant 1920],"Dimensions 9 x14 cm

Données techniques Carte postale pleine feuille, noir et blanc. Aspect mat",9 x14 cm,"Carte postale pleine feuille, noir et blanc. Aspect mat",,palais,"Avignon (Vaucluse, France)","Avignon (Vaucluse, France) -- Palais des Papes",43.9352448339,4.84071572505,84007.0,Avignon,0.98,Aucun lieu-dit,Monument du Centenaire,AVIGNON. - N.D. des Doms - Le Palais des Papes (côté Sud) Le Monument du Centenaire (Vue prise du Clocher de la Mairie),"43.9473264, 4.7992785","Statue du Centenaire, Boulevard Saint-Dominique, Joseph Vernet, Quartier Centre, Avignon, Vaucluse, Provence-Alpes-Côte d'Azur, France métropolitaine, 84000, France",monument_uniformise
FRAD084_07FI007_0123.jpg,[avant 1920],"Dimensions 9 x 14 cm

Données techniques Carte postale pleine feuille, couleur. Aspect mat",9 x 14 cm,"Carte postale pleine feuille, couleur. Aspect mat",,palais,"Avignon (Vaucluse, France)","Avignon (Vaucluse, France) -- Palais des Papes",43.9352448339,4.84071572505,84007.0,,0.99,Aucun lieu-dit,Palais des Papes,,"43.9352448339, 4.84071572505",,commune (fallback)
FRAD084_07FI007_0135_01.jpg,[avant 1920],"Dimensions 9 x 14 cm

Données techniques Carte postale pleine feuille, noir et blanc. Aspect mat",9 x 14 cm,"Carte postale pleine feuille, noir et blanc. Aspect mat",,palais,"Avignon (Vaucluse, France)","Avignon (Vaucluse, France) -- Palais des Papes",43.9352448339,4.84071572505,84007.0,Avignon,0.98,Aucun lieu-dit,Palais des Papes,AVIGNON.13 Palais des Papes. Façade principale. La partie la plus rapprochée de la Cathédrale (Tour Campane comprise) fut bâtie sous les Pontificats de Jean XXII (1315) et Benoît XII (1335-1342). Clément VI continua l'œuvre de ses prédécesseurs en faisant construire l'énorme corps de logis occidental et une partie des bâtiments qui le bornent au Midi. Collection « Idéale » E. B.,"43.9507082, 4.8076851","Palais des Papes, Place du Palais, Jaurès - République, Quartier Centre, Avignon, Vaucluse, Provence-Alpes-Côte d'Azur, France métropolitaine, 84000, France",monument_uniformise
FRAD084_07FI007_0137.jpg,[avant 1920],"Dimensions 9 x 14 cm

Données techniques Carte postale pleine feuille, noir et blanc. Aspect mat",9 x 14 cm,"Carte postale pleine feuille, noir et blanc. Aspect mat",,palais,"Avignon (Vaucluse, France)","Avignon (Vaucluse, France) -- Palais des Papes",43.9352448339,4.84071572505,84007.0,Avignon,0.99,Aucun lieu-dit,Palais des Papes,AVIGNON - Palais des Papes - Façade principale Partie du Palais bâtie sous Clément VI (1342-1352) IDÉALE M.F.B.,"43.9507082, 4.8076851","Palais des Papes, Place du Palais, Jaurès - République, Quartier Centre, Avignon, Vaucluse, Provence-Alpes-Côte d'Azur, France métropolitaine, 84000, France",monument_uniformise
FRAD084_07FI007_0209.jpg,[avant 1920],"Dimensions 9 x 14 cm

Données techniques Carte postale pleine feuille, noir et blanc. Aspect mat",9 x 14 cm,"Carte postale pleine feuille, noir et blanc. Aspect mat",,palais,"Avignon (Vaucluse, France)","Avignon (Vaucluse, France) -- Palais des Papes",43.9352448339,4.84071572505,84007.0,Avignon,0.99,Aucun lieu-dit,Palais des Papes,AVIGNON. - Palais des Papes. - Sortie de l'Exposition. Edit. F. Beau,"43.9507082, 4.8076851","Palais des Papes, Place du Palais, Jaurès - République, Quartier Centre, Avignon, Vaucluse, Provence-Alpes-Côte d'Azur, France métropolitaine, 84000, France",monument_uniformise
FRAD084_07FI007_0093.jpg,[avant 1920],"Dimensions 9 x 14 cm

Données techniques Carte postale pleine feuille, noir et blanc. Aspect mat",9 x 14 cm,"Carte postale pleine feuille, noir et blanc. Aspect mat",,palais,"Avignon (Vaucluse, France)","Avignon (Vaucluse, France) -- Palais des Papes",43.9352448339,4.84071572505,84007.0,Avignon,0.99,Aucun lieu-dit,Palais des Papes,AVIGNON. — Palais des Papes. — Vue Générale. — LL. Gliche R. N.,"43.9507082, 4.8076851","Palais des Papes, Place du Palais, Jaurès - République, Quartier Centre, Avignon, Vaucluse, Provence-Alpes-Côte d'Azur, France métropolitaine, 84000, France",monument_uniformise
FRAD084_07FI007_0106_01.jpg,[vers 1930],"Dimensions 9 x 14 cm

Données techniques Carte postale avec bordure, sépia. Aspect mat",9 x 14 cm,"Carte postale avec bordure, sépia. Aspect mat",,palais,"Avignon (Vaucluse, France)","Avignon (Vaucluse, France) -- Palais des Papes",43.9352448339,4.84071572505,84007.0,Avignon,0.98,Aucun lieu-dit,Palais des Papes,RF 12f POSTES GARE 7SN 8-7 1951 Alain,"43.9507082, 4.8076851","Palais des Papes, Place du Palais, Jaurès - République, Quartier Centre, Avignon, Vaucluse, Provence-Alpes-Côte d'Azur, France métropolitaine, 84000, France",monument_uniformise
FRAD084_07FI007_0195.jpg,[vers 1930],"Dimensions 9 x 14 cm

Données techniques Carte postale avec bordure, sépia. Aspect mat",9 x 14 cm,"Carte postale avec bordure, sépia. Aspect mat",,palais,"Avignon (Vaucluse, France)","Avignon (Vaucluse, France) -- Palais des Papes",43.9352448339,4.84071572505,84007.0,Avignon,0.95,Aucun lieu-dit,BANQUE DE FRANCE,BANQUE DE FRANCE,"43.9104228, 4.8870992","Banque de France, Rue Baruch de Spinoza, Agroparc, Quartier Agroparc, Avignon, Vaucluse, Provence-Alpes-Côte d'Azur, France métropolitaine, 84000, France",monument_uniformise
FRAD084_07FI007_0130.jpg,[vers 1930],"Dimensions 9 x 14 cm

Données techniques Carte postale avec bordure, sépia. Aspect mat",9 x 14 cm,"Carte postale avec bordure, sépia. Aspect mat",,palais,"Avignon (Vaucluse, France)","Avignon (Vaucluse, France) -- Palais des Papes",43.9352448339,4.84071572505,84007.0,Avignon,0.98,Aucun lieu-dit,Palais des Papes,Yvon,"43.9507082, 4.8076851","Palais des Papes, Place du Palais, Jaurès - République, Quartier Centre, Avignon, Vaucluse, Provence-Alpes-Côte d'Azur, France métropolitaine, 84000, France",monument_uniformise
FRAD084_07FI007_0150.jpg,[vers 1930],"Dimensions 9 x 14 cm

Données techniques Carte postale avec bordure, sépia. Aspect mat",9 x 14 cm,"Carte postale avec bordure, sépia. Aspect mat",,palais,"Avignon (Vaucluse, France)","Avignon (Vaucluse, France) -- Palais des Papes",43.9352448339,4.84071572505,84007.0,,0.95,Aucun lieu-dit,Aucun monument,yon,"43.9352448339, 4.84071572505",,commune (fallback)
FRAD084_07FI007_0071.jpg,[vers 1930],"Dimensions 9 x 14 cm

Données techniques Carte postale avec bordure, sépia. Aspect mat",9 x 14 cm,"Carte postale avec bordure, sépia. Aspect mat",,palais,"Avignon (Vaucluse, France)","Avignon (Vaucluse, France) -- Palais des Papes",43.9352448339,4.84071572505,84007.0,Avignon,0.95,Aucun lieu-dit,Aucun monument,Rella,"43.9507082, 4.8076851","Palais des Papes, Place du Palais, Jaurès - République, Quartier Centre, Avignon, Vaucluse, Provence-Alpes-Côte d'Azur, France métropolitaine, 84000, France",edifice
FRAD084_07FI007_0196_01.jpg,[vers 1930],"Dimensions 9 x 14 cm

Données techniques Carte postale avec bordure, sépia. Aspect mat",9 x 14 cm,"Carte postale avec bordure, sépia. Aspect mat",,palais,"Avignon (Vaucluse, France)","Avignon (Vaucluse, France) -- Palais des Papes",43.9352448339,4.84071572505,84007.0,Avignon,0.95,Aucun lieu-dit,Palais des Papes,Yvon,"43.9507082, 4.8076851","Palais des Papes, Place du Palais, Jaurès - République, Quartier Centre, Avignon, Vaucluse, Provence-Alpes-Côte d'Azur, France métropolitaine, 84000, France",monument_uniformise
FRAD084_07FI007_0198.jpg,[vers 1930],"Dimensions 9 x 14 cm

Données techniques Carte postale avec bordure, sépia. Aspect mat",9 x 14 cm,"Carte postale avec bordure, sépia. Aspect mat",,palais,"Avignon (Vaucluse, France)","Avignon (Vaucluse, France) -- Palais des Papes",43.9352448339,4.84071572505,84007.0,Avignon,0.95,Aucun lieu-dit,Eglise de Avignon,Rella,"43.9438148, 4.807879","Ancienne Église des Célestins, Rue Saint-Michel, Jaurès - République, Quartier Centre, Avignon, Vaucluse, Provence-Alpes-Côte d'Azur, France métropolitaine, 84000, France",monument_uniformise
FRAD084_07FI007_0165.jpg,[vers 1930],"Dimensions 9 x 14 cm

Données techniques Carte postale avec bordure, sépia. Aspect mat",9 x 14 cm,"Carte postale avec bordure, sépia. Aspect mat",,palais,"Avignon (Vaucluse, France)","Avignon (Vaucluse, France) -- Palais des Papes",43.9352448339,4.84071572505,84007.0,,0.95,Aucun lieu-dit,Aucun monument,yvon,"43.9352448339, 4.84071572505",,commune (fallback)
FRAD084_07FI007_0107.jpg,[vers 1930],"Dimensions 9 x 14 cm

Données techniques Carte postale avec bordure, sépia. Aspect mat",9 x 14 cm,"Carte postale avec bordure, sépia. Aspect mat",,palais,"Avignon (Vaucluse, France)","Avignon (Vaucluse, France) -- Palais des Papes",43.9352448339,4.84071572505,84007.0,Avignon,0.95,Aucun lieu-dit,Château d'Avignon,J. JOH,"43.9451691, 4.9856951","Château de Thouzon, Chemin de la Ruine, Le Thor, Avignon, Vaucluse, Provence-Alpes-Côte d'Azur, France métropolitaine, 84250, France",monument_uniformise
FRAD084_07FI007_0067.jpg,[vers 1930],"Dimensions 9 x 14 cm

Données techniques Carte postale pleine feuille, noir et blanc. Aspect mat",9 x 14 cm,"Carte postale pleine feuille, noir et blanc. Aspect mat",,palais,"Avignon (Vaucluse, France)","Avignon (Vaucluse, France) -- Palais des Papes",43.9352448339,4.84071572505,84007.0,Avignon,0.98,Aucun lieu-dit,Palais des Papes,17. AVIGNON — Palais des Papes — Les Remparts et le Rhône,"43.9507082, 4.8076851","Palais des Papes, Place du Palais, Jaurès - République, Quartier Centre, Avignon, Vaucluse, Provence-Alpes-Côte d'Azur, France métropolitaine, 84000, France",monument_uniformise
FRAD084_07FI007_0140.jpg,[vers 1930],"Dimensions 9 x 14 cm

Données techniques Carte postale avec bordure, noir et blanc. Aspect mat",9 x 14 cm,"Carte postale avec bordure, noir et blanc. Aspect mat",,palais,"Avignon (Vaucluse, France)","Avignon (Vaucluse, France) -- Palais des Papes",43.9352448339,4.84071572505,84007.0,Avignon,0.98,Aucun lieu-dit,Palais des Papes,armane (g'anes) 9 AVIGNON - Façade du Palais des Papes,"43.9507082, 4.8076851","Palais des Papes, Place du Palais, Jaurès - République, Quartier Centre, Avignon, Vaucluse, Provence-Alpes-Côte d'Azur, France métropolitaine, 84000, France",monument_uniformise
FRAD084_07FI007_0170.jpg,[vers 1930],"Dimensions 9 x 14 cm

Données techniques Carte postale avec bordure, noir et blanc. Aspect mat",9 x 14 cm,"Carte postale avec bordure, noir et blanc. Aspect mat",,palais,"Avignon (Vaucluse, France)","Avignon (Vaucluse, France) -- Palais des Papes",43.9352448339,4.84071572505,84007.0,Avignon,0.98,Aucun lieu-dit,Clocher St-Pierre et Palais des Papes,AVIGNON - Clocher St-Pierre et Palais des Papes *IDÉALE*,"43.9507082, 4.8076851","Palais des Papes, Place du Palais, Jaurès - République, Quartier Centre, Avignon, Vaucluse, Provence-Alpes-Côte d'Azur, France métropolitaine, 84000, France",edifice
FRAD084_07FI007_0151_01.jpg,[vers 1930],"Dimensions 9 x 14 cm

Données techniques Carte postale avec bordure, sépia. Aspect mat",9 x 14 cm,"Carte postale avec bordure, sépia. Aspect mat",,palais,"Avignon (Vaucluse, France)","Avignon (Vaucluse, France) -- Palais des Papes",43.9352448339,4.84071572505,84007.0,Avignon,0.99,Aucun lieu-dit,Palais des Papes,"AVIGNON. — Façade principale du Palais des Papes. Partie du Palais bâtie sous Clément VI (1342-1352), dont les armoiries se trouvent encore au-dessus de la porte d'entrée et aux clefs de voûte. IDEALE M. F. B.","43.9507082, 4.8076851","Palais des Papes, Place du Palais, Jaurès - République, Quartier Centre, Avignon, Vaucluse, Provence-Alpes-Côte d'Azur, France métropolitaine, 84000, France",monument_uniformise
FRAD084_07FI007_0110.jpg,[vers 1930],"Dimensions 9 x 14 cm

Données techniques Carte postale avec bordure, noir et blanc. Aspect mat",9 x 14 cm,"Carte postale avec bordure, noir et blanc. Aspect mat",,palais,"Avignon (Vaucluse, France)","Avignon (Vaucluse, France) -- Palais des Papes",43.9352448339,4.84071572505,84007.0,Avignon,0.99,Aucun lieu-dit,Palais des Papes,AVIGNON - Façade principale du Palais des Papes Phot Combier - Macon,"43.9507082, 4.8076851","Palais des Papes, Place du Palais, Jaurès - République, Quartier Centre, Avignon, Vaucluse, Provence-Alpes-Côte d'Azur, France métropolitaine, 84000, France",monument_uniformise
FRAD084_07FI007_0131.jpg,[vers 1930],"Dimensions 9 x 14 cm

Données techniques Carte postale avec bordure, sépia. Aspect mat",9 x 14 cm,"Carte postale avec bordure, sépia. Aspect mat",,palais,"Avignon (Vaucluse, France)","Avignon (Vaucluse, France) -- Palais des Papes",43.9352448339,4.84071572505,84007.0,Avignon,0.99,Aucun lieu-dit,Palais des Papes,Almanach Vermot AVIGNON. — Le Palais des Papes. Cl. Horizons de France,"43.9507082, 4.8076851","Palais des Papes, Place du Palais, Jaurès - République, Quartier Centre, Avignon, Vaucluse, Provence-Alpes-Côte d'Azur, France métropolitaine, 84000, France",monument_uniformise
FRAD084_07FI007_0145.jpg,[vers 1930],"Dimensions 9 x 14 cm

Données techniques Carte postale avec bordure, sépia. Aspect mat",9 x 14 cm,"Carte postale avec bordure, sépia. Aspect mat",,palais,"Avignon (Vaucluse, France)","Avignon (Vaucluse, France) -- Palais des Papes",43.9352448339,4.84071572505,84007.0,,0.99,Aucun lieu-dit,Palais des Papes,,"43.9352448339, 4.84071572505",,commune (fallback)
FRAD084_07FI007_0141.jpg,[vers 1930],"Dimensions 9 x 14 cm

Données techniques Carte postale avec bordure, sépia. Aspect mat",9 x 14 cm,"Carte postale avec bordure, sépia. Aspect mat",,palais,"Avignon (Vaucluse, France)","Avignon (Vaucluse, France) -- Palais des Papes",43.9352448339,4.84071572505,84007.0,,0.98,Aucun lieu-dit,Palais des Papes,,"43.9352448339, 4.84071572505",,commune (fallback)
FRAD084_07FI007_0129.jpg,[vers 1930],"Dimensions 9 x 14 cm

Données techniques Carte postale avec bordure, verdâtre. Aspect mat",9 x 14 cm,"Carte postale avec bordure, verdâtre. Aspect mat",,palais,"Avignon (Vaucluse, France)","Avignon (Vaucluse, France) -- Palais des Papes",43.9352448339,4.84071572505,84007.0,Avignon,0.99,Aucun lieu-dit,Palais des Papes,"AGENDA P.L.M. 1924
AVIGNON. — PALAIS DES PAPES
C. Meurisse","43.9507082, 4.8076851","Palais des Papes, Place du Palais, Jaurès - République, Quartier Centre, Avignon, Vaucluse, Provence-Alpes-Côte d'Azur, France métropolitaine, 84000, France",monument_uniformise
FRAD084_07FI007_0197_01.jpg,[vers 1930],"Dimensions 9 x 14 cm

Données techniques Carte postale avec bordure, sépia. Aspect mat",9 x 14 cm,"Carte postale avec bordure, sépia. Aspect mat",,palais,"Avignon (Vaucluse, France)","Avignon (Vaucluse, France) -- Palais des Papes",43.9352448339,4.84071572505,84007.0,Avignon,0.95,Aucun lieu-dit,Palais des Papes et Banque de France,AVIGNON. — Palais des Papes et Banque de France — Vue prise de la Tour Jacquemard,"43.9507082, 4.8076851","Palais des Papes, Place du Palais, Jaurès - République, Quartier Centre, Avignon, Vaucluse, Provence-Alpes-Côte d'Azur, France métropolitaine, 84000, France",edifice
FRAD084_07FI007_0148.jpg,[vers 1930],"Dimensions 9 x 14 cm

Données techniques Carte postale avec bordure, sépia. Aspect mat",9 x 14 cm,"Carte postale avec bordure, sépia. Aspect mat",,palais,"Avignon (Vaucluse, France)","Avignon (Vaucluse, France) -- Palais des Papes",43.9352448339,4.84071572505,84007.0,Avignon,0.98,Aucun lieu-dit,Palais des Papes,La partie la plus rapprochée de la Cathédrale (Tour Campane comprise) fut bâtie sous les Pontificats de Jean XXII (1315) et Benoît XII (1335-1342). Clément VI continua l'oeuvre de ses prédécesseurs en faisant construire l'énorme corps de Logis occidental et une partie des bâtiments qui le bornent au Midi. IDEALE F. B. AVIGNON. — Palais des Papes — Façade principale,"43.9507082, 4.8076851","Palais des Papes, Place du Palais, Jaurès - République, Quartier Centre, Avignon, Vaucluse, Provence-Alpes-Côte d'Azur, France métropolitaine, 84000, France",monument_uniformise
FRAD084_07FI007_0149_01.jpg,[vers 1930],"Dimensions 9 x 14 cm

Données techniques Carte postale avec bordure, sépia. Aspect mat",9 x 14 cm,"Carte postale avec bordure, sépia. Aspect mat",,palais,"Avignon (Vaucluse, France)","Avignon (Vaucluse, France) -- Palais des Papes",43.9352448339,4.84071572505,84007.0,Avignon,0.98,Aucun lieu-dit,Palais des Papes,La partie la plus rapprochée de la Cathédrale (Tour Campane comprise) fut bâtie sous les Pontificats de Jean XXII (1315) et Benoît XII (1335-1342). Clément VI continua l'œuvre de ses prédécesseurs en faisant construire l'énorme corps de Logis occidental et une partie des bâtiments qui le bornent au Midi. AVIGNON. — Palais des Papes — Façade principale,"43.9507082, 4.8076851","Palais des Papes, Place du Palais, Jaurès - République, Quartier Centre, Avignon, Vaucluse, Provence-Alpes-Côte d'Azur, France métropolitaine, 84000, France",monument_uniformise
FRAD084_07FI007_0146.jpg,[vers 1930],"Dimensions 9 x 14 cm

Données techniques Carte postale avec bordure, sépia. Aspect mat",9 x 14 cm,"Carte postale avec bordure, sépia. Aspect mat",,palais,"Avignon (Vaucluse, France)","Avignon (Vaucluse, France) -- Palais des Papes",43.9352448339,4.84071572505,84007.0,Avignon,0.95,Aucun lieu-dit,Palais des Papes,"Collection "" Alpin ""","43.9507082, 4.8076851","Palais des Papes, Place du Palais, Jaurès - République, Quartier Centre, Avignon, Vaucluse, Provence-Alpes-Côte d'Azur, France métropolitaine, 84000, France",monument_uniformise
FRAD084_07FI007_0154_01.jpg,[vers 1950],"Dimensions 9 x 14 cm

Données techniques Carte postale pleine feuille, noir et blanc. Aspect brillant",9 x 14 cm,"Carte postale pleine feuille, noir et blanc. Aspect brillant",,palais,"Avignon (Vaucluse, France)","Avignon (Vaucluse, France) -- Palais des Papes",43.9352448339,4.84071572505,84007.0,Avignon,0.95,Aucun lieu-dit,La Cigogne,LA CIGOGNE,"43.9507082, 4.8076851","Palais des Papes, Place du Palais, Jaurès - République, Quartier Centre, Avignon, Vaucluse, Provence-Alpes-Côte d'Azur, France métropolitaine, 84000, France",edifice
FRAD084_07FI007_0156.jpg,[vers 1960],"Dimensions 9 x 14 cm

Données techniques Carte postale avec bordure, noir et blanc. Aspect brillant",9 x 14 cm,"Carte postale avec bordure, noir et blanc. Aspect brillant",,palais,"Avignon (Vaucluse, France)","Avignon (Vaucluse, France) -- Palais des Papes",43.9352448339,4.84071572505,84007.0,Avignon,0.95,Aucun lieu-dit,Eglise de Avignon,Yvon,"43.9438148, 4.807879","Ancienne Église des Célestins, Rue Saint-Michel, Jaurès - République, Quartier Centre, Avignon, Vaucluse, Provence-Alpes-Côte d'Azur, France métropolitaine, 84000, France",monument_uniformise
FRAD084_07FI007_0157.jpg,[vers 1960],"Dimensions 9 x 14 cm

Données techniques Carte postale bord dentelé, noir et blanc. Aspect brillant",9 x 14 cm,"Carte postale bord dentelé, noir et blanc. Aspect brillant",,palais,"Avignon (Vaucluse, France)","Avignon (Vaucluse, France) -- Palais des Papes",43.9352448339,4.84071572505,84007.0,Avignon,0.99,Aucun lieu-dit,Palais des Papes,"La Partie la plus rapprochée de la Cathédrale (Tour Campane comprise) fut bâtie sous les Pontificats de Jean XXII (1315) et Benoît XII (1335-1342). Clément VI continua l'oeuvre de ses prédécesseurs en faisant construire l'énorme corps de Logis occidental et une partie des bâtiments qui le bornent au Midi.

18. - AVIGNON. - Palais des Papes - Façade principale","43.9507082, 4.8076851","Palais des Papes, Place du Palais, Jaurès - République, Quartier Centre, Avignon, Vaucluse, Provence-Alpes-Côte d'Azur, France métropolitaine, 84000, France",monument_uniformise
FRAD084_07FI007_0160_01.jpg,[vers 1960],"Dimensions 9 x 14 cm

Données techniques Carte postale bord dentelé, noir et blanc. Aspect brillant",9 x 14 cm,"Carte postale bord dentelé, noir et blanc. Aspect brillant",,palais,"Avignon (Vaucluse, France)","Avignon (Vaucluse, France) -- Palais des Papes",43.9352448339,4.84071572505,84007.0,Avignon,0.98,Aucun lieu-dit,Palais des Papes,Cap,"43.9507082, 4.8076851","Palais des Papes, Place du Palais, Jaurès - République, Quartier Centre, Avignon, Vaucluse, Provence-Alpes-Côte d'Azur, France métropolitaine, 84000, France",monument_uniformise
FRAD084_07FI007_0158.jpg,[vers 1960],"Dimensions 9 x 14 cm

Données techniques Carte postale avec bordure, noir et blanc. Aspect brillant",9 x 14 cm,"Carte postale avec bordure, noir et blanc. Aspect brillant",,palais,"Avignon (Vaucluse, France)","Avignon (Vaucluse, France) -- Palais des Papes",43.9352448339,4.84071572505,84007.0,Avignon,0.98,Aucun lieu-dit,Palais des Papes,,"43.9507082, 4.8076851","Palais des Papes, Place du Palais, Jaurès - République, Quartier Centre, Avignon, Vaucluse, Provence-Alpes-Côte d'Azur, France métropolitaine, 84000, France",monument_uniformise
FRAD084_07FI007_0155.jpg,[vers 1960],"Dimensions 9 x 14 cm

Données techniques Carte postale pleine feuille, noir et blanc. Aspect brillant",9 x 14 cm,"Carte postale pleine feuille, noir et blanc. Aspect brillant",,palais,"Avignon (Vaucluse, France)","Avignon (Vaucluse, France) -- Palais des Papes",43.9352448339,4.84071572505,84007.0,Avignon,0.98,Aucun lieu-dit,Palais des Papes,,"43.9507082, 4.8076851","Palais des Papes, Place du Palais, Jaurès - République, Quartier Centre, Avignon, Vaucluse, Provence-Alpes-Côte d'Azur, France métropolitaine, 84000, France",monument_uniformise
FRAD084_07FI007_0159.jpg,[vers 1960],"Dimensions 9 x 14 cm

Données techniques Carte postale bord dentelé, noir et blanc. Aspect brillant",9 x 14 cm,"Carte postale bord dentelé, noir et blanc. Aspect brillant",,palais,"Avignon (Vaucluse, France)","Avignon (Vaucluse, France) -- Palais des Papes",43.9352448339,4.84071572505,84007.0,Avignon,0.98,Aucun lieu-dit,Palais des Papes,,"43.9507082, 4.8076851","Palais des Papes, Place du Palais, Jaurès - République, Quartier Centre, Avignon, Vaucluse, Provence-Alpes-Côte d'Azur, France métropolitaine, 84000, France",monument_uniformise
FRAD084_07FI007_0002.jpg,[vers 1900],"Dimensions 9 x 14 cm

Données techniques Carte postale avec bordure, noir et blanc. Aspect mat",9 x 14 cm,"Carte postale avec bordure, noir et blanc. Aspect mat",,palais,"Avignon (Vaucluse, France)","Avignon (Vaucluse, France) -- Palais des Papes",43.9352448339,4.84071572505,84007.0,Avignon,0.99,Aucun lieu-dit,Palais des Papes,"2. Avignon. Palais des Papes, commencé par Jean XXII en 1316. Collection J. G.","43.9507082, 4.8076851","Palais des Papes, Place du Palais, Jaurès - République, Quartier Centre, Avignon, Vaucluse, Provence-Alpes-Côte d'Azur, France métropolitaine, 84000, France",monument_uniformise
FRAD084_07FI007_0003.jpg,[vers 1900],"Dimensions 9 x 14 cm

Données techniques Carte postale avec bordure, noir et blanc. Aspect mat",9 x 14 cm,"Carte postale avec bordure, noir et blanc. Aspect mat",,palais,"Avignon (Vaucluse, France)","Avignon (Vaucluse, France) -- Palais des Papes",43.9352448339,4.84071572505,84007.0,Avignon,0.99,Aucun lieu-dit,Palais des Papes,"3. Avignon. Palais des Papes, commencé par Jean XXII en 1316. Collection J. G.","43.9507082, 4.8076851","Palais des Papes, Place du Palais, Jaurès - République, Quartier Centre, Avignon, Vaucluse, Provence-Alpes-Côte d'Azur, France métropolitaine, 84000, France",monument_uniformise
FRAD084_07FI007_0173_01.jpg,[avant 1920],"Dimensions 9 x 14 cm

Données techniques Carte postale pleine feuille, noir et blanc. Aspect mat",9 x 14 cm,"Carte postale pleine feuille, noir et blanc. Aspect mat",,palais,"Avignon (Vaucluse, France)","Avignon (Vaucluse, France) -- Palais des Papes",43.9352448339,4.84071572505,84007.0,Avignon,0.98,Aucun lieu-dit,Palais des Papes,169 — AVIGNON. Palais des Papes. Façade sud-est. Vue prise du Clocher Saint-Pierre. ND. Phot.,"43.9507082, 4.8076851","Palais des Papes, Place du Palais, Jaurès - République, Quartier Centre, Avignon, Vaucluse, Provence-Alpes-Côte d'Azur, France métropolitaine, 84000, France",monument_uniformise
FRAD084_07FI007_0167.jpg,[avant 1920],"Dimensions 9 x 104 cm

Données techniques Carte postale pleine feuille, noir et blanc. Aspect mat",9 x 104 cm,"Carte postale pleine feuille, noir et blanc. Aspect mat",,palais,"Avignon (Vaucluse, France)","Avignon (Vaucluse, France) -- Palais des Papes",43.9352448339,4.84071572505,84007.0,Avignon,0.99,Aucun lieu-dit,Palais des Papes,44 AVIGNON. — Palais des Papes. — Vue de la Façade Occidentale. — LL. SÉLÉNA,"43.9507082, 4.8076851","Palais des Papes, Place du Palais, Jaurès - République, Quartier Centre, Avignon, Vaucluse, Provence-Alpes-Côte d'Azur, France métropolitaine, 84000, France",monument_uniformise
FRAD084_07FI007_0172_01.jpg,[avant 1920],"Dimensions 9 x 14 cm

Données techniques Carte postale pleine feuille, noir et blanc. Aspect mat",9 x 14 cm,"Carte postale pleine feuille, noir et blanc. Aspect mat","Don de la bibliothèque Forney, Paris",palais,"Avignon (Vaucluse, France)","Avignon (Vaucluse, France) -- Palais des Papes",43.9352448339,4.84071572505,84007.0,Avignon,0.99,Aucun lieu-dit,Palais des Papes,44 AVIGNON. — Palais des Papes. — Vue de la Façade Occidentale. — LL.,"43.9507082, 4.8076851","Palais des Papes, Place du Palais, Jaurès - République, Quartier Centre, Avignon, Vaucluse, Provence-Alpes-Côte d'Azur, France métropolitaine, 84000, France",monument_uniformise
FRAD084_07FI007_0163.jpg,[avant 1920],"Dimensions 9 x 14 cm

Données techniques Carte postale pleine feuille, noir et blanc. Aspect mat",9 x 14 cm,"Carte postale pleine feuille, noir et blanc. Aspect mat",,palais,"Avignon (Vaucluse, France)","Avignon (Vaucluse, France) -- Palais des Papes",43.9352448339,4.84071572505,84007.0,Avignon,0.99,Aucun lieu-dit,Palais des Papes,5. AVIGNON. — Palais des Papes. — Façade Est. (Édition du Comtat.),"43.9507082, 4.8076851","Palais des Papes, Place du Palais, Jaurès - République, Quartier Centre, Avignon, Vaucluse, Provence-Alpes-Côte d'Azur, France métropolitaine, 84000, France",monument_uniformise
FRAD084_07FI007_0175_01.jpg,[avant 1920],"Dimensions 9 x 14 cm

Données techniques Carte postale pleine feuille, noir et blanc. Aspect mat",9 x 14 cm,"Carte postale pleine feuille, noir et blanc. Aspect mat",,palais,"Avignon (Vaucluse, France)","Avignon (Vaucluse, France) -- Palais des Papes",43.9352448339,4.84071572505,84007.0,Avignon,0.99,Aucun lieu-dit,Palais des Papes,83 AVIGNON. — Le Palais des Papes (côté Est). — LL. SELECTA,"43.9507082, 4.8076851","Palais des Papes, Place du Palais, Jaurès - République, Quartier Centre, Avignon, Vaucluse, Provence-Alpes-Côte d'Azur, France métropolitaine, 84000, France",monument_uniformise
FRAD084_07FI007_0152.jpg,[vers 1930],"Dimensions 9 x 14 cm

Données techniques Carte postale avec bordure, sépia. Aspect mat",9 x 14 cm,"Carte postale avec bordure, sépia. Aspect mat",,palais,"Avignon (Vaucluse, France)","Avignon (Vaucluse, France) -- Palais des Papes",43.9352448339,4.84071572505,84007.0,,0.95,Aucun lieu-dit,Aucun monument,von,"43.9352448339, 4.84071572505",,commune (fallback)
FRAD084_07FI007_0128.jpg,[vers 1930],"Dimensions 9 x 14 cm

Données techniques Carte postale avec bordure, sépia. Aspect mat",9 x 14 cm,"Carte postale avec bordure, sépia. Aspect mat",,palais,"Avignon (Vaucluse, France)","Avignon (Vaucluse, France) -- Palais des Papes",43.9352448339,4.84071572505,84007.0,Avignon,0.98,Aucun lieu-dit,Pierre de l'Ange,,"43.9507082, 4.8076851","Palais des Papes, Place du Palais, Jaurès - République, Quartier Centre, Avignon, Vaucluse, Provence-Alpes-Côte d'Azur, France métropolitaine, 84000, France",edifice
FRAD084_07FI007_0164.jpg,[vers 1930],"Dimensions 9 x 14 cm

Données techniques Carte postale avec bordure, noir et blanc. Aspect mat",9 x 14 cm,"Carte postale avec bordure, noir et blanc. Aspect mat",,palais,"Avignon (Vaucluse, France)","Avignon (Vaucluse, France) -- Palais des Papes",43.9352448339,4.84071572505,84007.0,Avignon,0.99,Aucun lieu-dit,Palais des Papes,11 AVIGNON - Vue générale du Palais des Papes (côté est),"43.9507082, 4.8076851","Palais des Papes, Place du Palais, Jaurès - République, Quartier Centre, Avignon, Vaucluse, Provence-Alpes-Côte d'Azur, France métropolitaine, 84000, France",monument_uniformise
FRAD084_07FI007_0174.jpg,[vers 1930],"Dimensions 9 x 14 cm

Données techniques Carte postale avec bordure, noir et blanc. Aspect mat",9 x 14 cm,"Carte postale avec bordure, noir et blanc. Aspect mat",,palais,"Avignon (Vaucluse, France)","Avignon (Vaucluse, France) -- Palais des Papes",43.9352448339,4.84071572505,84007.0,Avignon,0.98,Aucun lieu-dit,Palais des Papes,11 AVIGNON - Vue générale du Palais des Papes (Côté Est),"43.9507082, 4.8076851","Palais des Papes, Place du Palais, Jaurès - République, Quartier Centre, Avignon, Vaucluse, Provence-Alpes-Côte d'Azur, France métropolitaine, 84000, France",monument_uniformise
FRAD084_07FI007_0171.jpg,[vers 1930],"Dimensions 9 x 14 cm

Données techniques Carte postale pleine feuille, noir et blanc. Aspect mat",9 x 14 cm,"Carte postale pleine feuille, noir et blanc. Aspect mat",,palais,"Avignon (Vaucluse, France)","Avignon (Vaucluse, France) -- Palais des Papes",43.9352448339,4.84071572505,84007.0,Avignon,0.99,Aucun lieu-dit,Palais des Papes,5. AVIGNON. — Palais des Papes. — Façade Est. (Édition du Comtat.),"43.9507082, 4.8076851","Palais des Papes, Place du Palais, Jaurès - République, Quartier Centre, Avignon, Vaucluse, Provence-Alpes-Côte d'Azur, France métropolitaine, 84000, France",monument_uniformise
FRAD084_07FI007_0180.jpg,[vers 1930],"Dimensions 9 x 14 cm

Données techniques Carte postale avec bordure, noir et blanc. Aspect mat",9 x 14 cm,"Carte postale avec bordure, noir et blanc. Aspect mat",,palais,"Avignon (Vaucluse, France)","Avignon (Vaucluse, France) -- Palais des Papes",43.9352448339,4.84071572505,84007.0,Avignon,0.99,Aucun lieu-dit,Palais des Papes,Tour Saint-Laurent Tour des Anges Tour Campane N.-D. des Doms Tour Saint-Jean Tour Trouillas AVIGNON - Palais des Papes - Façade Occidentale IDÉALE M.F.B.,"43.9507082, 4.8076851","Palais des Papes, Place du Palais, Jaurès - République, Quartier Centre, Avignon, Vaucluse, Provence-Alpes-Côte d'Azur, France métropolitaine, 84000, France",monument_uniformise
FRAD084_07FI007_0181.jpg,[vers 1930],"Dimensions 9 x 14 cm

Données techniques Carte postale avec bordure, noir et blanc. Aspect mat",9 x 14 cm,"Carte postale avec bordure, noir et blanc. Aspect mat",,palais,"Avignon (Vaucluse, France)","Avignon (Vaucluse, France) -- Palais des Papes",43.9352448339,4.84071572505,84007.0,Avignon,0.99,Aucun lieu-dit,Palais des Papes,Tour Saint-Laurent Tour des Anges Tour Campane N.-D. des Doms Tour Saint-Jean Tour Trouillas AVIGNON - Palais des Papes - Façade Occidentale,"43.9507082, 4.8076851","Palais des Papes, Place du Palais, Jaurès - République, Quartier Centre, Avignon, Vaucluse, Provence-Alpes-Côte d'Azur, France métropolitaine, 84000, France",monument_uniformise
FRAD084_07FI007_0179.jpg,[vers 1930],"Dimensions 9 x 14 cm

Données techniques Carte postale avec bordure, sépia. Aspect mat",9 x 14 cm,"Carte postale avec bordure, sépia. Aspect mat",,palais,"Avignon (Vaucluse, France)","Avignon (Vaucluse, France) -- Palais des Papes",43.9352448339,4.84071572505,84007.0,Avignon,0.99,Aucun lieu-dit,Palais des Papes,Tour Saint-Lauren' Tour des Anges N.-D. des Doms Tour Campane Tour Saint-Jean Tour Trouillas AVIGNON — Palais des Papes. Façade occidentale.,"43.9507082, 4.8076851","Palais des Papes, Place du Palais, Jaurès - République, Quartier Centre, Avignon, Vaucluse, Provence-Alpes-Côte d'Azur, France métropolitaine, 84000, France",monument_uniformise
FRAD084_07FI007_0177.jpg,[avant 1920],"Dimensions 9 x 14 cm

Données techniques Carte postale pleine feuille, noir et blanc. Aspect mat",9 x 14 cm,"Carte postale pleine feuille, noir et blanc. Aspect mat",,palais,"Avignon (Vaucluse, France)","Avignon (Vaucluse, France) -- Palais des Papes",43.9352448339,4.84071572505,84007.0,Avignon,0.98,Aucun lieu-dit,Palais des Papes,174 AVIGNON. — Palais des Papes. — Façade Orientale. — Vue prise du Jardin. — LL. SELECTA,"43.9507082, 4.8076851","Palais des Papes, Place du Palais, Jaurès - République, Quartier Centre, Avignon, Vaucluse, Provence-Alpes-Côte d'Azur, France métropolitaine, 84000, France",monument_uniformise
FRAD084_07FI007_0176_01.jpg,[avant 1920],"Dimensions 9 x 14 cm

Données techniques Carte postale pleine feuille, noir et blanc. Aspect mat",9 x 14 cm,"Carte postale pleine feuille, noir et blanc. Aspect mat",,palais,"Avignon (Vaucluse, France)","Avignon (Vaucluse, France) -- Palais des Papes",43.9352448339,4.84071572505,84007.0,Avignon,0.98,Aucun lieu-dit,Palais des Papes,233 AVIGNON. - Palais des Papes (XIVe siècle). Tours Saint-Jean et Trouillas. Façade occidentale. Popes palace. St-Jean et Trouillas tower. West front.- ND,"43.9507082, 4.8076851","Palais des Papes, Place du Palais, Jaurès - République, Quartier Centre, Avignon, Vaucluse, Provence-Alpes-Côte d'Azur, France métropolitaine, 84000, France",monument_uniformise
FRAD084_07FI007_0178.jpg,[avant 1920],"Dimensions 9 x 14 cm

Données techniques Carte postale pleine feuille, noir et blanc. Aspect mat",9 x 14 cm,"Carte postale pleine feuille, noir et blanc. Aspect mat",,palais,"Avignon (Vaucluse, France)","Avignon (Vaucluse, France) -- Palais des Papes",43.9352448339,4.84071572505,84007.0,Avignon,0.98,Aucun lieu-dit,Palais des Papes,234 AVIGNON. - Palais des Papes (XIVe s.). - Tour des Anges et Jardin privé des Papes. - LL,"43.9507082, 4.8076851","Palais des Papes, Place du Palais, Jaurès - République, Quartier Centre, Avignon, Vaucluse, Provence-Alpes-Côte d'Azur, France métropolitaine, 84000, France",monument_uniformise
FRAD084_07FI007_0168.jpg,[avant 1920],"Dimensions 9 x 14 cm

Données techniques Carte postale pleine feuille, noir et blanc. Aspect mat",9 x 14 cm,"Carte postale pleine feuille, noir et blanc. Aspect mat",,palais,"Avignon (Vaucluse, France)","Avignon (Vaucluse, France) -- Palais des Papes",43.9352448339,4.84071572505,84007.0,Avignon,0.99,Aucun lieu-dit,Palais des Papes,80 AVIGNON. — Palais des Papes. — Façade orientale. — LL.,"43.9507082, 4.8076851","Palais des Papes, Place du Palais, Jaurès - République, Quartier Centre, Avignon, Vaucluse, Provence-Alpes-Côte d'Azur, France métropolitaine, 84000, France",monument_uniformise
FRAD084_07FI007_0182.jpg,[avant 1920],"Dimensions 9 x 14 cm

Données techniques Carte postale pleine feuille, noir et blanc. Aspect mat",9 x 14 cm,"Carte postale pleine feuille, noir et blanc. Aspect mat",,palais,"Avignon (Vaucluse, France)","Avignon (Vaucluse, France) -- Palais des Papes",43.9352448339,4.84071572505,84007.0,Avignon,0.99,Aucun lieu-dit,Palais des Papes,"N.-D., des Doms
Tour Campane
Campanille
du Palais
Tour Trouillas
Cheminée
des Cuisines Tour St-Jean
Tour
des Anges
17. AVIGNON — Sommet des Tours du Palais des Papes
Coll. ""Tourist"". (Repr. int.) — F. Beau, édit. Avignon","43.9507082, 4.8076851","Palais des Papes, Place du Palais, Jaurès - République, Quartier Centre, Avignon, Vaucluse, Provence-Alpes-Côte d'Azur, France métropolitaine, 84000, France",monument_uniformise
FRAD084_07FI007_0183.jpg,[avant 1920],"Dimensions 9 x 14 cm

Données techniques Carte postale pleine feuille, sépia. Aspect mat",9 x 14 cm,"Carte postale pleine feuille, sépia. Aspect mat",,palais,"Avignon (Vaucluse, France)","Avignon (Vaucluse, France) -- Palais des Papes",43.9352448339,4.84071572505,84007.0,Avignon,0.99,Aucun lieu-dit,Palais des Papes,"17. - AYIGNON. - Sommet des Tours du Palais des Papes
N -D. des Doms
Tour Campane
Campanille
du Palais
Tour Trouillas
Cheminée
des Cuisines Tour St-Jean
Tour
des Anges
Coll. ""TOURIST"".(Repr. Interd.).
F. Beau, édit , Avignon","43.9507082, 4.8076851","Palais des Papes, Place du Palais, Jaurès - République, Quartier Centre, Avignon, Vaucluse, Provence-Alpes-Côte d'Azur, France métropolitaine, 84000, France",monument_uniformise
FRAD084_07FI007_0184.jpg,[avant 1920],"Dimensions 9 x 14 cm

Données techniques Carte postale pleine feuille, noir et blanc. Aspect mat",9 x 14 cm,"Carte postale pleine feuille, noir et blanc. Aspect mat",,palais,"Avignon (Vaucluse, France)","Avignon (Vaucluse, France) -- Palais des Papes",43.9352448339,4.84071572505,84007.0,Avignon,0.99,Aucun lieu-dit,Palais des Papes,"48. - AVIGNON. - Palais des PAPES. - (Façade Nord-Est) Tour Trouillas Tour Campane N.-D. des Doms et Cathédrale Tour des Anges Col. ""TOURIST"" (Repr. Interd.) F. Beau, édit., Avignon","43.9507082, 4.8076851","Palais des Papes, Place du Palais, Jaurès - République, Quartier Centre, Avignon, Vaucluse, Provence-Alpes-Côte d'Azur, France métropolitaine, 84000, France",monument_uniformise
FRAD084_07FI007_0201.jpg,[avant 1920],"Dimensions 9 x 14 cm

Données techniques Carte postale pleine feuille, noir et blanc. Aspect mat",9 x 14 cm,"Carte postale pleine feuille, noir et blanc. Aspect mat",,palais,"Avignon (Vaucluse, France)","Avignon (Vaucluse, France) -- Palais des Papes",43.9352448339,4.84071572505,84007.0,Avignon,0.98,Aucun lieu-dit,Tour de Trouillas,"8. - AVIGNON. - Palais des Papes - Tour de Trouillas
Edition D. C. P. I., Avignon","43.9507082, 4.8076851","Palais des Papes, Place du Palais, Jaurès - République, Quartier Centre, Avignon, Vaucluse, Provence-Alpes-Côte d'Azur, France métropolitaine, 84000, France",edifice
FRAD084_07FI007_0205.jpg,[avant 1920],"Dimensions 9 x 14 cm

Données techniques Carte postale pleine feuille, noir et blanc. Aspect mat",9 x 14 cm,"Carte postale pleine feuille, noir et blanc. Aspect mat",,palais,"Avignon (Vaucluse, France)","Avignon (Vaucluse, France) -- Palais des Papes",43.9352448339,4.84071572505,84007.0,Avignon,0.99,Aucun lieu-dit,Palais des Papes,"98. AVIGNON. - Palais des Papes. - Tour des Anges et Vue sur Avignon. Au deuxième étage de cette Tour étaient les appartements privés du Pape Clément VI. Dans la Chambre à coucher et la Salle à manger, des Fresques remarquables ont été découvertes en 1907, sous le Badigeon.- L'on en poursuit actuellement la mise à jour et la restauration Edit. F. Beau. ✕ ✕","43.9507082, 4.8076851","Palais des Papes, Place du Palais, Jaurès - République, Quartier Centre, Avignon, Vaucluse, Provence-Alpes-Côte d'Azur, France métropolitaine, 84000, France",monument_uniformise
FRAD084_07FI007_0206.jpg,[avant 1920],"Dimensions 9 x 14 cm

Données techniques Carte postale pleine feuille, noir et blanc. Aspect mat",9 x 14 cm,"Carte postale pleine feuille, noir et blanc. Aspect mat",,palais,"Avignon (Vaucluse, France)","Avignon (Vaucluse, France) -- Palais des Papes",43.9352448339,4.84071572505,84007.0,Avignon,0.99,Aucun lieu-dit,Château des Papes,10 AVIGNON. — Le Château des Papes. — L'Entrée. — LL,"43.9507082, 4.8076851","Palais des Papes, Place du Palais, Jaurès - République, Quartier Centre, Avignon, Vaucluse, Provence-Alpes-Côte d'Azur, France métropolitaine, 84000, France",edifice
FRAD084_07FI007_0211.jpg,[avant 1920],"Dimensions 9 x 14 cm

Données techniques Carte postale pleine feuille, noir et blanc. Aspect mat",9 x 14 cm,"Carte postale pleine feuille, noir et blanc. Aspect mat","Don de la bibliothèque Forney, Paris",palais,"Avignon (Vaucluse, France)","Avignon (Vaucluse, France) -- Palais des Papes",43.9352448339,4.84071572505,84007.0,Avignon,0.99,Aucun lieu-dit,Palais des Papes,"Edit. Félix Jean - Avignon
34 - AVIGNON - Entrée principale du Palais des Papes","43.9507082, 4.8076851","Palais des Papes, Place du Palais, Jaurès - République, Quartier Centre, Avignon, Vaucluse, Provence-Alpes-Côte d'Azur, France métropolitaine, 84000, France",monument_uniformise
FRAD084_07FI007_0210.jpg,[avant 1920],"Dimensions 9 x 14 cm

Données techniques Carte postale pleine feuille, noir et blanc. Aspect mat",9 x 14 cm,"Carte postale pleine feuille, noir et blanc. Aspect mat",,palais,"Avignon (Vaucluse, France)","Avignon (Vaucluse, France) -- Palais des Papes",43.9352448339,4.84071572505,84007.0,Avignon,0.98,Aucun lieu-dit,Palais des Papes,96 AVIGNON. — Entrée principale du Palais des Papes. Blason de Clément VI. — LL,"43.9507082, 4.8076851","Palais des Papes, Place du Palais, Jaurès - République, Quartier Centre, Avignon, Vaucluse, Provence-Alpes-Côte d'Azur, France métropolitaine, 84000, France",monument_uniformise
FRAD084_07FI007_0208.jpg,[avant 1920],"Dimensions 9 x 14 cm

Données techniques Carte postale pleine feuille, noir et blanc. Aspect mat",9 x 14 cm,"Carte postale pleine feuille, noir et blanc. Aspect mat",,palais,"Avignon (Vaucluse, France)","Avignon (Vaucluse, France) -- Palais des Papes",43.9352448339,4.84071572505,84007.0,Avignon,0.99,Aucun lieu-dit,Palais des Papes,"AVIGNON - PALAIS DES PAPES
Entrée principale, armes de Clément VI
de la famille des BEAUFORT
Cliché BARTESAGO
App. Photographiques
BOURET, Photo Avignon","43.9507082, 4.8076851","Palais des Papes, Place du Palais, Jaurès - République, Quartier Centre, Avignon, Vaucluse, Provence-Alpes-Côte d'Azur, France métropolitaine, 84000, France",monument_uniformise
FRAD084_07FI007_0207.jpg,[avant 1920],"Dimensions 9 x 14 cm

Données techniques Carte postale pleine feuille, noir et blanc. Aspect mat",9 x 14 cm,"Carte postale pleine feuille, noir et blanc. Aspect mat",,palais,"Avignon (Vaucluse, France)","Avignon (Vaucluse, France) -- Palais des Papes",43.9352448339,4.84071572505,84007.0,Avignon,0.99,Aucun lieu-dit,Palais des Papes,"AVIGNON Porte d'entrée du Palais des Papes Edit. Paul Rosant, Avignon","43.9507082, 4.8076851","Palais des Papes, Place du Palais, Jaurès - République, Quartier Centre, Avignon, Vaucluse, Provence-Alpes-Côte d'Azur, France métropolitaine, 84000, France",monument_uniformise
FRAD084_07FI007_0203.jpg,[avant 1920],"Dimensions 9 x 14 cm

Données techniques Carte postale pleine feuille, noir et blanc. Aspect mat",9 x 14 cm,"Carte postale pleine feuille, noir et blanc. Aspect mat",,palais,"Avignon (Vaucluse, France)","Avignon (Vaucluse, France) -- Palais des Papes",43.9352448339,4.84071572505,84007.0,Avignon,0.95,Chemin de Ronde,Palais des Papes,143 AVIGNON. -- Palais des Papes. Interieur. -- Chemin de Ronde. -- LL.,"43.9507082, 4.8076851","Palais des Papes, Place du Palais, Jaurès - République, Quartier Centre, Avignon, Vaucluse, Provence-Alpes-Côte d'Azur, France métropolitaine, 84000, France",monument_uniformise
FRAD084_07FI007_0202.jpg,[vers 1930],"Dimensions 9 x 14 cm

Données techniques Carte postale avec bordure, sépia. Aspect mat",9 x 14 cm,"Carte postale avec bordure, sépia. Aspect mat",,palais,"Avignon (Vaucluse, France)","Avignon (Vaucluse, France) -- Palais des Papes",43.9352448339,4.84071572505,84007.0,,0.95,Aucun lieu-dit,Aucun monument,Yvon,"43.9352448339, 4.84071572505",,commune (fallback)
FRAD084_07FI007_0006.jpg,[vers 1900],"Dimensions 9 x 14 cm

Données techniques Carte postale avec bordure, noir et blanc. Aspect mat",9 x 14 cm,"Carte postale avec bordure, noir et blanc. Aspect mat",,théâtre,"Avignon (Vaucluse, France)","Avignon (Vaucluse, France) -- Théâtre",43.9352448339,4.84071572505,84007.0,Avignon,0.95,Aucun lieu-dit,Théâtre,"Collection J. G. 6. Avignon. Théâtre, Place de l'Hôtel-de-Ville.","43.9497485, 4.8053253","Opéra Grand Avignon, Place de l'Horloge, Jaurès - République, Quartier Centre, Avignon, Vaucluse, Provence-Alpes-Côte d'Azur, France métropolitaine, 84000, France",monument_uniformise
FRAD084_07FI007_0017.jpg,[vers 1900],"Dimensions 9 x 14 cm

Données techniques Carte postale avec bordure, noir et blanc. Aspect mat",9 x 14 cm,"Carte postale avec bordure, noir et blanc. Aspect mat",,église,"Avignon (Vaucluse, France)","Avignon (Vaucluse, France) -- Cathédrale Notre-Dame des Doms",43.9352448339,4.84071572505,84007.0,Avignon,0.95,Aucun lieu-dit,Le Sanctuaire et Notre Dame des Dons,Collection J. G. 17. Avignon. Le Sanctuaire et Notre Dame des Dons.,"43.9515648, 4.8076011","Cathédrale Notre-Dame-des-Doms, 1, Place du Palais, Jaurès - République, Quartier Centre, Avignon, Vaucluse, Provence-Alpes-Côte d'Azur, France métropolitaine, 84000, France",edifice
FRAD084_07FI007_0105.jpg,[avant 1920],"Dimensions 9 x 14 cm

Données techniques Carte postale pleine feuille, noir et blanc. Aspect mat",9 x 14 cm,"Carte postale pleine feuille, noir et blanc. Aspect mat",,église,"Avignon (Vaucluse, France)","Avignon (Vaucluse, France) -- Cathédrale Notre-Dame des Doms",43.9352448339,4.84071572505,84007.0,Avignon,0.98,Aucun lieu-dit,La Cathédrale et Tour du Palais,"2. AVIGNON (Vaucluse) La Cathédrale et Tour du Palais P. Rosani, édit. Avignon","43.9515648, 4.8076011","Cathédrale Notre-Dame-des-Doms, 1, Place du Palais, Jaurès - République, Quartier Centre, Avignon, Vaucluse, Provence-Alpes-Côte d'Azur, France métropolitaine, 84000, France",edifice
FRAD084_07FI007_0101_01.jpg,[avant 1920],"Dimensions 9 x 14 cm

Données techniques Carte postale pleine feuille, noir et blanc. Aspect amt",9 x 14 cm,"Carte postale pleine feuille, noir et blanc. Aspect amt",,église,"Avignon (Vaucluse, France)","Avignon (Vaucluse, France) -- Cathédrale Notre-Dame des Doms",43.9352448339,4.84071572505,84007.0,Avignon,0.98,Aucun lieu-dit,N. D. des Doms & Tour Campane,"Phototypie E. Lacour. - Marseille
Avignon - 1009 - N. D. des Doms & Tour Campane
Augustine et Élaine mon
Chargée de vous dire Bien Salut
arrondi
L. Goleur","43.9515648, 4.8076011","Cathédrale Notre-Dame-des-Doms, 1, Place du Palais, Jaurès - République, Quartier Centre, Avignon, Vaucluse, Provence-Alpes-Côte d'Azur, France métropolitaine, 84000, France",edifice
FRAD084_07FI007_0098.jpg,[avant 1920],"Dimensions 9 x 14 cm

Données techniques Carte postale pleine feuille, noir et blanc. Aspect mat",9 x 14 cm,"Carte postale pleine feuille, noir et blanc. Aspect mat",,église,"Avignon (Vaucluse, France)","Avignon (Vaucluse, France) -- Cathédrale Notre-Dame des Doms",43.9352448339,4.84071572505,84007.0,Avignon,0.98,Aucun lieu-dit,N. D. des Doms & la Tour Campane,1009 - Avignon - N. D. des Doms & la Tour Campane,"43.9515648, 4.8076011","Cathédrale Notre-Dame-des-Doms, 1, Place du Palais, Jaurès - République, Quartier Centre, Avignon, Vaucluse, Provence-Alpes-Côte d'Azur, France métropolitaine, 84000, France",edifice
FRAD084_07FI007_0199.jpg,[avant 1920],"Dimensions 9 x 14 cm

Données techniques Carte postale pleine feuille, noir et blanc. Aspect mat",9 x 14 cm,"Carte postale pleine feuille, noir et blanc. Aspect mat",,église,"Avignon (Vaucluse, France)","Avignon (Vaucluse, France) -- Cathédrale Notre-Dame des Doms",43.9352448339,4.84071572505,84007.0,Avignon,0.99,Aucun lieu-dit,La Cathédrale et la Tour Campana,11 AVIGNON. — La Cathédrale et la Tour Campana. — LL,"43.9515648, 4.8076011","Cathédrale Notre-Dame-des-Doms, 1, Place du Palais, Jaurès - République, Quartier Centre, Avignon, Vaucluse, Provence-Alpes-Côte d'Azur, France métropolitaine, 84000, France",edifice
FRAD084_07FI007_0096_01.jpg,[avant 1920],"Dimensions 9 x 14 cm

Données techniques Carte postale pleine feuille, noir et blanc. Aspect mat",9 x 14 cm,"Carte postale pleine feuille, noir et blanc. Aspect mat",,église,"Avignon (Vaucluse, France)","Avignon (Vaucluse, France) -- Cathédrale Notre-Dame des Doms",43.9352448339,4.84071572505,84007.0,Avignon,0.98,Aucun lieu-dit,Notre-Dame et le Palais,46. AVIGNON — Notre-Dame et le Palais,"43.9515648, 4.8076011","Cathédrale Notre-Dame-des-Doms, 1, Place du Palais, Jaurès - République, Quartier Centre, Avignon, Vaucluse, Provence-Alpes-Côte d'Azur, France métropolitaine, 84000, France",edifice
FRAD084_07FI007_0103.jpg,[avant 1920],"Dimensions 9 x 14 cm

Données techniques Carte postale pleine feuille, noir et blanc. Aspect mat",9 x 14 cm,"Carte postale pleine feuille, noir et blanc. Aspect mat",,église,"Avignon (Vaucluse, France)","Avignon (Vaucluse, France) -- Cathédrale Notre-Dame des Doms",43.9352448339,4.84071572505,84007.0,Avignon,0.98,Aucun lieu-dit,Notre-Dame des Doms (Cathédrale),"47. AVIGNON — Notre-Dame des Doms (Cathédrale) Tour Campane et partie du Palais bâtie sous Benoît XII (1335-1342), récemment réparée par l'architecte H. Revoil, est affectée au Dépôt des Archives départementales.","43.9515648, 4.8076011","Cathédrale Notre-Dame-des-Doms, 1, Place du Palais, Jaurès - République, Quartier Centre, Avignon, Vaucluse, Provence-Alpes-Côte d'Azur, France métropolitaine, 84000, France",edifice
FRAD084_07FI007_0099.jpg,[avant 1920],"Dimensions 9 x 14 cl

Données techniques Carte postale pleine feuille, noir et blanc. Aspect mat",9 x 14 cl,"Carte postale pleine feuille, noir et blanc. Aspect mat",,église,"Avignon (Vaucluse, France)","Avignon (Vaucluse, France) -- Cathédrale Notre-Dame des Doms",43.9352448339,4.84071572505,84007.0,Avignon,0.99,Aucun lieu-dit,Notre-Dame des Doms et la Tour Campana,8 AVIGNON. — Notre-Dame des Doms et la Tour Campana. — LL.,"43.9515648, 4.8076011","Cathédrale Notre-Dame-des-Doms, 1, Place du Palais, Jaurès - République, Quartier Centre, Avignon, Vaucluse, Provence-Alpes-Côte d'Azur, France métropolitaine, 84000, France",edifice
FRAD084_07FI007_0097.jpg,[avant 1920],"Dimensions 9 x 14 cm

Données techniques Carte postale pleine feuille, noir et blanc. Aspect mat",9 x 14 cm,"Carte postale pleine feuille, noir et blanc. Aspect mat",,église,"Avignon (Vaucluse, France)","Avignon (Vaucluse, France) -- Cathédrale Notre-Dame des Doms",43.9352448339,4.84071572505,84007.0,Avignon,0.99,Aucun lieu-dit,"Cathédrale Notre-Dame des Doms, Tours Campane et Trouillas du Palais des Papes",AVIGNON. — Cathédrale Notre-Dame des Doms (XIVe siècle) et les Tours Campane et Trouillas du Palais des Papes (XIVe siècle).,"43.9515648, 4.8076011","Cathédrale Notre-Dame-des-Doms, 1, Place du Palais, Jaurès - République, Quartier Centre, Avignon, Vaucluse, Provence-Alpes-Côte d'Azur, France métropolitaine, 84000, France",edifice
FRAD084_07FI007_0144_01.jpg,[vers 1930],"Dimensions 9 x 14 cm

Données techniques Carte postale avec bordure, sépia. Aspect mat",9 x 14 cm,"Carte postale avec bordure, sépia. Aspect mat",,église,"Avignon (Vaucluse, France)","Avignon (Vaucluse, France) -- Cathédrale Notre-Dame des Doms",43.9352448339,4.84071572505,84007.0,,0.95,Aucun lieu-dit,Cathédrale N. D. des Doms et Palais des Papes,,"43.9352448339, 4.84071572505",,commune (fallback)
FRAD084_07FI007_0108_01.jpg,[vers 1930],"Dimensions 9 x 14 cm

Données techniques Carte postale avec bordure, sépia. Aspect mat",9 x 14 cm,"Carte postale avec bordure, sépia. Aspect mat",,église,"Avignon (Vaucluse, France)","Avignon (Vaucluse, France) -- Cathédrale Notre-Dame des Doms",43.9352448339,4.84071572505,84007.0,,0.95,Aucun lieu-dit,Vaucluse,Vaucluse,"43.9352448339, 4.84071572505",,commune (fallback)
FRAD084_07FI007_0109_01.jpg,[vers 1930],"Dimensions 9 x 14 cm

Données techniques Carte postale pleine feuille, couleur. Aspect brillant",9 x 14 cm,"Carte postale pleine feuille, couleur. Aspect brillant",,église,"Avignon (Vaucluse, France)","Avignon (Vaucluse, France) -- Cathédrale Notre-Dame des Doms",43.9352448339,4.84071572505,84007.0,Avignon,0.99,Aucun lieu-dit,N.-D. des Doms et la Tour Campane,22 AVIGNON. - N.-D. des Doms et la Tour Campane - V.I.,"43.9515648, 4.8076011","Cathédrale Notre-Dame-des-Doms, 1, Place du Palais, Jaurès - République, Quartier Centre, Avignon, Vaucluse, Provence-Alpes-Côte d'Azur, France métropolitaine, 84000, France",edifice
FRAD084_07FI007_0018.jpg,[vers 1900],"Dimensions 9 x 14 cm

Données techniques Carte postale nuage, noir et blanc. Aspect mat",9 x 14 cm,"Carte postale nuage, noir et blanc. Aspect mat",,porte de ville,"Avignon (Vaucluse, France)","Avignon (Vaucluse, France) -- Porte Saint-Michel",43.9352448339,4.84071572505,84007.0,Avignon,0.98,Aucun lieu-dit,Porte Saint-Michel,18. Avignon. Porte Saint-Michel. Collection J. G.,"43.9425121, 4.8087181","Porte Saint Michel, Magnanen - Teinturiers, Quartier Centre, Avignon, Vaucluse, Provence-Alpes-Côte d'Azur, France métropolitaine, 84000, France",monument_uniformise
FRAD084_07FI007_0204_01.jpg,[vers 1930],"Dimensions 9 x 14 cm

Données techniques Carte postale pleine feuille, couleur. Aspect brillant",9 x 14 cm,"Carte postale pleine feuille, couleur. Aspect brillant",,voie communale,"Avignon (Vaucluse, France)",,43.9352448339,4.84071572505,84007.0,Avignon,0.95,Rue Peyrolierie,Palais des Papes,AVIGNON. — Rue Peyrolierie — Tranchée ouverte dans le roc sur lequel est bâti le Palais des Papes dont on voit le géant contrefort qui étaié les Bâtiments du Midi V.I.,"43.9507082, 4.8076851","Palais des Papes, Place du Palais, Jaurès - République, Quartier Centre, Avignon, Vaucluse, Provence-Alpes-Côte d'Azur, France métropolitaine, 84000, France",monument_uniformise
FRAD084_07FI007_0153.jpg,[vers 1930],"Dimensions 9 x 14 cm

Données techniques Carte postale avec bordure, sépia. Aspect mat",9 x 14 cm,"Carte postale avec bordure, sépia. Aspect mat",,place publique,"Avignon (Vaucluse, France)",,43.9352448339,4.84071572505,84007.0,Avignon,0.95,Aucun lieu-dit,Place du Palais,"30: AVIGNON - Vue d'ensemble de la Place du Palais
Edit. Aux Souvenirs de Provence","43.9513015, 4.8066296","Place du Palais, Jaurès - République, Quartier Centre, Avignon, Vaucluse, Provence-Alpes-Côte d'Azur, France métropolitaine, 84000, France",monument_uniformise
FRAD084_07FI152_0024_01.jpg,[avant 1920],"Dimensions 9 x 14 cm

Données techniques Carte postale pleine feuille, noir et blanc. Aspect mat",9 x 14 cm,"Carte postale pleine feuille, noir et blanc. Aspect mat",,,"Bedoin (Vaucluse, France)",,44.1374624096,5.23446005284,84017.0,Mont Ventoux,0.99,Sainte-Colombe,L'Observatoire,"8 — Mont-Ventoux - Hameau de Sainte Colombe
Origine de la Route d'accès de l'Observatoire (altitude, 391 mètres)
Editions J. Brun et Cie, Carpentras","44.1202415, 5.2226147","Sainte-Colombe, Route du Mont-Ventoux, Place du Four, Sainte-Colombe, Bédoin, Carpentras, Vaucluse, Provence-Alpes-Côte d'Azur, France métropolitaine, 84410, France",hameau
FRAD084_07FI139_0001.jpg,[vers 1900],"Dimensions 9 x 14 cm

Données techniques Carte postale nuage, noir et blanc. Aspect mat",9 x 14 cm,"Carte postale nuage, noir et blanc. Aspect mat",,,"Fontaine-de-Vaucluse (Vaucluse, France)",,43.9220820962,5.13125424344,84139.0,Fontaine-de-Vaucluse,0.95,Aucun lieu-dit,Aucun monument,"P. MARTIN A VAUCLUSE
FONTAINE DE VAUCLUSE - Le Village","43.9220820962, 5.13125424344",,commune (fallback)
FRAD084_07FI139_0002.jpg,[avant 1920],"Dimensions 9 x 14 cm

Données techniques Carte postale pleine feuille, noir et blanc. Aspect mat",9 x 14 cm,"Carte postale pleine feuille, noir et blanc. Aspect mat",,,"Fontaine-de-Vaucluse (Vaucluse, France)",,43.9220820962,5.13125424344,84139.0,Vaucluse,0.95,Aucun lieu-dit,Aucun monument,Phototype E. Lavour. — Marseille 2291 - Vaucluse - Vue Générale,"43.9220820962, 5.13125424344",,commune (fallback)
FRAD084_07FI139_0003.jpg,[avant 1920],"Dimensions 9 x 14 cm

Données techniques Carte postale pleine feuille, noir et blanc. Aspect mat",9 x 14 cm,"Carte postale pleine feuille, noir et blanc. Aspect mat",,,"Fontaine-de-Vaucluse (Vaucluse, France)",,43.9220820962,5.13125424344,84139.0,,0.95,Aucun lieu-dit,Aucun monument,VAUCLUSE - VUE GÉNÉRALE,"43.9220820962, 5.13125424344",,commune (fallback)
FRAD084_07FI139_0026.jpg,[avant 1920],"Dimensions 9 x 14 cm

Données techniques Carte postale pleine feuille, noir et blanc. Aspect mat",9 x 14 cm,"Carte postale pleine feuille, noir et blanc. Aspect mat",,,"Fontaine-de-Vaucluse (Vaucluse, France)",,43.9220820962,5.13125424344,84139.0,Fontaine-de-Vaucluse,0.95,Aucun lieu-dit,Château de Pétrarque,10. FONTAINE de VAUCLUSE (Vaucl.) Vue générale de la Vallée et Château de Pétrarque,"43.9208589, 5.1296234","Château des évêques de Cavaillon, Calade François Pétrarque, La Vignasse, Fontaine-de-Vaucluse, Avignon, Vaucluse, Provence-Alpes-Côte d'Azur, France métropolitaine, 84800, France",monument_uniformise
FRAD084_07FI139_0093.jpg,[vers 1930],"Dimensions 9 x 14 cm

Données techniques Carte-image avec bordure, couleur. Aspect mat",9 x 14 cm,"Carte-image avec bordure, couleur. Aspect mat",,,"Fontaine-de-Vaucluse (Vaucluse, France)",,43.9220820962,5.13125424344,84139.0,,0.95,Aucun lieu-dit,Aucun monument,,"43.9220820962, 5.13125424344",,commune (fallback)
FRAD084_07FI139_0013.jpg,[vers 1900],"Dimensions 9 x 14 cm

Données techniques Carte postale nuage, noir et blanc. Aspect mat",9 x 14 cm,"Carte postale nuage, noir et blanc. Aspect mat",,,"Fontaine-de-Vaucluse (Vaucluse, France)",,43.9220820962,5.13125424344,84139.0,Vaucluse,0.95,Le Château,Le Château,"Vaucluse, le
N° 43. J. Brun & Cie, éditeurs à Carpentras
VAUCLUSE. - Le Château","43.9440807, 5.2890235","Le Château, Lioux, Apt, Vaucluse, Provence-Alpes-Côte d'Azur, France métropolitaine, 84220, France",monument_uniformise
FRAD084_07FI139_0143_01.jpg,[vers 1900],"Dimensions 9 x 14 cm

Données techniques Carte postale nuage, noir et blanc. Aspect mat",9 x 14 cm,"Carte postale nuage, noir et blanc. Aspect mat",Don des Archives départementales des Bouches-du-Rhône (2002),papeterie,"Fontaine-de-Vaucluse (Vaucluse, France)",,43.9220820962,5.13125424344,84139.0,Vaucluse,0.95,Aucun lieu-dit,Aucun monument,"PHOTOTYPE E. LACOUR MARSEILLE
VAUCLUSE - 220 - VUE GÉNÉRALE
A. Neomé","43.9220820962, 5.13125424344",,commune (fallback)
FRAD084_07FI139_0014.jpg,[vers 1900],"Dimensions 9 x 14 cm

Données techniques Carte postale nuage, noir et blanc. Aspect mat",9 x 14 cm,"Carte postale nuage, noir et blanc. Aspect mat",,église,"Fontaine-de-Vaucluse (Vaucluse, France)","Fontaine-de-Vaucluse (Vaucluse, France) -- Église",43.9220820962,5.13125424344,84139.0,Fontaine-de-Vaucluse,0.95,Aucun lieu-dit,L'Eglise,FONTAINE DE VAUCLUSE - L'Eglise Monument Historique du IX Siècle,"44.0565839, 5.1281018","Place de l'Église, Place des Arcades, Mazan, Carpentras, Vaucluse, Provence-Alpes-Côte d'Azur, France métropolitaine, 84380, France",monument_uniformise
FRAD084_07FI139_0116_01.jpg,[avant 1920],"Dimensions 10 x 15 cm

Données techniques Carte postale pleine feuille, noir et blanc. Aspect mat",10 x 15 cm,"Carte postale pleine feuille, noir et blanc. Aspect mat",Don des Archives départementales des Bouches-du-Rhône (2002),église,"Fontaine-de-Vaucluse (Vaucluse, France)","Fontaine-de-Vaucluse (Vaucluse, France) -- Église",43.9220820962,5.13125424344,84139.0,Fontaine-de-Vaucluse,0.95,Aucun lieu-dit,L'Eglise,20 - FONTAINE de VAUCLUSE (Vaucluse) L'Eglise (IXe siècle),"44.0565839, 5.1281018","Place de l'Église, Place des Arcades, Mazan, Carpentras, Vaucluse, Provence-Alpes-Côte d'Azur, France métropolitaine, 84380, France",monument_uniformise
FRAD084_07FI139_0015.jpg,[vers 1900],"Dimensions 9 x 14 cm

Données techniques Carte postale nuage, noir et blanc. Aspect mat",9 x 14 cm,"Carte postale nuage, noir et blanc. Aspect mat",,église,"Fontaine-de-Vaucluse (Vaucluse, France)","Fontaine-de-Vaucluse (Vaucluse, France) -- Église",43.9220820962,5.13125424344,84139.0,Fontaine-de-Vaucluse,0.95,Aucun lieu-dit,Tombeau de l'évêque Saint-Veran,"P Martin a Vaucluse
FONTAINE DE VAUCLUSE - L'INTÉRIEUR DE L'ÉGLISE & LE TOMBEAU
DE L'ÉVÊQUE SAINT-VERAN (IX SIÈCLE)","43.9215155, 5.1267301","Église de Saint-Véran, Avenue Robert Garcin, La Vignasse, Fontaine-de-Vaucluse, Avignon, Vaucluse, Provence-Alpes-Côte d'Azur, France métropolitaine, 84800, France",edifice
FRAD084_07FI139_0007.jpg,[avant 1920],"Dimensions 9 x 14 cm

Données techniques Carte postale avec bordure, noir et blanc. Aspect mat",9 x 14 cm,"Carte postale avec bordure, noir et blanc. Aspect mat",,château,"Fontaine-de-Vaucluse (Vaucluse, France)","Fontaine-de-Vaucluse (Vaucluse, France) -- Château",43.9220820962,5.13125424344,84139.0,Fontaine-de-Vaucluse,0.98,Aucun lieu-dit,Le Vieux Château de Pétrarque,FONTEINE DE VAUCLUSE - LE VIEUX CHATEAU DE PETRARQUE,"43.9208589, 5.1296234","Château des évêques de Cavaillon, Calade François Pétrarque, La Vignasse, Fontaine-de-Vaucluse, Avignon, Vaucluse, Provence-Alpes-Côte d'Azur, France métropolitaine, 84800, France",edifice
FRAD084_07FI139_0012.jpg,[vers 1900],"Dimensions 9 x 14 cm

Données techniques Carte postale nuage, noir et blanc. Aspect mat",9 x 14 cm,"Carte postale nuage, noir et blanc. Aspect mat",,château,"Fontaine-de-Vaucluse (Vaucluse, France)","Fontaine-de-Vaucluse (Vaucluse, France) -- Château",43.9220820962,5.13125424344,84139.0,Fontaine-de-Vaucluse,0.95,Aucun lieu-dit,Château de Pétrarque,"p. Martin a Vaucluse
FONTAINE DE VAUCLUSE - LES RUINES DU VIEUX CHATEAU DE PÉTRARQUE","43.9208589, 5.1296234","Château des évêques de Cavaillon, Calade François Pétrarque, La Vignasse, Fontaine-de-Vaucluse, Avignon, Vaucluse, Provence-Alpes-Côte d'Azur, France métropolitaine, 84800, France",monument_uniformise
FRAD084_07FI139_0009.jpg,[avant 1920],"Dimensions 9 x 14 cm

Données techniques Carte postale pleine feuille, noir et blanc. Aspect mat",9 x 14 cm,"Carte postale pleine feuille, noir et blanc. Aspect mat",,château,"Fontaine-de-Vaucluse (Vaucluse, France)","Fontaine-de-Vaucluse (Vaucluse, France) -- Château",43.9220820962,5.13125424344,84139.0,Fontaine-de-Vaucluse,0.98,Aucun lieu-dit,Château de Pétrarque et des Evêques,Fontaine de Vaucluse — Ruines du Château de Pétrarque et des Evêques de Cavaillon (Vue extérieure),"43.9208589, 5.1296234","Château des évêques de Cavaillon, Calade François Pétrarque, La Vignasse, Fontaine-de-Vaucluse, Avignon, Vaucluse, Provence-Alpes-Côte d'Azur, France métropolitaine, 84800, France",edifice
FRAD084_07FI139_0011_01.jpg,[vers 1930],"Dimensions 9 x 14 cm

Données techniques Carte postale avec bordure, coloriée. Aspect mat",9 x 14 cm,"Carte postale avec bordure, coloriée. Aspect mat",,château,"Fontaine-de-Vaucluse (Vaucluse, France)","Fontaine-de-Vaucluse (Vaucluse, France) -- Château",43.9220820962,5.13125424344,84139.0,Fontaine-de-Vaucluse,0.98,Aucun lieu-dit,Château de Pétrarque,Fontaine de Vaucluse - Ruines du Château de Pétrarque (XIVe siècle),"43.9208589, 5.1296234","Château des évêques de Cavaillon, Calade François Pétrarque, La Vignasse, Fontaine-de-Vaucluse, Avignon, Vaucluse, Provence-Alpes-Côte d'Azur, France métropolitaine, 84800, France",monument_uniformise
FRAD084_07FI139_0115_01.jpg,[avant 1920],"Dimensions 9 x 14 cm

Données techniques Carte postale pleine feuille, noir et blanc. Aspect mat",9 x 14 cm,"Carte postale pleine feuille, noir et blanc. Aspect mat",Don des Archives départementales des Bouches-du-Rhône (2002),château,"Fontaine-de-Vaucluse (Vaucluse, France)","Fontaine-de-Vaucluse (Vaucluse, France) -- Château",43.9220820962,5.13125424344,84139.0,Fontaine-de-Vaucluse,0.98,Aucun lieu-dit,Château de Pétrarque,217 - Fontaine de Vaucluse Ruines du Château de Pétrarque,"43.9208589, 5.1296234","Château des évêques de Cavaillon, Calade François Pétrarque, La Vignasse, Fontaine-de-Vaucluse, Avignon, Vaucluse, Provence-Alpes-Côte d'Azur, France métropolitaine, 84800, France",monument_uniformise
FRAD084_07FI139_0107_01.jpg,[avant 1920],"Dimensions 9 x 14 cm

Données techniques Carte postale pleine feuille, noir et blanc. Aspect mat",9 x 14 cm,"Carte postale pleine feuille, noir et blanc. Aspect mat","Don de la bibliothèque Forney, Paris",château,"Fontaine-de-Vaucluse (Vaucluse, France)","Fontaine-de-Vaucluse (Vaucluse, France) -- Château",43.9220820962,5.13125424344,84139.0,Fontaine-de-Vaucluse,0.98,Aucun lieu-dit,Château de Pétrarque,"9. FONTAINE DE VAUCLUSE — Ruines du Château de Pétrarque (Vue extérieure) (à Avignon) Collection Tourist. De Beau, édit., Avignon — Repr. int.","43.9208589, 5.1296234","Château des évêques de Cavaillon, Calade François Pétrarque, La Vignasse, Fontaine-de-Vaucluse, Avignon, Vaucluse, Provence-Alpes-Côte d'Azur, France métropolitaine, 84800, France",monument_uniformise
FRAD084_07FI139_0125.jpg,[vers 1930],"Dimensions 9 x 14 cm

Données techniques Carte postale pleine feuille, couleur. Aspect mat",9 x 14 cm,"Carte postale pleine feuille, couleur. Aspect mat",Don des Archives départementales des Bouches-du-Rhône (2002),château,"Fontaine-de-Vaucluse (Vaucluse, France)","Fontaine-de-Vaucluse (Vaucluse, France) -- Château",43.9220820962,5.13125424344,84139.0,Fontaine-de-Vaucluse,0.98,Aucun lieu-dit,Château de Pétrarque,Fontaine de VAUCLUSE. - Ruines du Château de Pétrarque. (Vue extérieure).,"43.9208589, 5.1296234","Château des évêques de Cavaillon, Calade François Pétrarque, La Vignasse, Fontaine-de-Vaucluse, Avignon, Vaucluse, Provence-Alpes-Côte d'Azur, France métropolitaine, 84800, France",monument_uniformise
FRAD084_07FI139_0096.jpg,[avant 1920],"Dimensions 9 x 14 cm

Données techniques Carte postale pleine feuille, noir et blanc. Aspect mat",9 x 14 cm,"Carte postale pleine feuille, noir et blanc. Aspect mat",,château,"Fontaine-de-Vaucluse (Vaucluse, France)","Fontaine-de-Vaucluse (Vaucluse, France) -- Château",43.9220820962,5.13125424344,84139.0,Fontaine-de-Vaucluse,0.95,Aucun lieu-dit,Ruines du Château,"10 - FONTAINE de-VAU LUSE - Ruines du Château (1"" vue) Editions J. Brun et Cie. Carpentras","43.9208589, 5.1296234","Château des évêques de Cavaillon, Calade François Pétrarque, La Vignasse, Fontaine-de-Vaucluse, Avignon, Vaucluse, Provence-Alpes-Côte d'Azur, France métropolitaine, 84800, France",edifice
FRAD084_07FI139_0097.jpg,[avant 1920],"Dimensions 9 x 14 cm

Données techniques Carte postale pleine feuille, noir et blanc. Aspect mat",9 x 14 cm,"Carte postale pleine feuille, noir et blanc. Aspect mat",,château,"Fontaine-de-Vaucluse (Vaucluse, France)","Fontaine-de-Vaucluse (Vaucluse, France) -- Château",43.9220820962,5.13125424344,84139.0,Fontaine-de-Vaucluse,0.95,La Poterne,Château de Pélarque,Phototyp. E. Lacour. — Marseille. 2284 - Fontaine de Vaucluse - Ruines du Château de Pélarque ( La Poterne ),"43.9208589, 5.1296234","Château des évêques de Cavaillon, Calade François Pétrarque, La Vignasse, Fontaine-de-Vaucluse, Avignon, Vaucluse, Provence-Alpes-Côte d'Azur, France métropolitaine, 84800, France",edifice
FRAD084_07FI139_0108_01.jpg,[avant 1920],"Dimensions 9 x 14 cm

Données techniques Carte postale pleine feuille, noir et blanc. Aspect mat",9 x 14 cm,"Carte postale pleine feuille, noir et blanc. Aspect mat","Don de la bibliothèque Forney, Paris",château,"Fontaine-de-Vaucluse (Vaucluse, France)","Fontaine-de-Vaucluse (Vaucluse, France) -- Château",43.9220820962,5.13125424344,84139.0,Fontaine-de-Vaucluse,0.98,Aucun lieu-dit,Château de Pétrarque,41. FONTAINE de VAUCLUSE (Vaucluse) — Ruines du Château de Pétrarque,"43.9208589, 5.1296234","Château des évêques de Cavaillon, Calade François Pétrarque, La Vignasse, Fontaine-de-Vaucluse, Avignon, Vaucluse, Provence-Alpes-Côte d'Azur, France métropolitaine, 84800, France",monument_uniformise
FRAD084_07FI139_0126_01.jpg,[avant 1920],"Dimensions 9 x 14 cm

Données techniques Carte postale pleine feuille, noir et blanc. Aspect mat",9 x 14 cm,"Carte postale pleine feuille, noir et blanc. Aspect mat",Don des Archives départementales des Bouches-du-Rhône (2002),château,"Fontaine-de-Vaucluse (Vaucluse, France)","Fontaine-de-Vaucluse (Vaucluse, France) -- Château",43.9220820962,5.13125424344,84139.0,Fontaine-de-Vaucluse,0.98,Aucun lieu-dit,Château de Pétrarque,"60. FONTAINE de VAUCLUSE
Ruines du Château de Pétrarque
Edit: J. Brun et Cie, Carpentras","43.9208589, 5.1296234","Château des évêques de Cavaillon, Calade François Pétrarque, La Vignasse, Fontaine-de-Vaucluse, Avignon, Vaucluse, Provence-Alpes-Côte d'Azur, France métropolitaine, 84800, France",monument_uniformise
FRAD084_07FI139_0008.jpg,[avant 1920],"Dimensions 9 x 14 cm

Données techniques Carte postale pleine feuille, noir et blanc. Aspect mat",9 x 14 cm,"Carte postale pleine feuille, noir et blanc. Aspect mat",,château,"Fontaine-de-Vaucluse (Vaucluse, France)","Fontaine-de-Vaucluse (Vaucluse, France) -- Château",43.9220820962,5.13125424344,84139.0,,0.95,Fontaine-de-Vaucluse,Château de Pétrarque,5 VAUCLUSE. — La Fontaine et le Château de Pétrarque. — LL,"43.9220820962, 5.13125424344",,commune (fallback)
FRAD084_07FI139_0010_01.jpg,[vers 1930],"Dimensions 9 x 14 cm

Données techniques Carte postale pleine feuille, sépia. Aspect mat",9 x 14 cm,"Carte postale pleine feuille, sépia. Aspect mat",,château,"Fontaine-de-Vaucluse (Vaucluse, France)","Fontaine-de-Vaucluse (Vaucluse, France) -- Château",43.9220820962,5.13125424344,84139.0,,0.95,Aucun lieu-dit,Aucun monument,P.M.,"43.9220820962, 5.13125424344",,commune (fallback)
FRAD084_07FI139_0139.jpg,[avant 1920],"Dimensions 9 x 14 cm

Données techniques Carte postale pleine feuille, noir et blanc. Aspect mat",9 x 14 cm,"Carte postale pleine feuille, noir et blanc. Aspect mat",Don des Archives départementales des Bouches-du-Rhône (2002),château,"Fontaine-de-Vaucluse (Vaucluse, France)","Fontaine-de-Vaucluse (Vaucluse, France) -- Château",43.9220820962,5.13125424344,84139.0,Fontaine-de-Vaucluse,0.95,Aucun lieu-dit,Château de Pétrarque,22 - FONTAINE de VAUCLUSE (Vaucluse) Intérieur des Ruines du Château de Pétrarque,"43.9208589, 5.1296234","Château des évêques de Cavaillon, Calade François Pétrarque, La Vignasse, Fontaine-de-Vaucluse, Avignon, Vaucluse, Provence-Alpes-Côte d'Azur, France métropolitaine, 84800, France",monument_uniformise
FRAD084_07FI139_0124.jpg,[vers 1960],"Dimensions 9 x 14 cm

Données techniques Carte-photohraphie avec bordure, noir et blanc. Aspect brillant",9 x 14 cm,"Carte-photohraphie avec bordure, noir et blanc. Aspect brillant",Don des Archives départementales des Bouches-du-Rhône (2002),château,"Fontaine-de-Vaucluse (Vaucluse, France)","Fontaine-de-Vaucluse (Vaucluse, France) -- Château",43.9220820962,5.13125424344,84139.0,,0.95,Aucun lieu-dit,Aucun monument,von,"43.9220820962, 5.13125424344",,commune (fallback)
FRAD084_07FI139_0149_01.jpg,[avant 1920],"Dimensions 9 x 14 cm

Données techniques Carte postale pleine feuille, noir et blanc. Aspect mat",9 x 14 cm,"Carte postale pleine feuille, noir et blanc. Aspect mat",Don des Archives départementales des Bouches-du-Rhône (2002),monument historique,"Fontaine-de-Vaucluse (Vaucluse, France)","Fontaine-de-Vaucluse (Vaucluse, France) -- Maison de Pétrarque",43.9220820962,5.13125424344,84139.0,Fontaine-de-Vaucluse,0.95,Aucun lieu-dit,Maison et Jardin de Pétraque,FON.TAINE DE VAUCLUS Maison et Jardin de Pétraque,"43.9220820962, 5.13125424344",,commune (fallback)
FRAD084_07FI139_0150_01.jpg,[avant 1920],"Dimensions 9 x 14 cm

Données techniques Carte postale pleine feuille, noir et blanc. Aspect mat",9 x 14 cm,"Carte postale pleine feuille, noir et blanc. Aspect mat",Don des Archives départementales des Bouches-du-Rhône (2002),monument commémoratif,"Fontaine-de-Vaucluse (Vaucluse, France)","Fontaine-de-Vaucluse (Vaucluse, France) -- Colonne de Pétrarque",43.9220820962,5.13125424344,84139.0,Fontaine-de-Vaucluse,0.98,Aucun lieu-dit,L'Obélisque,976 FONTAINE DE VAUCLUSE - L'Obélisque Guende phot. Marseille,"43.921972, 5.1275155","Colonne de Pétrarque, Place de la Colonne, La Vignasse, Fontaine-de-Vaucluse, Avignon, Vaucluse, Provence-Alpes-Côte d'Azur, France métropolitaine, 84800, France",edifice
FRAD084_07FI139_0151.jpg,[avant 1920],"Dimensions 9 x 14 cm

Données techniques Carte postale pleine feuille, noir et blanc. Aspect mat",9 x 14 cm,"Carte postale pleine feuille, noir et blanc. Aspect mat",Don des Archives départementales des Bouches-du-Rhône (2002),monument commémoratif,"Fontaine-de-Vaucluse (Vaucluse, France)","Fontaine-de-Vaucluse (Vaucluse, France) -- Colonne de Pétrarque",43.9220820962,5.13125424344,84139.0,Vaucluse,0.95,Aucun lieu-dit,Colonne de Pétrarque,2 VAUCLUSE. — La Colonne de Pétrarque. — LL.,"43.921972, 5.1275155","Colonne de Pétrarque, Place de la Colonne, La Vignasse, Fontaine-de-Vaucluse, Avignon, Vaucluse, Provence-Alpes-Côte d'Azur, France métropolitaine, 84800, France",monument_uniformise
FRAD084_07FI139_0024.jpg,[vers 1900],"Dimensions 9 x 14 cm

Données techniques Carte postale nuage, noir et blanc. Aspect blanc",9 x 14 cm,"Carte postale nuage, noir et blanc. Aspect blanc",,voie communale,"Fontaine-de-Vaucluse (Vaucluse, France)",,43.9220820962,5.13125424344,84139.0,Fontaine-de-Vaucluse,0.95,Aucun lieu-dit,Aucun monument,"p. Martin & Vaucluse
FONTAINE DE VAUCLUSE - VIEILLE RUE DANS VAUCLUSE","43.9220820962, 5.13125424344",,commune (fallback)
FRAD084_07FI139_0023.jpg,[avant 1920],"Dimensions 9 x 14 cm

Données techniques Carte postale pleine feuille, noir et blanc. Aspect mat",9 x 14 cm,"Carte postale pleine feuille, noir et blanc. Aspect mat",,voie communale,"Fontaine-de-Vaucluse (Vaucluse, France)",,43.9220820962,5.13125424344,84139.0,Isle-sur-la-Sorgue,0.95,Aucun lieu-dit,Aucun monument,Phototype B. LECOUR - MARSEILLE 2292 - Vaucluse - Route de l'Isle-sur-Sorgue,"43.9220820962, 5.13125424344",,commune (fallback)
FRAD084_07FI139_0144_01.jpg,[avant 1920],"Dimensions 9 x 14 cm

Données techniques Carte postale pleine feuille, noir et blanc. Aspect mat",9 x 14 cm,"Carte postale pleine feuille, noir et blanc. Aspect mat",Don des Archives départementales des Bouches-du-Rhône (2002),voie communale,"Fontaine-de-Vaucluse (Vaucluse, France)",,43.9220820962,5.13125424344,84139.0,Fontaine-de-Vaucluse,0.95,Aucun lieu-dit,Aucun monument,"45.- FONTAINE DE VAUCLUSE
La Sorgue et le Chemin de la Fontaine.
Editions J. Brun et cie. Carpentras","43.9220820962, 5.13125424344",,commune (fallback)
FRAD084_07FI139_0021_01.jpg,[avant 1920],"Dimensions 9 x 14 cm

Données techniques Carte postale pleine feuille, noir et blanc. Aspect mat",9 x 14 cm,"Carte postale pleine feuille, noir et blanc. Aspect mat",,voie communale,"Fontaine-de-Vaucluse (Vaucluse, France)",,43.9220820962,5.13125424344,84139.0,Vaucluse,0.95,Place,Aucun monument,"13. VAUCLUSE. — Vue prise de la Place
B. F. CHALON-s-SAONE.","43.9220820962, 5.13125424344",,commune (fallback)
FRAD084_07FI139_0022.jpg,[avant 1920],"Dimensions 9 x 14 cm

Données techniques Carte postale pleine feuille, noir et blanc. Aspect mat",9 x 14 cm,"Carte postale pleine feuille, noir et blanc. Aspect mat",,voie communale,"Fontaine-de-Vaucluse (Vaucluse, France)",,43.9220820962,5.13125424344,84139.0,Fontaine-de-Vaucluse,0.95,Aucun lieu-dit,Aucun monument,"Phototyp. E. Lacour — Marseille
2281 - Fontaine de Vaucluse - Chemin conduisant à la Source","43.9220820962, 5.13125424344",,commune (fallback)
FRAD084_07FI139_0121_01.jpg,[avant 1920],"Dimensions 9 x 14 cm

Données techniques Carte postale pleine feuille, noir et blanc. Aspect mat",9 x 14 cm,"Carte postale pleine feuille, noir et blanc. Aspect mat",Don des Archives départementales des Bouches-du-Rhône (2002),voie communale,"Fontaine-de-Vaucluse (Vaucluse, France)",,43.9220820962,5.13125424344,84139.0,Fontaine-de-Vaucluse,0.95,Aucun lieu-dit,Aucun monument,"2281 - Fontaine de Vaucluse
Chemin conduisant à la Source
Café
PETRAQUE
& LAURE
Phototypie B. Cour-Marille","43.9220820962, 5.13125424344",,commune (fallback)
FRAD084_07FI139_0016.jpg,[vers 1900],"Dimensions 9 x 14 cm

Données techniques Carte postale nuage, noir et blanc. Aspect mat",9 x 14 cm,"Carte postale nuage, noir et blanc. Aspect mat",,place publique,"Fontaine-de-Vaucluse (Vaucluse, France)",,43.9220820962,5.13125424344,84139.0,Vaucluse,0.95,La Place,Aucun monument,"No 49. J. Brun & Cie, éditeurs à Carpentras
VAUCLUSE - La Place","43.9220820962, 5.13125424344",,commune (fallback)
FRAD084_07FI139_0017.jpg,[vers 1900],"Dimensions 9 x 14 cm

Données techniques Carte postale nuage, noir et blanc. Aspect mat",9 x 14 cm,"Carte postale nuage, noir et blanc. Aspect mat",,place publique,"Fontaine-de-Vaucluse (Vaucluse, France)",,43.9220820962,5.13125424344,84139.0,Fontaine-de-Vaucluse,0.95,Aucun lieu-dit,Place publique,"P Martin a Vaucluse
FONTAINE DE VAUCLUSE - LA PLACE PÉTRARQUE","43.9220820962, 5.13125424344",,commune (fallback)
FRAD084_07FI139_0018.jpg,[avant 1920],"Dimensions 9 x 14 cm

Données techniques Carte postale pleine feuille, noir et blanc. Aspect mat",9 x 14 cm,"Carte postale pleine feuille, noir et blanc. Aspect mat",,place publique,"Fontaine-de-Vaucluse (Vaucluse, France)",,43.9220820962,5.13125424344,84139.0,,0.95,Aucun lieu-dit,Colonne de Pétrarque,16. VAUCLUSE. — La Place et la Colonne de Pétrarque B. F. CHALON-8-SAONE.,"43.9220820962, 5.13125424344",,commune (fallback)
FRAD084_07FI139_0094.jpg,[avant 1920],"Dimensions 9 x 14 cm

Données techniques Carte postale pleine feuille, noir et blanc. Aspect mat",9 x 14 cm,"Carte postale pleine feuille, noir et blanc. Aspect mat",,place publique,"Fontaine-de-Vaucluse (Vaucluse, France)",,43.9220820962,5.13125424344,84139.0,Fontaine-de-Vaucluse,0.95,Aucun lieu-dit,Aucun monument,"9. - FONTAINE DE VAUCLUSE
La Place (2e vue).
Editions J. Brun et Cie. Carpentras","43.9220820962, 5.13125424344",,commune (fallback)
FRAD084_07FI139_0020.jpg,[vers 1900],"Dimensions 9 x 14 cm

Données techniques Carte postale nuage, noir et blanc. Aspect mat",9 x 14 cm,"Carte postale nuage, noir et blanc. Aspect mat",,jardin,"Fontaine-de-Vaucluse (Vaucluse, France)","Fontaine-de-Vaucluse (Vaucluse, France) -- Maison de Pétrarque",43.9220820962,5.13125424344,84139.0,Fontaine-de-Vaucluse,0.95,Square du Jardin de Pétrarque,Aucun monument,"P. Martin a Vaucluse
FONTAINE DE VAUCLUSE - SQUARE DU JARDIN DE PÉTRARQUE","43.9220820962, 5.13125424344",,commune (fallback)
FRAD084_07FI139_0030.jpg,[vers 1900],"Dimensions 9 x 14 cm

Données techniques Carte postale nuage, noir et blanc. Aspect mat",9 x 14 cm,"Carte postale nuage, noir et blanc. Aspect mat",,aqueduc,"Fontaine-de-Vaucluse (Vaucluse, France)","Fontaine-de-Vaucluse (Vaucluse, France) -- Aqueduc de Galas",43.9220820962,5.13125424344,84139.0,Fontaine-de-Vaucluse,0.95,Aucun lieu-dit,l'aqueduc gallas,"P. Martin a Vaucluse
FONTAINE DE VAUCLUSE - L'AQUEDUC GALLAS","43.9156428, 5.1127717","Pont-aqueduc de Galas, Avenue Robert Garcin, La Vignasse, Galas, Fontaine-de-Vaucluse, Avignon, Vaucluse, Provence-Alpes-Côte d'Azur, France métropolitaine, 84800, France",edifice
FRAD084_07FI139_0031.jpg,[vers 1900],"Dimensions 9 x 14 cm

Données techniques Carte postale nuage, noir et blanc. Aspect mat",9 x 14 cm,"Carte postale nuage, noir et blanc. Aspect mat",,aqueduc,"Fontaine-de-Vaucluse (Vaucluse, France)","Fontaine-de-Vaucluse (Vaucluse, France) -- Aqueduc de Galas",43.9220820962,5.13125424344,84139.0,Fontaine-de-Vaucluse,0.95,Aucun lieu-dit,L'Aqueduc de Gallas,"P MARTIN A VAUCLUSE
FONTAINE DE VAUSLUSE - L'Aqueduc de Gallas","43.9156428, 5.1127717","Pont-aqueduc de Galas, Avenue Robert Garcin, La Vignasse, Galas, Fontaine-de-Vaucluse, Avignon, Vaucluse, Provence-Alpes-Côte d'Azur, France métropolitaine, 84800, France",edifice
FRAD084_07FI139_0029.jpg,[avant 1920],"Dimensions 9 x 14 cm

Données techniques Carte postale pleine feuille, noir et blanc. Aspect mat",9 x 14 cm,"Carte postale pleine feuille, noir et blanc. Aspect mat",,aqueduc,"Fontaine-de-Vaucluse (Vaucluse, France)","Fontaine-de-Vaucluse (Vaucluse, France) -- Aqueduc de Galas",43.9220820962,5.13125424344,84139.0,Fontaine-de-Vaucluse,0.95,Aucun lieu-dit,Pont de Gallas,"107. FONTAINE de VAUCLUSE (Vaucluse) Le Pont de Gallas et le Canal Éditions A. Railigues Vve J. Brun, Carpentras","43.9156428, 5.1127717","Pont-aqueduc de Galas, Avenue Robert Garcin, La Vignasse, Galas, Fontaine-de-Vaucluse, Avignon, Vaucluse, Provence-Alpes-Côte d'Azur, France métropolitaine, 84800, France",edifice
FRAD084_07FI139_0032.jpg,[avant 1920],"Dimensions 9 x 14 cm

Données techniques Carte postale pleine feuille, noir et blanc. Aspect mat",9 x 14 cm,"Carte postale pleine feuille, noir et blanc. Aspect mat",,aqueduc,"Fontaine-de-Vaucluse (Vaucluse, France)","Fontaine-de-Vaucluse (Vaucluse, France) -- Aqueduc de Galas",43.9220820962,5.13125424344,84139.0,,0.95,Aucun lieu-dit,L'Aqueduc,VAUCLUSE - L' AQUEDUC,"43.9220820962, 5.13125424344",,commune (fallback)
FRAD084_07FI139_0122_01.jpg,[avant 1920],"Dimensions 9 x 14 cm

Données techniques Carte postale pleine feuille, noir et blanc. Aspect mat",9 x 14 cm,"Carte postale pleine feuille, noir et blanc. Aspect mat",Don des Archives départementales du Gers (24 avril 2011),aqueduc,"Fontaine-de-Vaucluse (Vaucluse, France)","Fontaine-de-Vaucluse (Vaucluse, France) -- Aqueduc de Galas",43.9220820962,5.13125424344,84139.0,Fontaine-de-Vaucluse,0.95,Aucun lieu-dit,L'Aqueduc,"16 Fontaine de VAUCLUSE — L'Aqueduc, la route et la Sorgue","43.9154132, 5.1115777","Le moulin de l'aqueduc, 1521, Avenue Robert Garcin, La Vignasse, Galas, Fontaine-de-Vaucluse, Avignon, Vaucluse, Provence-Alpes-Côte d'Azur, France métropolitaine, 84800, France",monument_uniformise
FRAD084_07FI139_0099.jpg,[vers 1930],"Dimensions 9 x 14 cm

Données techniques Carte postale pleine feuille, couleur. Aspect mat",9 x 14 cm,"Carte postale pleine feuille, couleur. Aspect mat",,aqueduc,"Fontaine-de-Vaucluse (Vaucluse, France)","Fontaine-de-Vaucluse (Vaucluse, France) -- Aqueduc de Galas",43.9220820962,5.13125424344,84139.0,Fontaine-de-Vaucluse,0.98,Aucun lieu-dit,Le viaduc,3. Fontaine de Vaucluse Le viaduc,"43.9156428, 5.1127717","Pont-aqueduc de Galas, Avenue Robert Garcin, La Vignasse, Galas, Fontaine-de-Vaucluse, Avignon, Vaucluse, Provence-Alpes-Côte d'Azur, France métropolitaine, 84800, France",edifice
FRAD084_07FI139_0152.jpg,[avant 1920],"Dimensions 9 x 14 cm

Données techniques Carte postale pleine feuille, noir et blanc. Aspect mat",9 x 14 cm,"Carte postale pleine feuille, noir et blanc. Aspect mat",Don des Archives départementales des Bouches-du-Rhône (2002),aqueduc,"Fontaine-de-Vaucluse (Vaucluse, France)","Fontaine-de-Vaucluse (Vaucluse, France) -- Aqueduc de Galas",43.9220820962,5.13125424344,84139.0,Carpentras,0.98,Aucun lieu-dit,Aqueduc de Gallas,"47 - VAUCLUSE - Aqueduc de Gallas (2e vue) Editions J. Brun & Cie, Carpentras","43.9220820962, 5.13125424344",,commune (fallback)
FRAD084_07FI139_0082.jpg,[vers 1900],"Dimensions 9 x 14 cm

Données techniques Carte postale nuage, noir et blanc. Aspect mat",9 x 14 cm,"Carte postale nuage, noir et blanc. Aspect mat",,troglodyte,"Fontaine-de-Vaucluse (Vaucluse, France)",,43.9220820962,5.13125424344,84139.0,Fontaine-de-Vaucluse,0.95,La Beaume,Le Château de La Beaume,"p. Martin a Vaucluse
FONTAINE DE VAUCLUSE - LE CHATEAU DE LA BEAUME","43.9220820962, 5.13125424344",,commune (fallback)
FRAD084_07FI139_0098.jpg,[avant 1920],"Dimensions 9 x 14 cm

Données techniques Carte postale pleine feuille, noir et blanc. Aspect mat",9 x 14 cm,"Carte postale pleine feuille, noir et blanc. Aspect mat",,troglodyte,"Fontaine-de-Vaucluse (Vaucluse, France)",,43.9220820962,5.13125424344,84139.0,Fontaine-de-Vaucluse,0.95,Aucun lieu-dit,Habitations de Troglodytes modernes,Phototyp. E. Lacour. — Marseille. 219 - Fontaine de Vaucluse - Habitations de Troglodytes modernes,"43.9220820962, 5.13125424344",,commune (fallback)
FRAD084_07FI139_0138.jpg,[avant 1920],"Dimensions 9 x 14 cm

Données techniques Carte postale pleine feuille, noir et blanc. Aspect mat",9 x 14 cm,"Carte postale pleine feuille, noir et blanc. Aspect mat",Don des Archives départementales des Bouches-du-Rhône (2002),troglodyte,"Fontaine-de-Vaucluse (Vaucluse, France)",,43.9220820962,5.13125424344,84139.0,Fontaine-de-Vaucluse,0.95,Aucun lieu-dit,Habitation de Troglodytes modernes,"22 — FONTAINE de VAUCLUSE - Habitation de Troglodytes modernes
Editions J Brun et Cie, Carpentras","43.9220820962, 5.13125424344",,commune (fallback)
FRAD084_07FI139_0004.jpg,[vers 1900],"Dimensions 9 x 14 cm

Données techniques Carte postale nuage, noir et blanc. Aspect mat",9 x 14 cm,"Carte postale nuage, noir et blanc. Aspect mat",,site naturel,"Fontaine-de-Vaucluse (Vaucluse, France)",,43.9220820962,5.13125424344,84139.0,Fontaine-de-Vaucluse,0.95,Aucun lieu-dit,Aucun monument,"1. Martin a Vaucluse
FONTAINE DE VAUCLUSE - LA VALLÉE","43.9220820962, 5.13125424344",,commune (fallback)
FRAD084_07FI139_0005.jpg,[avant 1920],"Dimensions 9 x 14 cm

Données techniques Carte postale pleine feuille, noir et blanc. Aspect mat",9 x 14 cm,"Carte postale pleine feuille, noir et blanc. Aspect mat",,site naturel,"Fontaine-de-Vaucluse (Vaucluse, France)",,43.9220820962,5.13125424344,84139.0,Fontaine-de-Vaucluse,0.99,Aucun lieu-dit,Aucun monument,"25 — FONTAINE de VAUCLUSE - Vallée de la Sorgue
Editions J. Brun et Cie, Carpentras","43.9220820962, 5.13125424344",,commune (fallback)
FRAD084_07FI139_0041_01.jpg,[avant 1920],"Dimensions 9 x 14 cm

Données techniques Carte postale pleine feuille, noir et lanc. Aspect mat",9 x 14 cm,"Carte postale pleine feuille, noir et lanc. Aspect mat",,site naturel,"Fontaine-de-Vaucluse (Vaucluse, France)",,43.9220820962,5.13125424344,84139.0,Sorgues,0.95,Aucun lieu-dit,Aucun monument,72. Vaucluse (Vaucluse) — Les Cascades et la Vallée de la Sorgue,"43.9220820962, 5.13125424344",,commune (fallback)
FRAD084_07FI139_0006.jpg,[avant 1920],"Dimensions 9 x 14 cm

Données techniques Carte postale pleine feuille, noir et blanc. Aspect mat",9 x 14 cm,"Carte postale pleine feuille, noir et blanc. Aspect mat",,site naturel,"Fontaine-de-Vaucluse (Vaucluse, France)",,43.9220820962,5.13125424344,84139.0,Sorgues,0.95,Aucun lieu-dit,Aucun monument,72. VAUCLUSE - Les Cascades et la Vallée de la Sorgue,"43.9220820962, 5.13125424344",,commune (fallback)
FRAD084_07FI139_0100.jpg,[avant 1920],"Dimensions 9 x 14 cm

Données techniques Carte postale pleine feuille, noir et blanc. Aspect mat",9 x 14 cm,"Carte postale pleine feuille, noir et blanc. Aspect mat",,site naturel,"Fontaine-de-Vaucluse (Vaucluse, France)",,43.9220820962,5.13125424344,84139.0,Fontaine-de-Vaucluse,0.95,La Vallée,Aucun monument,Phototyp. E. Lacour. - Marseille 2280 - Fontaine de Vaucluse - La Vallée (Prise de la fontaine),"43.9220820962, 5.13125424344",,commune (fallback)
FRAD084_07FI139_0145_01.jpg,[avant 1920],"Dimensions 9 x 14 cm

Données techniques Carte postale pleine feuille, noir et blanc. Aspect mat",9 x 14 cm,"Carte postale pleine feuille, noir et blanc. Aspect mat",Don des Archives départementales des Bouches-du-Rhône (2002),site naturel,"Fontaine-de-Vaucluse (Vaucluse, France)",,43.9220820962,5.13125424344,84139.0,Fontaine-de-Vaucluse,0.95,Aucun lieu-dit,Aucun monument,"315 - FONTAINE-DE-VAUCLUSE — Les Cascades et la Vallée (Vue prise de la Source) Collection ""TOURIST"" (Déposé) F. Beau, édit. (Rept. Interdite)","43.9220820962, 5.13125424344",,commune (fallback)
FRAD084_07FI139_0074_01.jpg,[avant 1920],"Dimensions 9 x 14 cm

Données techniques Carte postale pleine feuille, noir et blanc. Aspect mat",9 x 14 cm,"Carte postale pleine feuille, noir et blanc. Aspect mat",,site naturel,"Fontaine-de-Vaucluse (Vaucluse, France)",,43.9220820962,5.13125424344,84139.0,Fontaine-de-Vaucluse,0.95,Aucun lieu-dit,Aucun monument,"6. - Vaucluse. Vue Générale prise de la source. Encadré par les deux collines, c'est un site qui rappelle les plus beaux du Dauphine Maison Universelle ,, Nouvelles Gale' REPUBLIQUE FRANCAISE 1820 10 124-11- DROME","43.9220820962, 5.13125424344",,commune (fallback)
FRAD084_07FI139_0083.jpg,[vers 1900],"Dimensions 9 x 14 cm

Données techniques Carte postale nuage, noir et blanc. Aspect mat",9 x 14 cm,"Carte postale nuage, noir et blanc. Aspect mat",,site naturel,"Fontaine-de-Vaucluse (Vaucluse, France)",,43.9220820962,5.13125424344,84139.0,Fontaine-de-Vaucluse,0.95,Le Ravin,Aucun monument,Collection J. G. 2. Vaucluse. Fontaine de Vaucluse « Le Ravin ».,"43.9220820962, 5.13125424344",,commune (fallback)
FRAD084_07FI139_0067_01.jpg,[vers 1900],"Dimensions 9 x 14 cm

Données techniques Carte postale nuage, noir et blanc. Aspect mat",9 x 14 cm,"Carte postale nuage, noir et blanc. Aspect mat",,site naturel,"Fontaine-de-Vaucluse (Vaucluse, France)",,43.9220820962,5.13125424344,84139.0,Fontaine-de-Vaucluse,0.95,La Fontaine,Aucun monument,"PHOTOTYPIE H. LAOUR MARSEILLE
VAUCLUSE - 216 LA FONTAINE
Vaucluse - 12 mars 1902","43.9224668, 5.1297308","Chemin de la Fontaine, La Vignasse, Fontaine-de-Vaucluse, Avignon, Vaucluse, Provence-Alpes-Côte d'Azur, France métropolitaine, 84800, France",hameau
FRAD084_07FI139_0085.jpg,[avant 1920],"Dimensions 9 x 14 cm

Données techniques Carte postale pleine feuille, noir et blanc. Aspect mat",9 x 14 cm,"Carte postale pleine feuille, noir et blanc. Aspect mat",,site naturel,"Fontaine-de-Vaucluse (Vaucluse, France)",,43.9220820962,5.13125424344,84139.0,Fontaine-de-Vaucluse,0.95,Aucun lieu-dit,Aucun monument,Phototyp. E. Lacour. — Marseille 2288 - Fontaine de Vaucluse - La Vallée & l'Eguille,"43.9220820962, 5.13125424344",,commune (fallback)
FRAD084_07FI139_0140_01.jpg,[avant 1920],"Dimensions 9 x 14 cm

Données techniques Carte postale pleine feuille, noir et blanc. Aspect mat",9 x 14 cm,"Carte postale pleine feuille, noir et blanc. Aspect mat",Don des Archives départementales des Bouches-du-Rhône (2002),site naturel,"Fontaine-de-Vaucluse (Vaucluse, France)",,43.9220820962,5.13125424344,84139.0,,0.95,La Fontaine,Aucun monument,3 VAUCLUSE. — La Fontaine. — Vallée de la Sorgue et l'Aiguille. — LL.,"43.9220820962, 5.13125424344",,commune (fallback)
FRAD084_07FI139_0153_01.jpg,[avant 1920],"Dimensions 9 x 14 cm

Données techniques Carte postale pleine feuille, noir et blanc. Aspect mat",9 x 14 cm,"Carte postale pleine feuille, noir et blanc. Aspect mat",Don des Archives départementales du Gers (27 avril 2011),site naturel,"Fontaine-de-Vaucluse (Vaucluse, France)",,43.9220820962,5.13125424344,84139.0,Fontaine-de-Vaucluse,0.95,Aucun lieu-dit,Aucun monument,13. Fontaine de VAUCLUSE — La Source et le Sentier,"43.9220820962, 5.13125424344",,commune (fallback)
FRAD084_07FI139_0110_01.jpg,[vers 1930],"Dimensions 9 x 14 cm

Données techniques Carte-image, couleur. Aspect mat",9 x 14 cm,"Carte-image, couleur. Aspect mat","Don de la bibliothèque Forney, Paris",site naturel,"Fontaine-de-Vaucluse (Vaucluse, France)",,43.9220820962,5.13125424344,84139.0,Fontaine-de-Vaucluse,0.95,Aucun lieu-dit,Aucun monument,6 Fontaine de Vaucluse. La vallée de la Sorgue.,"43.9220820962, 5.13125424344",,commune (fallback)
FRAD084_07FI139_0075.jpg,[avant 1920],"Dimensions 9 x 14 cm

Données techniques Carte postale pleine feuille, noir et blanc. Aspect mat",9 x 14 cm,"Carte postale pleine feuille, noir et blanc. Aspect mat",,site naturel,"Fontaine-de-Vaucluse (Vaucluse, France)",,43.9220820962,5.13125424344,84139.0,Fontaine-de-Vaucluse,0.95,La Vallée,Aucun monument,"20. FONTAINE DE VAUCLUSE — La Vallée. Editions J. Brun et Cie, Carpentras","43.9220820962, 5.13125424344",,commune (fallback)
FRAD084_07FI139_0077.jpg,[avant 1920],"Dimensions 9 x 14 cm

Données techniques Carte postale pleine feuille, noir et blanc. Aspect mat",9 x 14 cm,"Carte postale pleine feuille, noir et blanc. Aspect mat",,site naturel,"Fontaine-de-Vaucluse (Vaucluse, France)",,43.9220820962,5.13125424344,84139.0,Fontaine-de-Vaucluse,0.95,Aucun lieu-dit,Aucun monument,"3. - FONTAINE de VAUCLUSE (Vaucluse). - La Vallée
Editions Artistiques Vve J. Brun, Carpentras","43.9220820962, 5.13125424344",,commune (fallback)
FRAD084_07FI139_0043_01.jpg,[vers 1900],"Dimensions 9 x 4 cm

Données techniques Carte postale nuage, noir et blanc. Aspect mat",9 x 4 cm,"Carte postale nuage, noir et blanc. Aspect mat",,site naturel,"Fontaine-de-Vaucluse (Vaucluse, France)",,43.9220820962,5.13125424344,84139.0,Carpentras,0.98,Aucun lieu-dit,Le Gouffre (Source basse),"Vaucluse, le 12 mars 1902

N° 46. J. Brun & Cie, éditeurs à Carpentras.

Le Gouffre (Source basse)","43.9220820962, 5.13125424344",,commune (fallback)
FRAD084_07FI139_0038.jpg,[avant 1920],"Dimensions 9 x 14 cm

Données techniques Carte postale pleine feuille, noir et blanc. Aspect mat",9 x 14 cm,"Carte postale pleine feuille, noir et blanc. Aspect mat",,site naturel,"Fontaine-de-Vaucluse (Vaucluse, France)",,43.9220820962,5.13125424344,84139.0,Fontaine-de-Vaucluse,0.95,Aucun lieu-dit,Le Gouffre,61. - FONTAINE DE VAUCLUSE - Le Gouffre pendant les basses Eaux. Editions J. Brun et Cie. Carpentras,"43.9220820962, 5.13125424344",,commune (fallback)
FRAD084_07FI139_0044_01.jpg,[avant 1920],"Dimensions 9 x 14 cm

Données techniques Carte postale pleine feuille, noir et blanc. Aspect mat",9 x 14 cm,"Carte postale pleine feuille, noir et blanc. Aspect mat",,site naturel,"Fontaine-de-Vaucluse (Vaucluse, France)",,43.9220820962,5.13125424344,84139.0,Fontaine-de-Vaucluse,0.95,Aucun lieu-dit,Le Gouffre,"La caverne est ouverte en arcade dans un rocher taillé à pic, d'une hauteur d'environ 200 mètres au-dessus du lit de la source. Le figuier, plusieurs fois séculaire, qui couronne l'arcade, sert de repère pour la mesure du niveau de la source; en 1683, Mignard constata un abaissement des eaux de 21 m 74 au-dessous du figuier; en 1869, Reboul observa 23 m, 30. (Note de Liabastres) 5.- Vaucluse. Le Gouffre. Maison Université. Carpentras Reprod. interdite.","43.9220820962, 5.13125424344",,commune (fallback)
FRAD084_07FI139_0045.jpg,[avant 1920],"Dimensions 9 x 14 cm

Données techniques Carte postale pleine feuille, noir et blanc. Aspect mat",9 x 14 cm,"Carte postale pleine feuille, noir et blanc. Aspect mat",,site naturel,"Fontaine-de-Vaucluse (Vaucluse, France)",,43.9220820962,5.13125424344,84139.0,Fontaine-de-Vaucluse,0.95,Aucun lieu-dit,Fontaine de Vaucluse,"Éditions artistiques Vue J. Brun, Carpentras
28. FONTAINE de VAUCLUSE (Vaucluse)
Vue extérieure du Gouffre pendant les basses eaux","43.9176702, 5.1328437","Fontaine de Vaucluse, Chemin de la Fontaine, La Vignasse, Fontaine-de-Vaucluse, Avignon, Vaucluse, Provence-Alpes-Côte d'Azur, France métropolitaine, 84800, France",monument_uniformise
FRAD084_07FI139_0046.jpg,[avant 1920],"Dimensions 9 x 14 cm

Données techniques Carte postale pleine feuille, noir et blanc. Aspect mat",9 x 14 cm,"Carte postale pleine feuille, noir et blanc. Aspect mat",,site naturel,"Fontaine-de-Vaucluse (Vaucluse, France)",,43.9220820962,5.13125424344,84139.0,Fontaine-de-Vaucluse,0.95,Aucun lieu-dit,Source de la Fontaine,VAUCLUSE Source de la Fontaine ND Phot.,"43.9224082, 5.1277547","Café de la Source, Chemin de la Fontaine de Vaucluse, La Vignasse, Fontaine-de-Vaucluse, Avignon, Vaucluse, Provence-Alpes-Côte d'Azur, France métropolitaine, 84800, France",monument_uniformise
FRAD084_07FI139_0146_01.jpg,[avant 1920],"Dimensions 9 x 14 cm

Données techniques Carte postale pleine feuille, noir et blanc. Aspect mat",9 x 14 cm,"Carte postale pleine feuille, noir et blanc. Aspect mat",Don des Archives départementales des Bouches-du-Rhône (2002),site naturel,"Fontaine-de-Vaucluse (Vaucluse, France)",,43.9220820962,5.13125424344,84139.0,Fontaine-de-Vaucluse,0.95,Aucun lieu-dit,Le Gouffre,5 - FONTAINE de VAUCLUSE - Le Gouffre,"43.9220820962, 5.13125424344",,commune (fallback)
FRAD084_07FI139_0147_01.jpg,[avant 1920],"Dimensions 9 x 14 cm

Données techniques Carte postale pleine feuille, noir et blanc. Aspect mat",9 x 14 cm,"Carte postale pleine feuille, noir et blanc. Aspect mat",Don des Archives départementales des Bouches-du-Rhône (2002),site naturel,"Fontaine-de-Vaucluse (Vaucluse, France)",,43.9220820962,5.13125424344,84139.0,Fontaine-de-Vaucluse,0.95,Aucun lieu-dit,Aucun monument,9 VAUCLUSE. — La Fontaine. — Le Gouffre. — LL.,"43.9220820962, 5.13125424344",,commune (fallback)
FRAD084_07FI139_0148.jpg,[avant 1920],"Dimensions 9 x 14 cm

Données techniques Carte postale pleine feuille, noir et blanc. Aspect mat",9 x 14 cm,"Carte postale pleine feuille, noir et blanc. Aspect mat",Don des Archives départementales des Bouches-du-Rhône (2002),site naturel,"Fontaine-de-Vaucluse (Vaucluse, France)",,43.9220820962,5.13125424344,84139.0,Fontaine-de-Vaucluse,0.95,Aucun lieu-dit,Le Chaudron,"LE FIGUIER SECULAIRE
Cliché Perret
5 - FONTAINE de VAUCLUSE (Vaucluse) - Vue du Gouffre
pendant les plus Basses Eaux - Le Chaudron
La ligne blanche indique la hauteur des Hautes Eaux
Brun édit. - Vaucluse","43.9220820962, 5.13125424344",,commune (fallback)
FRAD084_07FI139_0047_01.jpg,[avant 1920],"Dimensions 9 x 14 cm

Données techniques Carte postale pleine feuille, noir et blanc. Aspect mat",9 x 14 cm,"Carte postale pleine feuille, noir et blanc. Aspect mat",,site naturel,"Fontaine-de-Vaucluse (Vaucluse, France)",,43.9220820962,5.13125424344,84139.0,Fontaine-de-Vaucluse,0.95,Aucun lieu-dit,Fontaine de Vaucluse,"Edition Vve J. Brun, Carpentras
38. FONTAINE de VAUCLUSE — Vue intérieure du Gouffre
pendant les basses eaux prise de la Chambre principale","43.9176702, 5.1328437","Fontaine de Vaucluse, Chemin de la Fontaine, La Vignasse, Fontaine-de-Vaucluse, Avignon, Vaucluse, Provence-Alpes-Côte d'Azur, France métropolitaine, 84800, France",monument_uniformise
FRAD084_07FI139_0102.jpg,[vers 1930],"Dimensions 9 x 14 cm

Données techniques Carte postale avec bordure, couleur. Aspect mat",9 x 14 cm,"Carte postale avec bordure, couleur. Aspect mat",,site naturel,"Fontaine-de-Vaucluse (Vaucluse, France)",,43.9220820962,5.13125424344,84139.0,,0.95,Aucun lieu-dit,Aucun monument,EDMONT-CELE,"43.9220820962, 5.13125424344",,commune (fallback)
FRAD084_07FI139_0059_01.jpg,[vers 1900],"Dimensions 9 x 14 cm

Données techniques Carte postale nuage, noir et blanc. Aspect mat",9 x 14 cm,"Carte postale nuage, noir et blanc. Aspect mat",,site naturel,"Fontaine-de-Vaucluse (Vaucluse, France)",,43.9220820962,5.13125424344,84139.0,Vaucluse,0.95,La Cascade,La Cascade,"Collection Assalix, Avignon. 48 - VAUCLUSE. - La Cascade. Vaucluse 1er mars 1902.","43.9220820962, 5.13125424344",,commune (fallback)
FRAD084_07FI139_0060.jpg,[vers 1900],"Dimensions 9 x 14 cm

Données techniques Carte postale nuage, noir et blanc. Aspect mat",9 x 14 cm,"Carte postale nuage, noir et blanc. Aspect mat",,site naturel,"Fontaine-de-Vaucluse (Vaucluse, France)",,43.9220820962,5.13125424344,84139.0,Carpentras,0.95,Aucun lieu-dit,La Cascade,"Vaucluse. le

La Cascade

N° 45. J. Brun & Cie, éditeurs à Carpentras","43.9220820962, 5.13125424344",,commune (fallback)
FRAD084_07FI139_0058.jpg,[vers 1900],"Dimensions 9 x 14 cm

Données techniques Carte postale nuage, noir et blanc. Aspect mat",9 x 14 cm,"Carte postale nuage, noir et blanc. Aspect mat",,site naturel,"Fontaine-de-Vaucluse (Vaucluse, France)",,43.9220820962,5.13125424344,84139.0,Fontaine-de-Vaucluse,0.95,Aucun lieu-dit,La Cascade,"P Martin a Vaucluse
FONTAINE DE VAUCLUSE - LA CASCADE","43.9176702, 5.1328437","Fontaine de Vaucluse, Chemin de la Fontaine, La Vignasse, Fontaine-de-Vaucluse, Avignon, Vaucluse, Provence-Alpes-Côte d'Azur, France métropolitaine, 84800, France",monument_uniformise
FRAD084_07FI139_0061.jpg,[vers 1900],"Dimensions 9 x 14 cm

Données techniques Carte postale nuage, noir et blanc. Aspect mat",9 x 14 cm,"Carte postale nuage, noir et blanc. Aspect mat",,site naturel,"Fontaine-de-Vaucluse (Vaucluse, France)",,43.9220820962,5.13125424344,84139.0,Vaucluse,0.95,La Source (haute),Aucun monument,"Vaucluse, le
No 47. J Brun & C°, éditeurs à Carpentras
VAUCLUSE. - La Source (haute)","43.9220820962, 5.13125424344",,commune (fallback)
FRAD084_07FI139_0062.jpg,[vers 1900],"Dimensions 9 x 14 cm

Données techniques Carte postale nuage, noir et blanc. Aspect mat",9 x 14 cm,"Carte postale nuage, noir et blanc. Aspect mat",,site naturel,"Fontaine-de-Vaucluse (Vaucluse, France)",,43.9220820962,5.13125424344,84139.0,Fontaine-de-Vaucluse,0.95,Aucun lieu-dit,Aucun monument,"P Martin a Vaucluse
FONTAINE DE VAUCLUSE - VUE PRISE DE LA SOURCE","43.9220820962, 5.13125424344",,commune (fallback)
FRAD084_07FI139_0063.jpg,[vers 1900],"Dimensions 9 x 14 cm

Données techniques Carte postale nuage, noir et blanc. Aspect mat",9 x 14 cm,"Carte postale nuage, noir et blanc. Aspect mat",,site naturel,"Fontaine-de-Vaucluse (Vaucluse, France)",,43.9220820962,5.13125424344,84139.0,Fontaine-de-Vaucluse,0.95,Aucun lieu-dit,Aucun monument,"P. Martin a Vaucluse
FONTAINE DE VAUCLUSE - LE LAC DES CASCADES","43.9220820962, 5.13125424344",,commune (fallback)
FRAD084_07FI139_0065_01.jpg,[vers 1900],"Dimensions 9 x 14 cm

Données techniques Carte postale nuage, noir et blanc. Aspect mat",9 x 14 cm,"Carte postale nuage, noir et blanc. Aspect mat",,site naturel,"Fontaine-de-Vaucluse (Vaucluse, France)",,43.9220820962,5.13125424344,84139.0,Vaucluse,0.98,Aucun lieu-dit,Aucun monument,"No 51. J. Brun et Cie, éditeurs à Carpentras
VAUCLUSE. - Le Lac
Vaucluse - 12 mars 1907 C. C.","43.9220820962, 5.13125424344",,commune (fallback)
FRAD084_07FI139_0066_01.jpg,[vers 1900],"Dimensions 9 x 14 cm

Données techniques Carte postale nuage, noir et blanc. Aspect mat",9 x 14 cm,"Carte postale nuage, noir et blanc. Aspect mat",,site naturel,"Fontaine-de-Vaucluse (Vaucluse, France)",,43.9220820962,5.13125424344,84139.0,Vaucluse,0.98,Aucun lieu-dit,La Grande Cascade,"No 48 - J. Brun & Cie, Editeurs, à Carpentras
VAUCLUSE - La Grande Cascade
Vaucluse - 1er mars 1902","43.9220820962, 5.13125424344",,commune (fallback)
FRAD084_07FI139_0079_01.jpg,[avant 1920],"Dimensions 9 x 14 cm

Données techniques Carte postale pleine feuille, couleur. Aspect mat",9 x 14 cm,"Carte postale pleine feuille, couleur. Aspect mat",,site naturel,"Fontaine-de-Vaucluse (Vaucluse, France)",,43.9220820962,5.13125424344,84139.0,Fontaine-de-Vaucluse,0.95,Aucun lieu-dit,La Source Haute,"Edition Artist. J. Brun et Cie, Carpentras. FONTAINE-de-VAUCLUSE. — La Source Haute.","43.9220820962, 5.13125424344",,commune (fallback)
FRAD084_07FI139_0073.jpg,[avant 1920],"Dimensions 9 x 14 cm

Données techniques Carte postale pleine feuille, noir et blanc. Aspect mat",9 x 14 cm,"Carte postale pleine feuille, noir et blanc. Aspect mat",,site naturel,"Fontaine-de-Vaucluse (Vaucluse, France)",,43.9220820962,5.13125424344,84139.0,Carpentras,0.95,Aucun lieu-dit,Fontaine de Vaucluse,"6 — Fontaine de Vaucluse - La Source haute
Editions J. Brun et Cie, Carpentras","44.051805, 5.0429127","Ligne d’Orange à l’Isle - Fontaine-de-Vaucluse, Impasse Maurel, Carpentras, Vaucluse, Provence-Alpes-Côte d'Azur, France métropolitaine, 84200, France",monument_uniformise
FRAD084_07FI139_0128.jpg,[avant 1920],"Dimensions 9 x 14 cm

Données techniques Carte postale pleine feuille, noir et blanc. Aspect mat",9 x 14 cm,"Carte postale pleine feuille, noir et blanc. Aspect mat",Don des Archives départementales des Bouches-du-Rhône (2002),site naturel,"Fontaine-de-Vaucluse (Vaucluse, France)",,43.9220820962,5.13125424344,84139.0,Isle-sur-la-Sorgue,0.95,Aucun lieu-dit,Fontaine-de-Vaucluse,"Edition J. Bascou - Isle-sur-Sorgue
2 - FONTAINE DE VAUCLUSE - Premières chutes de la Source","43.9173699, 5.0476221","L'Isle-sur-la-Sorgue - Fontaine-de-Vaucluse, Avenue Julien Guigue, L'Isle-sur-la-Sorgue, Avignon, Vaucluse, Provence-Alpes-Côte d'Azur, France métropolitaine, 84800, France",monument_uniformise
FRAD084_07FI139_0106.jpg,[avant 1920],"Dimensions 9 x 14 cm

Données techniques Carte postale pleine feuille, noir et blanc. Aspect mat",9 x 14 cm,"Carte postale pleine feuille, noir et blanc. Aspect mat",,site naturel,"Fontaine-de-Vaucluse (Vaucluse, France)",,43.9220820962,5.13125424344,84139.0,Fontaine-de-Vaucluse,0.95,La Source Haute,Aucun monument,"6 - FONTAINE DE VAUCLUSE - La Source Haute
Edition J. Brun et Cie, l'arpentras","43.9220820962, 5.13125424344",,commune (fallback)
FRAD084_07FI139_0118_01.jpg,[avant 1920],"Dimensions 9 x 14 cm

Données techniques Carte postale pleine feuille, noir et blanc. Aspect mat",9 x 14 cm,"Carte postale pleine feuille, noir et blanc. Aspect mat",Don des Archives départementales des Bouches-du-Rhône (2002),site naturel,"Fontaine-de-Vaucluse (Vaucluse, France)",,43.9220820962,5.13125424344,84139.0,Fontaine-de-Vaucluse,0.95,Aucun lieu-dit,La Sortie du Gouffre,FONTAINE DE VAUCLUSE. - LA SORTIE DU GOUFFRE,"43.9220820962, 5.13125424344",,commune (fallback)
FRAD084_07FI139_0109.jpg,[avant 1920],"Dimensions 9 x 14 cm

Données techniques Carte postale pleine feuille, noir et blanc. Aspect mat",9 x 14 cm,"Carte postale pleine feuille, noir et blanc. Aspect mat",,site naturel,"Fontaine-de-Vaucluse (Vaucluse, France)",,43.9220820962,5.13125424344,84139.0,Fontaine-de-Vaucluse,0.95,Aucun lieu-dit,Le Figueir Sécular dans l'eau,"LE FIGUIER SÉCULAIRE DANS L'EAU
Gliche Perret
I - FONTAINE de VAUCLUSE (Vaucluse) - La Cuvette pendant les plus Hautes Eaux
Brun édit. - Vaucluse","43.9220820962, 5.13125424344",,commune (fallback)
FRAD084_07FI139_0057_01.jpg,[avant 1920],"Dimensions 9 x 14 cm

Données techniques Carte postale pleine feuille, noir et blanc. Aspect mat",9 x 14 cm,"Carte postale pleine feuille, noir et blanc. Aspect mat",,site naturel,"Fontaine-de-Vaucluse (Vaucluse, France)",,43.9220820962,5.13125424344,84139.0,Fontaine-de-Vaucluse,0.95,Aucun lieu-dit,Naissance de la Source Haute,"308 - FONTAINE-DE-VAUCLUSE
Naissance de la Source Haute
Ed. F. Beau","43.9220820962, 5.13125424344",,commune (fallback)
FRAD084_07FI139_0112_01.jpg,[vers 1960],"Dimensions 9 x 14 cm

Données techniques Carte postale bord dentelé, noir et blanc. Aspect mat",9 x 14 cm,"Carte postale bord dentelé, noir et blanc. Aspect mat",,site naturel,"Fontaine-de-Vaucluse (Vaucluse, France)",,43.9220820962,5.13125424344,84139.0,,0.99,Aucun lieu-dit,Aucun monument,,"43.9220820962, 5.13125424344",,commune (fallback)
FRAD084_07FI139_0054.jpg,[avant 1920],"Dimensions 9 x 14 cm

Données techniques Carte postale pleine feuille, noir et blanc. Aspect mat",9 x 14 cm,"Carte postale pleine feuille, noir et blanc. Aspect mat",,site naturel,"Fontaine-de-Vaucluse (Vaucluse, France)",,43.9220820962,5.13125424344,84139.0,Fontaine-de-Vaucluse,0.95,Aucun lieu-dit,Les Grandes Cascades,Collection IDÉALE - M.F.B. 17 - FONTAINE de VAUCLUSE Les Grandes Cascades,"43.9220820962, 5.13125424344",,commune (fallback)
FRAD084_07FI139_0134_01.jpg,[avant 1920],"Dimensions 9 x 14 cm

Données techniques Carte postale pleine feuille, noir et blanc. Aspect mat",9 x 14 cm,"Carte postale pleine feuille, noir et blanc. Aspect mat",Don des Archives départementales des Bouches-du-Rhône (2002),site naturel,"Fontaine-de-Vaucluse (Vaucluse, France)",,43.9220820962,5.13125424344,84139.0,Fontaine-de-Vaucluse,0.95,Aucun lieu-dit,La Sortie du Gouffre,"L. Nuidant, edit. 50, Cours Bouissac - Cavaillon
21. FONTAINE DE VAUCLUSE
La Sortie du Gouffre","43.9220820962, 5.13125424344",,commune (fallback)
FRAD084_07FI139_0070.jpg,[avant 1920],"Dimensions 9 x 14 cm

Données techniques Carte postale pleine feuille, noir et blanc. Aspect mat",9 x 14 cm,"Carte postale pleine feuille, noir et blanc. Aspect mat",,site naturel,"Fontaine-de-Vaucluse (Vaucluse, France)",,43.9220820962,5.13125424344,84139.0,Isle-sur-la-Sorgue,0.95,Aucun lieu-dit,Fontaine-de-Vaucluse,"Edition J. Bascou - Isle-sur-Sorgue
5 - FONTAINE DE VAUCLUSE
La Fontaine sillonnant la Vallée","43.9173699, 5.0476221","L'Isle-sur-la-Sorgue - Fontaine-de-Vaucluse, Avenue Julien Guigue, L'Isle-sur-la-Sorgue, Avignon, Vaucluse, Provence-Alpes-Côte d'Azur, France métropolitaine, 84800, France",monument_uniformise
FRAD084_07FI139_0071.jpg,[vers 1900],"Dimensions 9 x 14 cm

Données techniques Carte postale nuage, noir et blanc. Aspect mat",9 x 14 cm,"Carte postale nuage, noir et blanc. Aspect mat",,site naturel,"Fontaine-de-Vaucluse (Vaucluse, France)",,43.9220820962,5.13125424344,84139.0,Carpentras,0.95,Aucun lieu-dit,La grande Cascade,"Vaucluse, le
No 48. J. Brun & C°, éditeurs à Carpentras
VAUCLUSE. - La grande Cascade","43.9220820962, 5.13125424344",,commune (fallback)
FRAD084_07FI139_0050.jpg,[avant 1920],"Dimensions 9 x 14 cm

Données techniques Carte postale pleine feuille, noir et blanc. Aspect mat",9 x 14 cm,"Carte postale pleine feuille, noir et blanc. Aspect mat",,site naturel,"Fontaine-de-Vaucluse (Vaucluse, France)",,43.9220820962,5.13125424344,84139.0,Fontaine-de-Vaucluse,0.98,Les Roches,Aucun monument,"45 (ter) — FONTAINE de VAUCLUSE - Les Roches
Editions J Brun & Cie, Carpentras","43.9220820962, 5.13125424344",,commune (fallback)
FRAD084_07FI139_0051.jpg,[avant 1920],"Dimensions 9 x 14 cm

Données techniques Carte postale pleine feuille, noir et blanc. Aspect mat",9 x 14 cm,"Carte postale pleine feuille, noir et blanc. Aspect mat",,site naturel,"Fontaine-de-Vaucluse (Vaucluse, France)",,43.9220820962,5.13125424344,84139.0,Fontaine-de-Vaucluse,0.95,Aucun lieu-dit,La Grande Cascade,"8 — FONTAINE-de-VAUCLUSE - La Grande Cascade
Editions J. Brun et Cie. Carpentras","43.9220820962, 5.13125424344",,commune (fallback)
FRAD084_07FI139_0052_01.jpg,[avant 1920],"Dimensions 9 x 14 cm

Données techniques Carte postale pleine feuille, noir et blanc. Aspect mat",9 x 14 cm,"Carte postale pleine feuille, noir et blanc. Aspect mat",,site naturel,"Fontaine-de-Vaucluse (Vaucluse, France)",,43.9220820962,5.13125424344,84139.0,Fontaine-de-Vaucluse,0.98,Les Roches,Aucun monument,"29. Fontaine de Vaucluse (Vaucluse) — Les Roches
Editions Artistiques J. Brun et Cie, Carpentras","43.9220820962, 5.13125424344",,commune (fallback)
FRAD084_07FI139_0053.jpg,[vers 1930],"Dimensions 9 x 14 cm

Données techniques Carte postale pleine feuille, couleur. Aspect mat",9 x 14 cm,"Carte postale pleine feuille, couleur. Aspect mat",,site naturel,"Fontaine-de-Vaucluse (Vaucluse, France)",,43.9220820962,5.13125424344,84139.0,,0.98,Les Grandes Cascades,Aucun monument,7- VAUCLUSE — Les Grandes Cascades Edition Bascou,"43.9220820962, 5.13125424344",,commune (fallback)
FRAD084_07FI139_0055_01.jpg,[avant 1920],"Dimensions 9 x 14 cm

Données techniques Carte postale pleine feuille, noir et blanc",9 x 14 cm,"Carte postale pleine feuille, noir et blanc",,site naturel,"Fontaine-de-Vaucluse (Vaucluse, France)",,43.9220820962,5.13125424344,84139.0,Fontaine-de-Vaucluse,0.95,Les Cascades,Les Cascades,"4. - Vaucluse. - Les Cascades. Lorsque les eaux atteignent le débit de la source est de 50 000 litres; à ce moment, qui nait de la source, arrose environ plus de 200 usines. REPUBLIQUE FRANCAISE","43.9220820962, 5.13125424344",,commune (fallback)
FRAD084_07FI139_0154_01.jpg,[avant 1920],"Dimensions 9 x 14 cm

Données techniques Carte postale pleine feuille, noir et blanc. Aspect mat",9 x 14 cm,"Carte postale pleine feuille, noir et blanc. Aspect mat",Don des Archives du Gers (27 avril 2011),site naturel,"Fontaine-de-Vaucluse (Vaucluse, France)",,43.9220820962,5.13125424344,84139.0,Fontaine-de-Vaucluse,0.95,Aucun lieu-dit,Aucun monument,Edit. Izard. 9. Fontaine de VAUCUSE — les Cascades,"43.9220820962, 5.13125424344",,commune (fallback)
FRAD084_07FI139_0056.jpg,[avant 1920],"Dimensions 9 x 14 cm

Données techniques Carte postale pleine feuille, noir et blanc. Aspect mat",9 x 14 cm,"Carte postale pleine feuille, noir et blanc. Aspect mat",,site naturel,"Fontaine-de-Vaucluse (Vaucluse, France)",,43.9220820962,5.13125424344,84139.0,Fontaine-de-Vaucluse,0.95,Aucun lieu-dit,La Fontaine,Photo. H. Févrot. 10. — Vaucluse. - La Fontaine.,"43.9224668, 5.1297308","Chemin de la Fontaine, La Vignasse, Fontaine-de-Vaucluse, Avignon, Vaucluse, Provence-Alpes-Côte d'Azur, France métropolitaine, 84800, France",monument_uniformise
FRAD084_07FI139_0080_01.jpg,[vers 1950],"Dimensions 9 x 14cm

Données techniques Carte postale avec bordure, noir et blanc. Aspect brillant",9 x 14cm,"Carte postale avec bordure, noir et blanc. Aspect brillant",,site naturel,"Fontaine-de-Vaucluse (Vaucluse, France)",,43.9220820962,5.13125424344,84139.0,Fontaine-de-Vaucluse,0.95,Les Cascades,Aucun monument,"6_FONTAINE DE VAUCLUSE
LES CASCADES","43.9220820962, 5.13125424344",,commune (fallback)
FRAD084_07FI139_0103_01.jpg,[vers 1930],"Dimensions 9 x 14 cm

Données techniques Carte postale, pleine feuille, couleur. Aspect mat",9 x 14 cm,"Carte postale, pleine feuille, couleur. Aspect mat",,site naturel,"Fontaine-de-Vaucluse (Vaucluse, France)",,43.9220820962,5.13125424344,84139.0,Fontaine-de-Vaucluse,0.95,Aucun lieu-dit,Les Cascades,"7. - FONTAINE de VAUCLUSE (Vaucluse). - Les Cascades
Editions Artistiques Vve J. Brun, Carpentras","43.9220820962, 5.13125424344",,commune (fallback)
FRAD084_07FI139_0131.jpg,[avant 1920],"Dimensions 9 x 14 cm

Données techniques Carte postale pleine feuille, noir et blanc. Aspect mat",9 x 14 cm,"Carte postale pleine feuille, noir et blanc. Aspect mat",Don des Archives départementales des Bouches-du-Rhône (2002),site naturel,"Fontaine-de-Vaucluse (Vaucluse, France)",,43.9220820962,5.13125424344,84139.0,Fontaine-de-Vaucluse,0.95,Aucun lieu-dit,La Source et les Cascades,"94. FONTAINE de VAUCLUSE (Vaucluse) — La Source et les Cascades. Editions Artistiques Vve J. Brun, Carpentras","43.9220820962, 5.13125424344",,commune (fallback)
FRAD084_07FI139_0132.jpg,[avant 1920],"Dimensions 9 x 14 cm

Données techniques Carte postale pleine feuille, noir et blanc. Aspect mat",9 x 14 cm,"Carte postale pleine feuille, noir et blanc. Aspect mat",Don des Archives départementales des Bouches-du-Rhône (2002),site naturel,"Fontaine-de-Vaucluse (Vaucluse, France)",,43.9220820962,5.13125424344,84139.0,Fontaine-de-Vaucluse,0.95,Aucun lieu-dit,Les Cascades,FONTAINE DE VAUCLUSE Les Cascades,"43.9220820962, 5.13125424344",,commune (fallback)
FRAD084_07FI139_0104.jpg,[avant 1920],"Dimensions 9 x 14 cm

Données techniques Carte postale pleine feuille, noir et blanc. Aspect mat",9 x 14 cm,"Carte postale pleine feuille, noir et blanc. Aspect mat",,site naturel,"Fontaine-de-Vaucluse (Vaucluse, France)",,43.9220820962,5.13125424344,84139.0,Vaucluse,0.98,La Cascade,La Cascade,214 - Vaucluse - La Cascade Phototyp. E. Labour. Marseille,"43.9220820962, 5.13125424344",,commune (fallback)
FRAD084_07FI139_0105_01.jpg,[avant 1920],"Dimensions 9 x 14 cm

Données techniques Carte postale pleine feuille, noir et blanc. Aspect mat",9 x 14 cm,"Carte postale pleine feuille, noir et blanc. Aspect mat",,site naturel,"Fontaine-de-Vaucluse (Vaucluse, France)",,43.9220820962,5.13125424344,84139.0,Fontaine-de-Vaucluse,0.95,Aucun lieu-dit,Les Cascades,"8 - FONTAINE de VAUCLUSE (Vaucluse) Les Cascades, 3me Vue Brun édit. Vaucluse L. de Laphélie - Soisson","43.9220820962, 5.13125424344",,commune (fallback)
FRAD084_07FI139_0048.jpg,[avant 1920],"Dimensions 9 x 14 cm

Données techniques Carte postale pleine feuille, noir et blanc. Aspect mat",9 x 14 cm,"Carte postale pleine feuille, noir et blanc. Aspect mat",,site naturel,"Fontaine-de-Vaucluse (Vaucluse, France)",,43.9220820962,5.13125424344,84139.0,Fontaine-de-Vaucluse,0.95,Aucun lieu-dit,Sortie des Eaux de la Fontaine,"Editions Artistiques Vve J. Brun, Carpentras
23. - FONTAINE de VAUCLUSE (Vaucluse). - Sortie des Eaux de la Fontaine","43.9220820962, 5.13125424344",,commune (fallback)
FRAD084_07FI139_0049.jpg,[avant 1920],"Dimensions 9 x 14 cm

Données techniques Carte postale pleine feuille, noir et blanc. Aspect mat",9 x 14 cm,"Carte postale pleine feuille, noir et blanc. Aspect mat",,site naturel,"Fontaine-de-Vaucluse (Vaucluse, France)",,43.9220820962,5.13125424344,84139.0,,0.99,Aucun lieu-dit,Aucun monument,,"43.9220820962, 5.13125424344",,commune (fallback)
FRAD084_07FI139_0123.jpg,[vers 1930],"Dimensions 9 x 14 cm

Données techniques Carte postale pleine feuille, couleur. Aspect mat",9 x 14 cm,"Carte postale pleine feuille, couleur. Aspect mat",Don des Archives départementales des Bouches-du-Rhône (2002),site naturel,"Fontaine-de-Vaucluse (Vaucluse, France)",,43.9220820962,5.13125424344,84139.0,Fontaine-de-Vaucluse,0.95,Aucun lieu-dit,Aucun monument,"IDÉALE
M F. B.
20. - Fontaine de VAUCLUSE. - La Source Haute a sa naissance.","43.9220820962, 5.13125424344",,commune (fallback)
FRAD084_07FI139_0133.jpg,[vers 1930],"Dimensions 9 x 14 cm

Données techniques Carte postale pleine feuille, couleur. Aspect mat",9 x 14 cm,"Carte postale pleine feuille, couleur. Aspect mat",Don des Archives départementales des Bouches-du-Rhône (2002),site naturel,"Fontaine-de-Vaucluse (Vaucluse, France)",,43.9220820962,5.13125424344,84139.0,Fontaine-de-Vaucluse,0.95,Aucun lieu-dit,Les Grandes Cascades,"IDÉALE
M. F. B.
17. - FONTAINE DE VAUCLUSE.
Les Grandes Cascades.","43.9220820962, 5.13125424344",,commune (fallback)
FRAD084_07FI139_0127.jpg,[vers 1930],"Dimensions 9 x 14 cm

Données techniques Carte postale avec bordure, sépia. Aspect mat",9 x 14 cm,"Carte postale avec bordure, sépia. Aspect mat",Don des Archives départementales des Bouches-du-Rhône (2002),site naturel,"Fontaine-de-Vaucluse (Vaucluse, France)",,43.9220820962,5.13125424344,84139.0,Fontaine-de-Vaucluse,0.98,Aucun lieu-dit,Les Roches Argentées,"14. FONTAINE-de-VAUCLUSE — Les Roches Argentées
PHOT. COMBIER MACON","43.9220820962, 5.13125424344",,commune (fallback)
FRAD084_07FI139_0081_01.jpg,[vers 1930],"Dimensions 9 x 14 cm

Données techniques Carte postale avec bordure, sépia. Aspect mat",9 x 14 cm,"Carte postale avec bordure, sépia. Aspect mat",,site naturel,"Fontaine-de-Vaucluse (Vaucluse, France)",,43.9220820962,5.13125424344,84139.0,,0.99,Aucun lieu-dit,Aucun monument,Vaucluse,"43.9220820962, 5.13125424344",,commune (fallback)
FRAD084_07FI139_0129.jpg,[vers 1960],"Dimensions 9 x 14 cm

Données techniques Carte-photographie avec bordure, noir et blanc. Aspect brillant",9 x 14 cm,"Carte-photographie avec bordure, noir et blanc. Aspect brillant",Don des Archives départementales des Bouches-du-Rhône (2002),site naturel,"Fontaine-de-Vaucluse (Vaucluse, France)",,43.9220820962,5.13125424344,84139.0,,0.95,Aucun lieu-dit,Aucun monument,yvon,"43.9220820962, 5.13125424344",,commune (fallback)
FRAD084_07FI139_0135.jpg,[vers 1960],"Dimensions 10 x 15 cm

Données techniques Carte postale bord dentelé, noir et blanc. Aspect brillant",10 x 15 cm,"Carte postale bord dentelé, noir et blanc. Aspect brillant",Don des Archives départementales des Bouches-du-Rhône (2002),site naturel,"Fontaine-de-Vaucluse (Vaucluse, France)",,43.9220820962,5.13125424344,84139.0,,0.95,Aucun lieu-dit,Aucun monument,LON,"43.9220820962, 5.13125424344",,commune (fallback)
FRAD084_07FI139_0119.jpg,[vers 1960],"Dimensions 9 x 14 cm

Données techniques Carte-photographie avec bordure, noir et blanc. Aspect brillant",9 x 14 cm,"Carte-photographie avec bordure, noir et blanc. Aspect brillant",Don des Archives départementales des Bouches-du-Rhône (2002),site naturel,"Fontaine-de-Vaucluse (Vaucluse, France)",,43.9220820962,5.13125424344,84139.0,,0.95,Aucun lieu-dit,Aucun monument,Frog,"43.9220820962, 5.13125424344",,commune (fallback)
FRAD084_07FI139_0130_01.jpg,[vers 1960],"Dimensions 10 x 15 cm

Données techniques Carte postale bord dentelé, noir et blanc. Aspect brillant",10 x 15 cm,"Carte postale bord dentelé, noir et blanc. Aspect brillant",Don des Archives départementales des Bouches-du-Rhône (2002),site naturel,"Fontaine-de-Vaucluse (Vaucluse, France)",,43.9220820962,5.13125424344,84139.0,,0.95,Aucun lieu-dit,Aucun monument,Lyon,"43.9220820962, 5.13125424344",,commune (fallback)
FRAD084_07FI139_0076_01.jpg,[avant 1920],"Dimensions 9 x 14 cm

Données techniques Carte postale pleine feuille, noir et blanc. Aspect mat",9 x 14 cm,"Carte postale pleine feuille, noir et blanc. Aspect mat",,site naturel,"Fontaine-de-Vaucluse (Vaucluse, France)",,43.9220820962,5.13125424344,84139.0,Fontaine-de-Vaucluse,0.95,Aucun lieu-dit,Le Grand Déversoir,"Cliché Perret
10 - FONTAINE de VAUCLUSE (Vaucluse) - Le Grand Déversoir (Hautes Eaux)
Brûn édit. Vaucluse","43.9220820962, 5.13125424344",,commune (fallback)
FRAD084_07FI139_0142.jpg,[avant 1920],"Dimensions 9 x 14 cm

Données techniques Carte postale pleine feuille, noir et blanc. Aspect mat",9 x 14 cm,"Carte postale pleine feuille, noir et blanc. Aspect mat",Don des Archives départementales des Bouches-du-Rhône (2002),site naturel,"Fontaine-de-Vaucluse (Vaucluse, France)",,43.9220820962,5.13125424344,84139.0,Fontaine-de-Vaucluse,0.95,Aucun lieu-dit,La Grande Chute,"31. FONTAINE DE VAUCLUSE. - La Grande Chute (basses eaux) Editions J. Brun et Cie, Carpentras","43.9220820962, 5.13125424344",,commune (fallback)
FRAD084_07FI139_0137_01.jpg,[avant 1920],"Dimensions 9 x 14 cm

Données techniques Carte postale pleine feuille, noir et blanc. Aspect mat",9 x 14 cm,"Carte postale pleine feuille, noir et blanc. Aspect mat",Don des Archives départementales des Bouches-du-Rhône (2002),site naturel,"Fontaine-de-Vaucluse (Vaucluse, France)",,43.9220820962,5.13125424344,84139.0,Fontaine-de-Vaucluse,0.95,Aucun lieu-dit,Aucun monument,8 VAUCLUSE. — La Fontaine. — Les Cascades. — LL.,"43.9220820962, 5.13125424344",,commune (fallback)
FRAD084_07FI139_0039.jpg,[vers 1900],"Dimensions 9 x 14 cm

Données techniques Carte postale nuage, noir et blanc. Aspect mat",9 x 14 cm,"Carte postale nuage, noir et blanc. Aspect mat",,site naturel,"Fontaine-de-Vaucluse (Vaucluse, France)",,43.9220820962,5.13125424344,84139.0,Fontaine-de-Vaucluse,0.95,Aucun lieu-dit,Fontaine de Vaucluse,"P Martin a Vaucluse
FONTAINE DE VAUCLUSE - LA FONTAINE BASSE EN ÉTÉ","43.9176702, 5.1328437","Fontaine de Vaucluse, Chemin de la Fontaine, La Vignasse, Fontaine-de-Vaucluse, Avignon, Vaucluse, Provence-Alpes-Côte d'Azur, France métropolitaine, 84800, France",monument_uniformise
FRAD084_07FI139_0040.jpg,[avant 1920],"Dimensions 9 x 14 cm

Données techniques Carte postale pleine feuille, noir et blanc. Aspect mat",9 x 14 cm,"Carte postale pleine feuille, noir et blanc. Aspect mat",,site naturel,"Fontaine-de-Vaucluse (Vaucluse, France)",,43.9220820962,5.13125424344,84139.0,Fontaine-de-Vaucluse,0.95,Aucun lieu-dit,Aucun monument,FONTAINE DE VAUCLUSE. -- LE DÉVERS DE LA SOURCE,"43.9220820962, 5.13125424344",,commune (fallback)
FRAD084_07FI139_0078.jpg,[avant 1920],"Dimensions 9 x 14 cm

Données techniques Carte postale pleine feuille, noir et blanc. Aspect mat",9 x 14 cm,"Carte postale pleine feuille, noir et blanc. Aspect mat",,site naturel,"Fontaine-de-Vaucluse (Vaucluse, France)",,43.9220820962,5.13125424344,84139.0,Fontaine-de-Vaucluse,0.95,Le Lac,Aucun monument,"31. FOYTAINE de VAUCLUSE (Vaucluse) — Le Lac
Editions Artistiques Vve J. Brun, Carpentras","43.9220820962, 5.13125424344",,commune (fallback)
FRAD084_07FI139_0042.jpg,[avant 1920],"Dimensions 9 x 14 cm

Données techniques Carte postale pleine feuille, noir et blanc. Aspect mat",9 x 14 cm,"Carte postale pleine feuille, noir et blanc. Aspect mat",,site naturel,"Fontaine-de-Vaucluse (Vaucluse, France)",,43.9220820962,5.13125424344,84139.0,Fontaine-de-Vaucluse,0.95,Aucun lieu-dit,Le Lac,"31. FOYTAINE de VAUCLUSE (Vaucluse) — Le Lac Editions Artistiques Vve J. Brun, Carpentras","43.9220820962, 5.13125424344",,commune (fallback)
FRAD084_07FI139_0064_01.jpg,[vers 1900],"Dimensions 9 x 14 cm

Données techniques Carte postale nuage, noir et blanc. Aspect mat",9 x 14 cm,"Carte postale nuage, noir et blanc. Aspect mat",,site naturel,"Fontaine-de-Vaucluse (Vaucluse, France)",,43.9220820962,5.13125424344,84139.0,Vaucluse,0.95,Aucun lieu-dit,Aucun monument,"No 51 ter. J. Brun et Cie. éditeurs à Carpentras
Le Lac en été
Vaucluse - 2 mars 1902 Le E.","43.9220820962, 5.13125424344",,commune (fallback)
FRAD084_07FI139_0113_01.jpg,[avant 1920],"Dimensions 9 x 14 cm

Données techniques Carte postale pleine feuille, noir et blanc. Aspect mat",9 x 14 cm,"Carte postale pleine feuille, noir et blanc. Aspect mat",,site naturel,"Fontaine-de-Vaucluse (Vaucluse, France)",,43.9220820962,5.13125424344,84139.0,Fontaine-de-Vaucluse,0.95,Aucun lieu-dit,Aucun monument,"27 3/4
Phototyp. E. Lacour. — Marseille.
2287 - Fontaine de Vaucluse - Sur le Lac","43.9220820962, 5.13125424344",,commune (fallback)
FRAD084_07FI139_0072.jpg,[avant 1920],"Dimensions 9 x 14 cm

Données techniques Carte postale pleine feuille, noir et blanc. Aspect mat",9 x 14 cm,"Carte postale pleine feuille, noir et blanc. Aspect mat",,site naturel,"Fontaine-de-Vaucluse (Vaucluse, France)",,43.9220820962,5.13125424344,84139.0,Fontaine-de-Vaucluse,0.95,Aucun lieu-dit,Aucun monument,FONTAINE DE VAUCLUSE. -- LE LAC ET LES RESTAURANTS,"43.9220820962, 5.13125424344",,commune (fallback)
FRAD084_07FI139_0136.jpg,[vers 1900],"Dimensions 9 x 14 cm

Données techniques Carte nuage, noir et blanc. Aspect mat",9 x 14 cm,"Carte nuage, noir et blanc. Aspect mat",Don des Archives départementales des Bouches-du-Rhône (2002),site naturel,"Fontaine-de-Vaucluse (Vaucluse, France)",,43.9220820962,5.13125424344,84139.0,Fontaine-de-Vaucluse,0.95,Aucun lieu-dit,Aucun monument,No. 51. ter - VAUCLUSE - Le Lac en été,"43.9220820962, 5.13125424344",,commune (fallback)
FRAD084_07FI139_0019.jpg,[vers 1900],"Dimensions 9 x 14 cm

Données techniques Carte postale nuage, noir et blanc. Aspect mat",9 x 14 cm,"Carte postale nuage, noir et blanc. Aspect mat",,site naturel,"Fontaine-de-Vaucluse (Vaucluse, France)",,43.9220820962,5.13125424344,84139.0,Fontaine-de-Vaucluse,0.95,Aucun lieu-dit,Fontaine de Vaucluse « Le Lac »,1.. Vaucluse Fontaine de Vaucluse « Le Lac ». Collection J. G.,"43.9220820962, 5.13125424344",,commune (fallback)
FRAD084_07FI139_0028.jpg,[vers 1900],"Dimensions 9 x 14 cm

Données techniques Carte postale nuage, noir et blanc. Aspect mat",9 x 14 cm,"Carte postale nuage, noir et blanc. Aspect mat",,site naturel,"Fontaine-de-Vaucluse (Vaucluse, France)",,43.9220820962,5.13125424344,84139.0,Fontaine-de-Vaucluse,0.95,Aucun lieu-dit,Aucun monument,"p. Martin a Vaucluse
FONTAINE DE VAUCLUSE - PROMENADE DU BATEAU A VAPEUR (LA BELLE LAURE)
SUR LE LAC EN ETÉ","43.9220820962, 5.13125424344",,commune (fallback)
FRAD084_07FI139_0069.jpg,[avant 1920],"Dimensions 9 x 14 cm

Données techniques Carte postale pleine feuille, noir et blanc. Aspect mat",9 x 14 cm,"Carte postale pleine feuille, noir et blanc. Aspect mat",,site naturel,"Fontaine-de-Vaucluse (Vaucluse, France)",,43.9220820962,5.13125424344,84139.0,Fontaine-de-Vaucluse,0.95,Aucun lieu-dit,Aucun monument,toctye E. Lacour - Marseille 2293 - Fontaine de Vaucluse - La prise du Canal de Carpentras,"43.9220820962, 5.13125424344",,commune (fallback)
FRAD084_07FI139_0101.jpg,[avant 1920],"Dimensions 9 x 14 cm

Données techniques Carte postale pleine feuille, noir et blanc. Aspect mat",9 x 14 cm,"Carte postale pleine feuille, noir et blanc. Aspect mat",,site naturel,"Fontaine-de-Vaucluse (Vaucluse, France)",,43.9220820962,5.13125424344,84139.0,Carpentras,0.98,Aucun lieu-dit,Fontaine de Vaucluse,Phototype C. LACOUR - Marseille 2293 - Fontaine de Vaucluse - La prise du Canal de Carpentras,"44.051805, 5.0429127","Ligne d’Orange à l’Isle - Fontaine-de-Vaucluse, Impasse Maurel, Carpentras, Vaucluse, Provence-Alpes-Côte d'Azur, France métropolitaine, 84200, France",monument_uniformise
FRAD084_07FI139_0068.jpg,[avant 1920],"Dimensions 9 x 14 cm

Données techniques Carte postale pleine feuille, noir et blanc. Aspect mat",9 x 14 cm,"Carte postale pleine feuille, noir et blanc. Aspect mat",,site naturel,"Fontaine-de-Vaucluse (Vaucluse, France)",,43.9220820962,5.13125424344,84139.0,Fontaine-de-Vaucluse,0.98,Aucun lieu-dit,Le Premier Barrage,Phototyp. E. Lacour. — Marseille. 2278 - Fontaine de Vaucluse - Le Premier Barrage,"43.9220820962, 5.13125424344",,commune (fallback)
FRAD084_07FI139_0087_01.jpg,[vers 1900],"Dimensions 9 x 14 cm

Données techniques Carte postale nuage, noir et blanc. Aspect mat",9 x 14 cm,"Carte postale nuage, noir et blanc. Aspect mat",,site naturel,"Fontaine-de-Vaucluse (Vaucluse, France)",,43.9220820962,5.13125424344,84139.0,Fontaine-de-Vaucluse,0.95,Vanelux,Le Pain de Sucre,"FONTAINE DE VAUCLUSE - Le Pain de Sucre
Vanelux - 12 mars 1902
L.G.","43.9220820962, 5.13125424344",,commune (fallback)
FRAD084_07FI139_0089_01.jpg,[vers 1900],"Dimensions 9 x 14 cm

Données techniques Carte postale nuage, noir et blanc. Aspect mat",9 x 14 cm,"Carte postale nuage, noir et blanc. Aspect mat",,site naturel,"Fontaine-de-Vaucluse (Vaucluse, France)",,43.9220820962,5.13125424344,84139.0,Fontaine-de-Vaucluse,0.95,Aucun lieu-dit,L'Aiguille,"P. MARTIN A VAUCLUSE
FONTAINE DE VAUCLUSE - L'Aiguille
Vaucluse
1er mars 1902
G. E.","43.9220820962, 5.13125424344",,commune (fallback)
FRAD084_07FI139_0090.jpg,[avant 1920],"Dimensions 9 x 14 cm

Données techniques Carte postale pleine feuille, noir et blanc. Aspect mat",9 x 14 cm,"Carte postale pleine feuille, noir et blanc. Aspect mat",,site naturel,"Fontaine-de-Vaucluse (Vaucluse, France)",,43.9220820962,5.13125424344,84139.0,Fontaine-de-Vaucluse,0.95,L'Aiguille,Aucun monument,2 - FONTAINE de VAUCLUSE (Vaucluse) L'Aiguille,"43.9220820962, 5.13125424344",,commune (fallback)
FRAD084_07FI139_0091_01.jpg,[avant 1920],"Dimensions 9 x 14 cm

Données techniques Carte postale pleine feuille, noir et blanc. Aspect mat",9 x 14 cm,"Carte postale pleine feuille, noir et blanc. Aspect mat",,site naturel,"Fontaine-de-Vaucluse (Vaucluse, France)",,43.9220820962,5.13125424344,84139.0,Carpentras,0.95,L'Aiguille,Aucun monument,"71. VAUCLUSE — L'Aiguille
Editions J. Brua et Cie. Carpentras","43.9220820962, 5.13125424344",,commune (fallback)
FRAD084_07FI139_0086.jpg,[vers 1900],"Dimensions 9 x 14 cm

Données techniques Carte postale pleine avec bordure, noir et blanc. Aspect mat",9 x 14 cm,"Carte postale pleine avec bordure, noir et blanc. Aspect mat",,site naturel,"Fontaine-de-Vaucluse (Vaucluse, France)",,43.9220820962,5.13125424344,84139.0,Fontaine-de-Vaucluse,0.98,Aucun lieu-dit,Le Pain de Sucre,"P. Martin a Vaucluse
FONTAINE DE VAUCLUSE - LE PAIN DE SUCRE","43.9220820962, 5.13125424344",,commune (fallback)
FRAD084_07FI139_0088.jpg,[vers 1900],"Dimensions 9 x 14 cm

Données techniques Carte postale nuage, noir et blanc. Aspect mat",9 x 14 cm,"Carte postale nuage, noir et blanc. Aspect mat",,site naturel,"Fontaine-de-Vaucluse (Vaucluse, France)",,43.9220820962,5.13125424344,84139.0,Fontaine-de-Vaucluse,0.95,Aucun lieu-dit,Aucun monument,"P Martin a Vaucluse
FONTAINE DE VAUCLUSE - L'AIGUILLE RIVE GAUCHE","43.9220820962, 5.13125424344",,commune (fallback)
FRAD084_07FI139_0092.jpg,[vers 1950],"Dimensions 9 x 14 cm

Données techniques Carte postale pleine feuille, couleur. Aspect brillant",9 x 14 cm,"Carte postale pleine feuille, couleur. Aspect brillant",,site naturel,"Fontaine-de-Vaucluse (Vaucluse, France)",,43.9220820962,5.13125424344,84139.0,Fontaine-de-Vaucluse,0.95,Aucun lieu-dit,Aucun monument,17. Fontaine de Vaucluse. L'aiguille et la vallée.,"43.9220820962, 5.13125424344",,commune (fallback)
FRAD084_07FI139_0084.jpg,[vers 1900],"Dimensions 9 x 14 cm

Données techniques Carte postale nuage, noir et blanc. Aspect mat",9 x 14 cm,"Carte postale nuage, noir et blanc. Aspect mat",,site naturel,"Fontaine-de-Vaucluse (Vaucluse, France)",,43.9220820962,5.13125424344,84139.0,Carpentras,0.98,Aucun lieu-dit,Le Pain de Sucre,"Vaucluse, le
No 44. J Brun & Cie, éditeurs à Carpentras
VAUCLUSE. - Le Pain de Sucre","43.9220820962, 5.13125424344",,commune (fallback)
FRAD084_07FI139_0114.jpg,[avant 1920],,,,,hôtellerie,"Fontaine-de-Vaucluse (Vaucluse, France)","Fontaine-de-Vaucluse (Vaucluse, France) -- Hôtel Pétrarque et Laure",43.9220820962,5.13125424344,84139.0,Sorgues,0.95,Hostellerie Pétrarque et Laure,Aucun monument,VAUCLUSE. — Hostellerie Pétrarque et Laure - Jardin et roue sur la Sorgue,"43.9220820962, 5.13125424344",,commune (fallback)
FRAD084_07FI139_0117_01.jpg,[vers 1930],"Dimensions 9 x 14 cm

Données techniques Carte postale avec bordure, noir et blanc. Aspect mat",9 x 14 cm,"Carte postale avec bordure, noir et blanc. Aspect mat",,hôtellerie,"Fontaine-de-Vaucluse (Vaucluse, France)","Fontaine-de-Vaucluse (Vaucluse, France) -- Restaurant Philip",43.9220820962,5.13125424344,84139.0,,0.95,Aucun lieu-dit,Aucun monument,,"43.9220820962, 5.13125424344",,commune (fallback)
FRAD084_07FI139_0111_01.jpg,[vers 1960],"Dimensions 9 x 14 cm

Données techniques Carte postale bord dentelé, noir et blanc. Aspect mat",9 x 14 cm,"Carte postale bord dentelé, noir et blanc. Aspect mat","Don de la bibliothèque Forney, Paris",hôtellerie,"Fontaine-de-Vaucluse (Vaucluse, France)","Fontaine-de-Vaucluse (Vaucluse, France) -- Hôtel du Parc",43.9220820962,5.13125424344,84139.0,,0.95,Aucun lieu-dit,Aucun monument,,"43.9220820962, 5.13125424344",,commune (fallback)
FRAD084_07FI139_0141_01.jpg,[avant 1920],"Dimensions 9 x 14 cm

Données techniques Carte postale pleine feuille, noir et blanc. Aspect mat",9 x 14 cm,"Carte postale pleine feuille, noir et blanc. Aspect mat",Don des Archives départementales des Bouches-du-Rhône (2002),bâtiment industriel,"Fontaine-de-Vaucluse (Vaucluse, France)","Fontaine-de-Vaucluse (Vaucluse, France) -- Usine Fourmon",43.9220820962,5.13125424344,84139.0,Fontaine-de-Vaucluse,0.95,Aucun lieu-dit,Usine de Tapis FOURMOND Frères,27 - FONTAINE de VAUCLUSE (Vaucluse) - Entrée de la Vallée - Usine de Tapis FOURMOND Frères Cliché Perrot Brun édit - Vaucluse,"43.9220820962, 5.13125424344",,commune (fallback)
FRAD084_07FI139_0027.jpg,[avant 1920],"Dimensions 9 x 14 cm

Données techniques Carte postale pleine feuille, noir et blanc. Aspect mat",9 x 14 cm,"Carte postale pleine feuille, noir et blanc. Aspect mat",,barrage hydraulique,"Fontaine-de-Vaucluse (Vaucluse, France)","Fontaine-de-Vaucluse (Vaucluse, France) -- Papeterie Garcin",43.9220820962,5.13125424344,84139.0,Fontaine-de-Vaucluse,0.98,Aucun lieu-dit,Barrage de la Sorgue,"Editions J. Brun et Cie, Carpentras 33 — FONTAINE-de-VAUCLUSE - Barrage de la Sorgue","43.9220820962, 5.13125424344",,commune (fallback)
FRAD084_07FI139_0095.jpg,[avant 1920],"Dimensions 9 x 14 cm

Données techniques Carte postale pleine feuille, noir et blanc. Aspect mat",9 x 14 cm,"Carte postale pleine feuille, noir et blanc. Aspect mat",,bâtiment industriel,"Fontaine-de-Vaucluse (Vaucluse, France)","Fontaine-de-Vaucluse (Vaucluse, France) -- Papeterie Garcin",43.9220820962,5.13125424344,84139.0,Fontaine-de-Vaucluse,0.98,Aucun lieu-dit,Aucun monument,"2289 - Fontaine de Vaucluse - la Sorgue
Phototyp. E. Lacour. - Marseille
GARCIN & C","43.9220820962, 5.13125424344",,commune (fallback)
FRAD084_07FI139_0025.jpg,[vers 1930],"Dimensions 9 x 14 cm

Données techniques Carte postale pleine feuille, couleur. Aspect mat",9 x 14 cm,"Carte postale pleine feuille, couleur. Aspect mat",,bâtiment industriel,"Fontaine-de-Vaucluse (Vaucluse, France)",,43.9220820962,5.13125424344,84139.0,Fontaine-de-Vaucluse,0.95,Le Sentier,Aucun monument,12. FONTAINE de VAUCLUSE. — Le Sentier.,"43.9220820962, 5.13125424344",,commune (fallback)
FRAD084_07FI139_0033_01.jpg,[avant 1920],"Dimensions 9 x 14 cm

Données techniques Carte postale pleine feuille, noir et blanc. Aspect mat",9 x 14 cm,"Carte postale pleine feuille, noir et blanc. Aspect mat",,,"Fontaine-de-Vaucluse (Vaucluse, France)",,43.9220820962,5.13125424344,84139.0,Fontaine-de-Vaucluse,0.95,Aucun lieu-dit,Eglise de Fontaine-de-Vaucluse,"25. Fontaine de Vaucluse (Vaucluse)
Rencontre de Pétrarque et de Laure (d'après le tableau de L. Flour)
Editions Artistiques J. Brun et Cie, Carpentras","43.9215155, 5.1267301","Église de Saint-Véran, Avenue Robert Garcin, La Vignasse, Fontaine-de-Vaucluse, Avignon, Vaucluse, Provence-Alpes-Côte d'Azur, France métropolitaine, 84800, France",monument_uniformise
FRAD084_07FI139_0037_01.jpg,[vers 1900],"Dimensions 9 x 14 cm

Données techniques Carte postale nuage, noir et blanc. Aspect mat",9 x 14 cm,"Carte postale nuage, noir et blanc. Aspect mat",,,"Fontaine-de-Vaucluse (Vaucluse, France)",,43.9220820962,5.13125424344,84139.0,Fontaine-de-Vaucluse,0.95,Aucun lieu-dit,Fontaine de Vaucluse,PETRARQUE LAURE Souvenir de la Fontaine de Vaucluse Vaucluse - 12 mars 1902,"43.9176702, 5.1328437","Fontaine de Vaucluse, Chemin de la Fontaine, La Vignasse, Fontaine-de-Vaucluse, Avignon, Vaucluse, Provence-Alpes-Côte d'Azur, France métropolitaine, 84800, France",monument_uniformise
FRAD084_07FI139_0035.jpg,[vers 1900],"Dimensions 9 x 14 cm

Données techniques Carte postale nuage, noir et blanc. Aspect mat",9 x 14 cm,"Carte postale nuage, noir et blanc. Aspect mat",,,"Fontaine-de-Vaucluse (Vaucluse, France)",,43.9220820962,5.13125424344,84139.0,Carpentras,0.98,Aucun lieu-dit,Laure,"No 41. J. Brun & Cie, éditeurs à Carpentras
Gnard & fils Phot. Reproduction Interdite L. Desmarest P.44
LAURE
Portrait reconstitué avec les documents de Florence
et de la Bibliothèque de Carpentras
VAUCLUSE - Laure","44.0356606, 4.9857437","Lotissement le Clos de Laure, Monteux, Carpentras, Vaucluse, Provence-Alpes-Côte d'Azur, France métropolitaine, 84170, France",monument_uniformise
FRAD084_07FI139_0034.jpg,[vers 1900],"Dimensions 9 x 14 cm

Données techniques Carte postale nuage, noir et blanc. Aspect mat",9 x 14 cm,"Carte postale nuage, noir et blanc. Aspect mat",,,"Fontaine-de-Vaucluse (Vaucluse, France)",,43.9220820962,5.13125424344,84139.0,Carpentras,0.98,Aucun lieu-dit,Pétrarque,"No 42. J. Brun & Cie, éditeurs à Carpentras
Jsnard & fils Phot.
Reproduction Interdite
L. Desmaresl pxe
PÉTRARQUE
Portrait reconstitué avec les documents de Florence
et de la Bibliothèque de Carpentras
VAUCLUSE - Pétrarque","44.0545556, 5.0433669","Avenue Pétrarque, Carpentras, Vaucluse, Provence-Alpes-Côte d'Azur, France métropolitaine, 84200, France",monument_uniformise
FRAD084_07FI139_0120_01.jpg,[avant 1920],"Dimensions 9 x 14 cm

Données techniques Carte postale pleine feuille, noir et blanc. Aspect mat",9 x 14 cm,"Carte postale pleine feuille, noir et blanc. Aspect mat",Don des Archives départementales des Bouches-du-Rhône (2002),,"Fontaine-de-Vaucluse (Vaucluse, France)",,43.9220820962,5.13125424344,84139.0,Fontaine-de-Vaucluse,0.95,Aucun lieu-dit,Pétrarque,"Cliché Perret
Brun édit - Vaucluse
33 - FONTAINE de VAUCLUSE (Vaucluse) - PÉTRARQUE","43.9208589, 5.1296234","Château des évêques de Cavaillon, Calade François Pétrarque, La Vignasse, Fontaine-de-Vaucluse, Avignon, Vaucluse, Provence-Alpes-Côte d'Azur, France métropolitaine, 84800, France",monument_uniformise
FRAD084_07FI139_0036.jpg,[vers 1930],"Dimensions 9 x 14 cm

Données techniques Carte postale pleine feuille, sépia. Aspect mat",9 x 14 cm,"Carte postale pleine feuille, sépia. Aspect mat",,,"Fontaine-de-Vaucluse (Vaucluse, France)",,43.9220820962,5.13125424344,84139.0,Fontaine-de-Vaucluse,0.98,Aucun lieu-dit,Fontaine de Vaucluse,21 Souvenir de la FONTAINE de VAUCLUSE FRANCISCUS PETRARCHE HOMMAGE A LA BEAUTÉ A LA VERTU LAURE PÉTRARQUE et Laure Unis par l'Amour *IDÉALE*,"43.9176702, 5.1328437","Fontaine de Vaucluse, Chemin de la Fontaine, La Vignasse, Fontaine-de-Vaucluse, Avignon, Vaucluse, Provence-Alpes-Côte d'Azur, France métropolitaine, 84800, France",monument_uniformise
FRAD084_07FI138_0010_01.jpg,[avant 1920],"Dimensions 9 x 14 cm

Données techniques Carte postale pleine feuille, noir et blanc. Aspect mat",9 x 14 cm,"Carte postale pleine feuille, noir et blanc. Aspect mat",,halle,"Valréas (Vaucluse, France)","Valréas (Vaucluse, France) -- Halles",44.3771588623,4.99354936197,84138.0,Valréas,0.95,Cours du Berteuil,Les Halles,"6. VALRÉAS (Vaucluse) - Les Halles
H. Moulin pap. Cours du Berteuil - Valréas","44.3860724, 4.9913697","Cours du Berteuil, Valréas, Carpentras, Vaucluse, Provence-Alpes-Côte d'Azur, France métropolitaine, 84600, France",hameau
FRAD084_07FI138_0007.jpg,[avant 1920],"Dimensions 9 x 14 cm

Données techniques Carte postale pleine feuille, noir et blanc. Aspect mat",9 x 14 cm,"Carte postale pleine feuille, noir et blanc. Aspect mat",,église,"Valréas (Vaucluse, France)","Valréas (Vaucluse, France) -- Église",44.3771588623,4.99354936197,84138.0,Valréas,0.99,Aucun lieu-dit,Eglise de Valréas,"VALRÉAS (Vaucluse) — Intérieur de l'Église
COMBIER IMP. MACON","44.3846747, 4.9906754","Église Notre-Dame de Nazareth, Rue du Presbytère, Centre historique, Valréas, Carpentras, Vaucluse, Provence-Alpes-Côte d'Azur, France métropolitaine, 84600, France",monument_uniformise
FRAD084_07FI138_0020_01.jpg,[avant 1920],"Dimensions 9 x 14 cm

Données techniques Carte postale pleine feuille, noir et blanc. Aspect mat",9 x 14 cm,"Carte postale pleine feuille, noir et blanc. Aspect mat",Achat (2012),église,"Valréas (Vaucluse, France)","Valréas (Vaucluse, France) -- Église",44.3771588623,4.99354936197,84138.0,Valréas,0.95,Aucun lieu-dit,Église,"287. - VALRÉAS. - Façade latérale de l'Eglise Monument historique (VIIIe, XIe et XIIIe siècles) L. Revoul, ""Aux Dix Mille Articles"", Valréas","44.3846747, 4.9906754","Église Notre-Dame de Nazareth, Rue du Presbytère, Centre historique, Valréas, Carpentras, Vaucluse, Provence-Alpes-Côte d'Azur, France métropolitaine, 84600, France",monument_uniformise
FRAD084_07FI138_0009_01.jpg,[avant 1920],"Dimensions 9 x 14 cm

Données techniques Carte postale pleine feuille, noir et blanc. Aspect mat",9 x 14 cm,"Carte postale pleine feuille, noir et blanc. Aspect mat",,chapelle,"Valréas (Vaucluse, France)","Valréas (Vaucluse, France) -- Chapelle Notre-Dame-de-Lorette",44.3771588623,4.99354936197,84138.0,Valréas,0.95,Pied Vaurias,Chapelle dédiée à N. D. de Laurette,"Imprimerie Revoul & Aux Dix Mille Articles, Valréas
436 bis. VALRÉAS Pied Vaurias
Chapelle dédiée à N. D. de Laurette, XIe siècle, agrandie au XIIe siècle","44.3820837, 4.9845569","Chapelle Notre-Dame de Lorette, Route d'Orange, Zone d'activité La Muscadelière, Valréas, Carpentras, Vaucluse, Provence-Alpes-Côte d'Azur, France métropolitaine, 84600, France",edifice
FRAD084_07FI138_0008_01.jpg,[avant 1920],"Dimensions 9 x 14 cm

Données techniques Carte postale pleine feuille, noir et blanc. Aspect mat",9 x 14 cm,"Carte postale pleine feuille, noir et blanc. Aspect mat",,horloge publique,"Valréas (Vaucluse, France)","Valréas (Vaucluse, France) -- Tour de l'horloge",44.3771588623,4.99354936197,84138.0,Valréas,0.95,Aucun lieu-dit,La Tour de l'Horloge,"21. VALRÉAS (Vaucluse) - La Tour de l'Horloge
H. Moulin papeterie, Cours du Berteuil - Valréas
30 18 ANNEE 1902","44.3771588623, 4.99354936197",,commune (fallback)
FRAD084_07FI138_0015_01.jpg,[vers 1960],"Dimensions 9 x 14 cm

Données techniques Carte postale avec bordure, noir et blanc. Aspect brillant",9 x 14 cm,"Carte postale avec bordure, noir et blanc. Aspect brillant",,monument commémoratif,"Valréas (Vaucluse, France)","Valréas (Vaucluse, France) -- Mur des fusillés",44.3771588623,4.99354936197,84138.0,,0.95,Aucun lieu-dit,Martyrs de la Résistance,"12 JUIN 1944
A
NOS MARTYR
ILS SONT MOR
POUR QUE
VIVE LA FRAN","44.3771588623, 4.99354936197",,commune (fallback)
FRAD084_07FI138_0016.jpg,[avant 1920],"Dimensions 9 x 14 cm

Données techniques Carte postale pleine feuille, noir et blanc. Aspect mat",9 x 14 cm,"Carte postale pleine feuille, noir et blanc. Aspect mat",,voie communale,"Valréas (Vaucluse, France)",,44.3771588623,4.99354936197,84138.0,Valréas,0.95,Aucun lieu-dit,Aucun monument,"Ed. Brunel Vaison
Valréas - Une Rue","44.3771588623, 4.99354936197",,commune (fallback)
FRAD084_07FI138_0011_01.jpg,[avant 1920],"Dimensions 9 x 14 cm

Données techniques Carte postale pleine feuille, noir et blanc. Aspect mat",9 x 14 cm,"Carte postale pleine feuille, noir et blanc. Aspect mat",,voie communale,"Valréas (Vaucluse, France)","Valréas (Vaucluse, France) -- Hôtel de Simiane",44.3771588623,4.99354936197,84138.0,Valréas,0.98,Aucun lieu-dit,Arc de l'Hôtel de Simians,"Envoi T. Castan 390 bis. VALRÉAS — Arc de l'Hôtel de Simians E. O. C. Valréas Imprimerie Revoul & Aux Dix Mille Articles 3, Valréas","44.3833913, 4.9898031","Hôtel de Ville, Place Aristide Briand, Centre historique, Valréas, Carpentras, Vaucluse, Provence-Alpes-Côte d'Azur, France métropolitaine, 84600, France",edifice
FRAD084_07FI138_0012_01.jpg,[avant 1920],"Dimensions 9 x 14 cm

Données techniques Carte postale pleine feuille, noir et blanc. Aspect mat",9 x 14 cm,"Carte postale pleine feuille, noir et blanc. Aspect mat",,voie communale,"Valréas (Vaucluse, France)",,44.3771588623,4.99354936197,84138.0,Valréas,0.95,Avenue des Capucins,Aucun monument,"13 - VALRÉAS (Vaucluse) - Avenue des Capucins
H. Moulin pap. Cours du Berteuil","44.3771588623, 4.99354936197",,commune (fallback)
FRAD084_07FI138_0013_01.jpg,[avant 1920],"Dimensions 9 x 14 cm

Données techniques Carte postale pleine feuille, noir et blanc. Aspect mat",9 x 14 cm,"Carte postale pleine feuille, noir et blanc. Aspect mat",,voie communale,"Valréas (Vaucluse, France)",,44.3771588623,4.99354936197,84138.0,Valréas,0.95,Aucun lieu-dit,Aucun monument,539 bis. — VALRÉAS — Entrée - Porte d'Orange - Terrasse du Café FAURE et Hôtel des GOURMETS Imprimerie Revoui & Aux Dix Mille Articles & Valréas,"44.3771588623, 4.99354936197",,commune (fallback)
FRAD084_07FI138_0014_01.jpg,[avant 1920],"Dimensions 9 x 14 cm

Données techniques Carte postale pleine feuille, noir et blanc. Aspect mat",9 x 14 cm,"Carte postale pleine feuille, noir et blanc. Aspect mat",,lac,"Valréas (Vaucluse, France)",,44.3771588623,4.99354936197,84138.0,Valréas,0.95,Aucun lieu-dit,Aucun monument,Ton mari t'ayours fidélité. 38 - VALRÉAS (Vaucluse) - Le Lac - Une Partie de canotage 4 Moulin pap. Cours du Bertent.,"44.3771588623, 4.99354936197",,commune (fallback)
FRAD084_07FI138_0019_01.jpg,[vers 1930],"Dimensions 9 x 14 cm

Données techniques Carte postale noir et blanc. Aspect mat",9 x 14 cm,Carte postale noir et blanc. Aspect mat,Don des Archives départementales des Bouches-du-Rhône (2002),,"Valréas (Vaucluse, France)",,44.3771588623,4.99354936197,84138.0,Valréas,0.95,Aucun lieu-dit,SAGESSE DE SIMIANE,"510. Valréas - Mme de Simiane petite-fille de Mme de Sévigné (1674-1737) SAGESSE DE SIMIANE TURRES SUSTENTAN LILIA Edition Artistique à AUX DIX MILLE ARTICLES d, Valréas Pauline de Castellane Grignan ; épouse Louis de Simiane, Marquis d'Esparon (Valréas), en 1695. Elle publia les premiers recueils complets de lettres de Mme de Sévigné, aidée dans ce travail par le Chevalier Denis Marius de Perrin.","44.3771588623, 4.99354936197",,commune (fallback)
FRAD084_07FI140_0001.jpg,[vers 1930],"Dimensions 9 x 14 cm

Données techniques Carte postale avec bordure, indigo. Aspect mat",9 x 14 cm,"Carte postale avec bordure, indigo. Aspect mat",,,"Vaugines (Vaucluse, France)",,43.7786185321,5.40667854286,84140.0,Vaugines,0.95,Quartier de l'Église,Eglise de Vaugines,"Edit Vve Chanllier, Epicerie
Lyon
VACGINES (Vaucluse). - Quartier de l'Église","43.7794832, 5.4177854","Église Saint-Barthélémy, Allée de l'Église, Vaugines, Apt, Vaucluse, Provence-Alpes-Côte d'Azur, France métropolitaine, 84160, France",monument_uniformise
FRAD084_07FI143_0001.jpg,[vers 1960],"Dimensions 9 x 14 cm

Données techniques Carte postale bords dentelés, noir et blanc. Aspect brillant",9 x 14 cm,"Carte postale bords dentelés, noir et blanc. Aspect brillant",,,"Venasque (Vaucluse, France)",,43.9851237661,5.16506865588,84143.0,,0.95,Aucun lieu-dit,Aucun monument,Cm,"43.9851237661, 5.16506865588",,commune (fallback)
FRAD084_07FI143_0007.jpg,[avant 1920],"Dimensions 9 x 14 cm

Données techniques Carte postale pleine feuille, noir et blanc. Aspect mat",9 x 14 cm,"Carte postale pleine feuille, noir et blanc. Aspect mat",,baptistère,"Venasque (Vaucluse, France)","Venasque (Vaucluse, France) -- Baptistère",43.9851237661,5.16506865588,84143.0,Venasque,0.98,Aucun lieu-dit,Baptistère Gallo-Romain,"2 - VENASQUE (Ancienne Capitale du Comtat) Baptistère Gallo-Romain Editions J. Brun et cie, Carpentras.","43.9851237661, 5.16506865588",,commune (fallback)
FRAD084_07FI143_0002_01.jpg,[vers 1930],"Dimensions 9 x 14 cm

Données techniques Carte postale avec bordure, sépia. Aspect mat",9 x 14 cm,"Carte postale avec bordure, sépia. Aspect mat",,baptistère,"Venasque (Vaucluse, France)","Venasque (Vaucluse, France) -- Baptistère",43.9851237661,5.16506865588,84143.0,Venasque,0.98,Aucun lieu-dit,Le Baptistère,"Coll. Ortholin
PHOT. COMBIER MAÇON
VENASQUE (Vaucluse) — Le Baptistère","43.9851237661, 5.16506865588",,commune (fallback)
FRAD084_07FI143_0009_01.jpg,[avant 1920],"Dimensions 9 x 14 cm

Données techniques Carte postale pleine feuille, noir et blanc. Aspect mat",9 x 14 cm,"Carte postale pleine feuille, noir et blanc. Aspect mat","Don de la bibliothèque Forney, Paris",calvaire,"Venasque (Vaucluse, France)","Venasque (Vaucluse, France) -- Calvaire",43.9851237661,5.16506865588,84143.0,Venasque,0.98,Aucun lieu-dit,Le Calvaire,VENASQUE - Le Calvaire,"43.9973852, 5.1460245","Calvaire, Place de l'Église, Venasque, Carpentras, Vaucluse, Provence-Alpes-Côte d'Azur, France métropolitaine, 84210, France",edifice
FRAD084_07FI143_0006.jpg,[avant 1920],"Dimensions 9 x 14 cm

Données techniques Carte postale pleine feuille, noir et blanc. Aspect mat",9 x 14 cm,"Carte postale pleine feuille, noir et blanc. Aspect mat",,rempart,"Venasque (Vaucluse, France)","Venasque (Vaucluse, France) -- Tours du rempart",43.9851237661,5.16506865588,84143.0,Venasque,0.98,Aucun lieu-dit,Les Tours Sarrazines,"I - VENASQUE
(Ancienne Capitale du Comtat)
Les Tours Sarrazines
Editions J. Brun et Cie. Carpentras","43.9851237661, 5.16506865588",,commune (fallback)
FRAD084_07FI143_0008_01.jpg,[avant 1920],"Dimensions 9 x 14 cm

Données techniques Carte postale pleine feuille, noir et blanc. Aspect mat",9 x 14 cm,"Carte postale pleine feuille, noir et blanc. Aspect mat","Don de la bibliothèque Forney, Paris",rempart,"Venasque (Vaucluse, France)","Venasque (Vaucluse, France) -- Tours du rempart",43.9851237661,5.16506865588,84143.0,Venasque,0.98,Aucun lieu-dit,Les Tours Sarrasines,5. VENASQUE — Les Tours Sarrasines. Phot. J. Brun et Cie. Carpentras.,"43.9851237661, 5.16506865588",,commune (fallback)
FRAD084_07FI143_0005.jpg,[avant 1920],"Dimensions 9 x 14 cm

Données techniques Carte postale pleine feuille, noir et blanc. Aspect mat",9 x 14 cm,"Carte postale pleine feuille, noir et blanc. Aspect mat",,,"Venasque (Vaucluse, France)",,43.9851237661,5.16506865588,84143.0,Venasque,0.98,L'Ascle,Aucun monument,"31 ter - VENASQUE — L'Ascle
Editions J Brun & Cie, Carpentras","43.9851237661, 5.16506865588",,commune (fallback)
FRAD084_07FI143_0003.jpg,[avant 1920],"Dimensions 9 x 14 xm

Données techniques Carte postale pleine feuille, noir et blanc. Aspect mat",9 x 14 xm,"Carte postale pleine feuille, noir et blanc. Aspect mat",,,"Venasque (Vaucluse, France)",,43.9851237661,5.16506865588,84143.0,Venasque,0.95,Aucun lieu-dit,Aucun monument,"116 bis — Paysage Comtadin - Sous bois à Venasque
Editions J. Brun & Cie, Carpentras","43.9851237661, 5.16506865588",,commune (fallback)
FRAD084_07FI143_0004.jpg,[avant 1920],"Dimensions 9 x 14 cm

Données techniques Carte postale pleine feuille, noir et blanc. Aspect mat",9 x 14 cm,"Carte postale pleine feuille, noir et blanc. Aspect mat",,bergerie,"Venasque (Vaucluse, France)","Venasque (Vaucluse, France) -- Bergerie du Jas",43.9851237661,5.16506865588,84143.0,Venasque,0.98,Le Jas,Aucun monument,"31 bis - VENASQUE — Le Jas (La Bergerie) Editions J. Brun & Cie, Carpentras","43.9851237661, 5.16506865588",,commune (fallback)
FRAD084_07FI144_0001.jpg,[vers 1960],"Dimensions 10 x 15 cm

Données techniques Carte postale pleine feuille, noir et blanc. Aspect brillant",10 x 15 cm,"Carte postale pleine feuille, noir et blanc. Aspect brillant",,,"Viens (Vaucluse, France)",,43.9031226397,5.5602158314,84144.0,,0.95,Aucun lieu-dit,Aucun monument,C. Vaucluse,"43.9031226397, 5.5602158314",,commune (fallback)
FRAD084_07FI144_0006.jpg,[avant 1920],"Dimensions 9 x 14 cm

Données techniques Carte postale pleine feuille, noir et blanc. Aspect mat",9 x 14 cm,"Carte postale pleine feuille, noir et blanc. Aspect mat",,château,"Viens (Vaucluse, France)","Viens (Vaucluse, France) -- Château",43.9031226397,5.5602158314,84144.0,Viens,0.98,Aucun lieu-dit,Château et Tour Sarrazine,VIENS - Le Château et Tour Sarrazine,"43.8961884, 5.5662029","Rue du Château, Viens, Apt, Vaucluse, Provence-Alpes-Côte d'Azur, France métropolitaine, 84750, France",edifice
FRAD084_07FI144_0002_01.jpg,[vers 1960],"Dimensions 10 x 14 cm

Données techniques Carte postale bord dentelé, noir et blanc. Aspect brillant",10 x 14 cm,"Carte postale bord dentelé, noir et blanc. Aspect brillant",,porte de ville,"Viens (Vaucluse, France)","Viens (Vaucluse, France) -- Porte de ville",43.9031226397,5.5602158314,84144.0,,0.95,Aucun lieu-dit,Aucun monument,Cim,"43.9031226397, 5.5602158314",,commune (fallback)
FRAD084_07FI145_0001.jpg,[vers 1960],"Dimensions 10 x 15 cm

Données techniques Carte postale bord dentelé, noir et blanc. Aspect brillant",10 x 15 cm,"Carte postale bord dentelé, noir et blanc. Aspect brillant",,,"Villars (Vaucluse, France)",,43.9519813835,5.43334418436,84145.0,,0.95,Aucun lieu-dit,Eglise de None,Cym's,"43.9519813835, 5.43334418436",,commune (fallback)
FRAD084_07FI148_0001_01.jpg,[avant 1920],"Dimensions 9 x 14 cm

Données techniques Carte postale pleine feuille, noir et blanc. Aspect mat",9 x 14 cm,"Carte postale pleine feuille, noir et blanc. Aspect mat",,,"Villes-sur-Auzon (Vaucluse, France)",,44.0660605145,5.25707803023,84148.0,Villes-sur-Auzon,0.95,Aucun lieu-dit,Aucun monument,VILLES-sur-AUZON — Vue générale,"44.0660605145, 5.25707803023",,commune (fallback)
FRAD084_07FI148_0003.jpg,[avant 1920],"Dimensions 9 x 14 cm

Données techniques Carte postale pleine feuille, noir et blanc. Aspect mat",9 x 14 cm,"Carte postale pleine feuille, noir et blanc. Aspect mat",,route,"Villes-sur-Auzon (Vaucluse, France)",,44.0660605145,5.25707803023,84148.0,Villes,0.99,Aucun lieu-dit,Aucun monument,"13. Villes (Vaucluse) — Nouvelle Route de la Nesque
Editions Artistiques J. Brun et Cie, Carpentras","44.0660605145, 5.25707803023",,commune (fallback)
FRAD084_07FI148_0002_01.jpg,[vers 1930],"Dimensions 9 x 14 cm

Données techniques Carte postale avec bordure, couleur. Aspect mat",9 x 14 cm,"Carte postale avec bordure, couleur. Aspect mat",,promenade plantée,"Villes-sur-Auzon (Vaucluse, France)",,44.0660605145,5.25707803023,84148.0,Villes-sur-Auzon,0.95,Avenue de Carpentras,Aucun monument,"1934
Coll. Laz ire
VILLES-sur-AUZON (Vaucluse) — Avenue de Carpentras
Phot. Combier - Mâcon","44.0572801, 5.2360421","Avenue Jacques Bernard, Villes-sur-Auzon, Carpentras, Vaucluse, Provence-Alpes-Côte d'Azur, France métropolitaine, 84570, France",hameau
FRAD084_07FI150_0001_01.jpg,[vers 1900],"Dimensions 9 x 14 cm

Données techniques Carte postale deux vues, noir et blanc. Aspect mat",9 x 14 cm,"Carte postale deux vues, noir et blanc. Aspect mat",,chapelle,"Visan (Vaucluse, France)","Visan (Vaucluse, France) -- Chapelle Notre-Dame-des-Vignes",44.3268006533,4.94430178075,84150.0,Visan,0.95,N.-D. des Vignes,N.-D. des Vignes,"L. Revoul, Aux Dix Mille Articles, Valréas
82. - VISAN (Vaucluse). - N.-D. des Vignes
Nous avons bien reçu vos deux dernières
cartes; les grandes manoeuvres qui ont eu lieu
Dans la région nous ont procuré de nombreuses
Distractions. Nous partons définitivement de
Visan mardi pour aller à Orange, puis
et café à Marseille d’où nous retournerons directement par Paris
vers le 10 Octobre, pour recevoir l’ignement à l’ordre d’Italie. Par
consequent, je ne reproduis pas les détails qui an mises
Visan 20 / 7 / 1903
","44.3119518, 4.9622833","Chapelle Notre-Dame des Vignes, 750, Chemin Notre-Dame, Le Sépulchre, Visan, Carpentras, Vaucluse, Provence-Alpes-Côte d'Azur, France métropolitaine, 84820, France",edifice
FRAD084_07FI150_0002.jpg,[vers 1930],"Dimensions 9 x 14 cm

Données techniques Carte postale avec bordure, sépia. Aspect mat",9 x 14 cm,"Carte postale avec bordure, sépia. Aspect mat",,voie communale,"Visan (Vaucluse, France)",,44.3268006533,4.94430178075,84150.0,Visan,0.98,Rue Calade,Aucun monument,VISAN - Rue Calade,"44.3139914, 4.9510429","Rue Calade, Le Couvent, Visan, Carpentras, Vaucluse, Provence-Alpes-Côte d'Azur, France métropolitaine, 84820, France",hameau
FRAD084_07FI150_0003_01.jpg,[vers 1930],"Dimensions 9 x 14 cm

Données techniques Carte postale pleine feuille, noir et blanc. Aspect mat",9 x 14 cm,"Carte postale pleine feuille, noir et blanc. Aspect mat",,place publique,"Visan (Vaucluse, France)",,44.3268006533,4.94430178075,84150.0,Visan,0.95,Place du Jeu de Paume,Place du Jeu de Paume,"Collections Artistiques ""Lux"" - Lang fils aîné phot.-édit , Montélimar-Valréas Edit Gauthier buraliste LUX LE VAUCLUSE ILLUSTRÉ VISAN - 4. - Place du Jeu de Paume","44.3268006533, 4.94430178075",,commune (fallback)
FRAD084_07FI152_0001.jpg,[vers 1900],"Dimensions 9 x 14 cm

Données techniques Carte-image, noir et blanc. Aspect mat",9 x 14 cm,"Carte-image, noir et blanc. Aspect mat",,montagne,"Ventoux (Vaucluse, France ; montagne)",,,,,Mont Ventoux,0.95,Sainte-Colombe,L'Observatoire,"Observatoire
Le Sag
Source de la Grave
St Estère
Les Abeilles
Orange
Canal
Beaumes
Méde
Caromb
Brillon
Bedoin
St Colomba
St Flassan
St Villo
L'ouzon
Monteux
Pernes
La neoque
Carpentras
La Tenaque
Mélaux
VAUCLUSE
MONT S
DE
Roussillon
Goult
Apt
Coulon
Sola
Fontaine de Vaucluse
Gordes
Cabrières
CHAINE
DU
LUBERON
Mérindol
Goult
Sauvès
Cadenet
Alpes
Fillelame
Serinio
Durance R.
Mont Ventoux
Vue Panoramique du Mont VENTOUX
No 88 - J. Brun & Cie, Editeurs, à Carpentras","44.1202415, 5.2226147","Sainte-Colombe, Route du Mont-Ventoux, Place du Four, Sainte-Colombe, Bédoin, Carpentras, Vaucluse, Provence-Alpes-Côte d'Azur, France métropolitaine, 84410, France",hameau
FRAD084_07FI152_0002.jpg,[vers 1900],"Dimensions 9 x 14 cm

Données techniques Carte-image, noir et blanc. Aspect mat",9 x 14 cm,"Carte-image, noir et blanc. Aspect mat",,montagne,"Ventoux (Vaucluse, France ; montagne)",,,,,Carpentras,0.95,Aucun lieu-dit,Mont Ventoux,"No 86 bis - J. Brun & Cie, Editeurs, à Carpentras
Le Mont VENTOUX - D'après un Tableau de M. Jules LAURENS, Musée de CARPENTRAS","44.1739649, 5.2783976","Mont Ventoux, Saint-Léger-du-Ventoux, Carpentras, Vaucluse, Provence-Alpes-Côte d'Azur, France métropolitaine, 84390, France",monument_uniformise
FRAD084_07FI152_0003.jpg,[vers 1900],"Dimensions 9 x 14 cm

Données techniques Carte-image, noir et blanc. Aspect mat",9 x 14 cm,"Carte-image, noir et blanc. Aspect mat",,montagne,"Ventoux (Vaucluse, France ; montagne)","Ventoux (Vaucluse, France ; montagne) -- Observatoire",,,,Carpentras,0.95,Aucun lieu-dit,Eglise de Carpentras,"Pose de la première pierre par Mr de MAHY, ministre de l'Agriculture (16 Mai 1882) J. Eysséric No 88 bis - J. Brun & Cie, Editeurs, à Carpentras","44.114466, 4.8994212","Église, Rue du Clocher, Jonquières, Carpentras, Vaucluse, Provence-Alpes-Côte d'Azur, France métropolitaine, 84150, France",monument_uniformise
FRAD084_07FI152_0005.jpg,[vers 1900],"Dimensions 9 x 14 cm

Données techniques Carte-image, noir et blanc. Aspect mat",9 x 14 cm,"Carte-image, noir et blanc. Aspect mat",,montagne,"Ventoux (Vaucluse, France ; montagne)",,,,,Mont Ventoux,0.98,Sainte-Colombe,Observatoire,"Le Mont VENTOUX - Hameau de Ste-Colombe. Origine de la Route d'accès de l'Observatoire
J. Eysséric
No 86 ter - J. Brun & Cie, Editeurs, à Carpentras","44.1737355, 5.2779991","Observatoire du Mont Ventoux, Bédoin, Carpentras, Vaucluse, Provence-Alpes-Côte d'Azur, France métropolitaine, 84410, France",monument_uniformise
FRAD084_07FI152_0004.jpg,[vers 1900],"Dimensions 9 x 14 cm

Données techniques Carte-image, noir et blanc. Aspect mat",9 x 14 cm,"Carte-image, noir et blanc. Aspect mat",,montagne,"Ventoux (Vaucluse, France ; montagne)",,,,,Mont Ventoux,0.95,Aucun lieu-dit,Col des Tempêtes,"No 89 ter - J. Brun & Cie, Editeurs, à Carpentras
J. Eysseris
Le Mont VENTOUX - La Route au Col des Tempêtes","44.1741957, 5.2838402","Col des Tempêtes, Route du Mont-Ventoux, Bédoin, Carpentras, Vaucluse, Provence-Alpes-Côte d'Azur, France métropolitaine, 84410, France",monument_uniformise
FRAD084_07FI152_0009.jpg,[vers 1900],"Dimensions 9 x 14 cm

Données techniques Carte-image, noir et blanc. Aspect mat",9 x 14 cm,"Carte-image, noir et blanc. Aspect mat",,montagne,"Ventoux (Vaucluse, France ; montagne)",,,,,Mont Ventoux,0.95,S'-Estève,Aucun monument,Le Mont VENTOUX - La Route au dessus de S'-Estève. - Plantations de Pins,"nan, nan",,commune (fallback)
FRAD084_07FI152_0010.jpg,[vers 1900],"Dimensions Carte-image, noir et blanc. Aspect mat","Carte-image, noir et blanc. Aspect mat",,,montagne,"Ventoux (Vaucluse, France ; montagne)",,,,,Mont Ventoux,0.95,Aucun lieu-dit,Aucun monument,"Le Mont VENTOUX - La Route dans la région des hêtres
No 89 bis - J. Brun & Cie, Editeurs, à Carpentras
J. Eysseris","nan, nan",,commune (fallback)
FRAD084_07FI152_0011.jpg,[vers 1900],"Dimensions 9 x 14 cm

Données techniques Carte-image, noir et blanc. Aspect mat",9 x 14 cm,"Carte-image, noir et blanc. Aspect mat",,montagne,"Ventoux (Vaucluse, France ; montagne)",,,,,Mont Ventoux,0.95,Font-Fiole,Aucun monument,"J. Eyssérès
Le Mont VENTOUX - Sentier de Font-Fiole
No 90 bis - J. Brun & Cie, Editeurs, à Carpentras","nan, nan",,commune (fallback)
FRAD084_07FI152_0006.jpg,[vers 1900],"Dimensions 9 x 14 cm

Données techniques Carte-image, noir et blanc. Aspect mat",9 x 14 cm,"Carte-image, noir et blanc. Aspect mat",,montagne,"Ventoux (Vaucluse, France ; montagne)",,,,,Carpentras,0.95,Le Jas,Aucun monument,"No 87 bis - J. Brun & Cie, Editeurs, à Carpentras
Le Mont VENTOUX - Le Jas","44.0908871, 5.2186561","Le Jas, Flassan, Carpentras, Vaucluse, Provence-Alpes-Côte d'Azur, France métropolitaine, 84410, France",hameau
FRAD084_07FI152_0008.jpg,[vers 1900],"Dimensions 9 x 14 cm

Données techniques Carte-image, noir et blanc. Aspect mat",9 x 14 cm,"Carte-image, noir et blanc. Aspect mat",,montagne,"Ventoux (Vaucluse, France ; montagne)","Ventoux (Vaucluse, France ; montagne) -- Bergerie",,,,Mont Ventoux,0.95,Mont Serein,Aucun monument,"No 89 ter - J. Brun & Cie, Editeurs, d Carpentras
Le Mont VENTOUX - Une Bergerie du Mont Serein
J. E.","44.1856655, 5.2458038","Valat de Mont Serein, Route du Mont-Ventoux, Beaumont-du-Ventoux, Carpentras, Vaucluse, Provence-Alpes-Côte d'Azur, France métropolitaine, 84340, France",hameau
FRAD084_07FI152_0007.jpg,[vers 1900],"Dimensions 9 x 14 cm

Données techniques Carte-image, noir et blanc. Aspect mat",9 x 14 cm,"Carte-image, noir et blanc. Aspect mat",,montagne,"Ventoux (Vaucluse, France ; montagne)",,,,,Mont Ventoux,0.95,Aucun lieu-dit,Aucun monument,"No 89 - J. Brum & Cie, Editeurs, d Carpentras
Le Mont VENTOUX - Etages de Ruches
J.E","nan, nan",,commune (fallback)
FRAD084_07FI152_0025.jpg,[avant 1920],"Dimensions 9 x 14 cm

Données techniques Carte postale pleine feuille, noir et blanc. Aspect mat",9 x 14 cm,"Carte postale pleine feuille, noir et blanc. Aspect mat",,montagne,"Ventoux (Vaucluse, France ; montagne)",,,,,Carpentras,0.98,Aucun lieu-dit,Mont Ventoux,"Editions Artistiques J. Brun et Cie, Carpentras. 3a LE MONT-VENTOUX (Vaucluse) 1908 m. - Vu de Carpentras (1re vue).","44.1739649, 5.2783976","Mont Ventoux, Saint-Léger-du-Ventoux, Carpentras, Vaucluse, Provence-Alpes-Côte d'Azur, France métropolitaine, 84390, France",monument_uniformise
FRAD084_07FI152_0026.jpg,[avant 1920],"Dimensions 9 x 14 cm

Données techniques Carte postale pleine feuille, noir et blanc. Aspect mat",9 x 14 cm,"Carte postale pleine feuille, noir et blanc. Aspect mat",,montagne,"Ventoux (Vaucluse, France ; montagne)",,,,,Carpentras,0.98,Aucun lieu-dit,Mont Ventoux,"30. Le Mont-Ventoux (Vaucluse) 1908 m — Vu de Carpentras (1re Vue) Editions Artistiques J. Brun et Cie, Carpentras","44.1739649, 5.2783976","Mont Ventoux, Saint-Léger-du-Ventoux, Carpentras, Vaucluse, Provence-Alpes-Côte d'Azur, France métropolitaine, 84390, France",monument_uniformise
FRAD084_07FI152_0027.jpg,[avant 1920],"Dimensions 9 x 14 cm

Données techniques Carte postale pleine feuille, noir et blanc. Aspect mat",9 x 14 cm,"Carte postale pleine feuille, noir et blanc. Aspect mat",,montagne,"Ventoux (Vaucluse, France ; montagne)",,,,,Mont Ventoux,0.99,Aucun lieu-dit,Aucun monument,1 - Vue générale du MONT-VENTOUX (1908m d'altitude) - Vue prise à 22 kilomètres,"nan, nan",,commune (fallback)
FRAD084_07FI152_0028.jpg,[avant 1920],"Dimensions 9 x 14 cm

Données techniques Carte postale pleine feuille, noir et blanc. Aspect mat",9 x 14 cm,"Carte postale pleine feuille, noir et blanc. Aspect mat",,montagne,"Ventoux (Vaucluse, France ; montagne)",,,,,Mont Ventoux,0.95,Saint-Pierre-de-Vassols,Aucun monument,Le Mont-Ventoux (Vaucluse) Altitude 1908 m. — Route de Carpentras à l'Observatoire Saint-Pierre-de-Vassols à gauche,"nan, nan",,commune (fallback)
FRAD084_07FI152_0029.jpg,[avant 1920],"Dimensions 9 x 14 cm

Données techniques Carte postale pleine feuille, noir et blanc. Aspect mat",9 x 14 cm,"Carte postale pleine feuille, noir et blanc. Aspect mat",,montagne,"Ventoux (Vaucluse, France ; montagne)",,,,,Bédoin,0.95,Aucun lieu-dit,Aucun monument,20. Le Mont-Yentoux (Vaucluse) Altitude 1908 m. - Bédoin à ses pieds,"nan, nan",,commune (fallback)
FRAD084_07FI152_0109.jpg,[avant 1920],"Dimensions 9 x 14 cm

Données techniques Carte postale pleine feuille, noir et blanc. Aspect mat",9 x 14 cm,"Carte postale pleine feuille, noir et blanc. Aspect mat",Don des Archives départementales des Bouches-du-Rhône (2002),montagne,"Ventoux (Vaucluse, France ; montagne)",,,,,Carpentras,0.95,Aucun lieu-dit,Mont Ventoux,"Editions J. Brun et Cie Carpentras
2. - LE MONT VENTOUX","44.1739649, 5.2783976","Mont Ventoux, Saint-Léger-du-Ventoux, Carpentras, Vaucluse, Provence-Alpes-Côte d'Azur, France métropolitaine, 84390, France",monument_uniformise
FRAD084_07FI152_0102.jpg,[vers 1930],"Dimensions 9 x 14 cm

Données techniques Carte postale pleine feuille, sépia. Aspect mat",9 x 14 cm,"Carte postale pleine feuille, sépia. Aspect mat",,montagne,"Ventoux (Vaucluse, France ; montagne)",,,,,Mont Ventoux,0.98,Crestet,Château,"LE MONT-VENTOUX, vu des ruines du Château du Crestet (Vaucluse)","nan, nan",,commune (fallback)
FRAD084_07FI152_0101_01.jpg,[vers 1960],"Dimensions 10 x 15 cm

Données techniques Carte postale bord dentelé, noir et blanc. Aspect brillant",10 x 15 cm,"Carte postale bord dentelé, noir et blanc. Aspect brillant",,montagne,"Ventoux (Vaucluse, France ; montagne)",,,,,,0.95,Aucun lieu-dit,Aucun monument,G. Yves,"nan, nan",,commune (fallback)
FRAD084_07FI152_0105_01.jpg,[vers 1960],"Dimensions 10 x 15 cm

Données techniques Carte postale bord dentelé, noir et blanc. Aspect brillant",10 x 15 cm,"Carte postale bord dentelé, noir et blanc. Aspect brillant",Don des Archives départementales des Bouches-du-Rhône (2002),montagne,"Ventoux (Vaucluse, France ; montagne)",,,,,,0.95,Junon,Aucun monument,Junon,"nan, nan",,hameau
FRAD084_07FI152_0031.jpg,[avant 1920],"Dimensions 9 x 14 cm

Données techniques Carte postale pleine feuille, noir et blanc. Aspect mat",9 x 14 cm,"Carte postale pleine feuille, noir et blanc. Aspect mat",,montagne,"Ventoux (Vaucluse, France ; montagne)",,,,,Mont Ventoux,0.95,Aucun lieu-dit,Col des Tempêtes,Mont Ventoux 1907 m. - Le tournant de la route au col des Tempêtes en hiver Cliché Bertesago sur plaque « As de Trefle. In egrum »,"44.1741957, 5.2838402","Col des Tempêtes, Route du Mont-Ventoux, Bédoin, Carpentras, Vaucluse, Provence-Alpes-Côte d'Azur, France métropolitaine, 84410, France",monument_uniformise
FRAD084_07FI152_0012.jpg,[vers 1960],"Dimensions 9 x 14 cm

Données techniques Carte postale pleine feuille, noir et blanc. Aspect mat",9 x 14 cm,"Carte postale pleine feuille, noir et blanc. Aspect mat",,montagne,"Ventoux (Vaucluse, France ; montagne)",,,,,Avignon,0.95,Aucun lieu-dit,Aucun monument,BARTESAGO AVIGNON,"nan, nan",,commune (fallback)
FRAD084_07FI152_0013.jpg,[vers 1960],"Dimensions 9 x 14 cm

Données techniques Carte postale pleine feuille, noir et blanc. Aspect mat",9 x 14 cm,"Carte postale pleine feuille, noir et blanc. Aspect mat",,montagne,"Ventoux (Vaucluse, France ; montagne)",,,,,Avignon,0.95,Aucun lieu-dit,Aucun monument,BARLESAGO AVIGNON,"nan, nan",,commune (fallback)
FRAD084_07FI152_0014.jpg,[vers 1960],"Dimensions 9 x 14 cm

Données techniques Carte postale pleine feuille, noir et blanc. Aspect mat",9 x 14 cm,"Carte postale pleine feuille, noir et blanc. Aspect mat",,montagne,"Ventoux (Vaucluse, France ; montagne)",,,,,Avignon,0.98,Aucun lieu-dit,Aucun monument,BARTHÉS & CO. AVIGNON,"nan, nan",,commune (fallback)
FRAD084_07FI152_0037.jpg,[avant 1920],"Dimensions 9 x 14 cm

Données techniques Carte postale pleine feuille, noir et blanc. Aspect mat",9 x 14 cm,"Carte postale pleine feuille, noir et blanc. Aspect mat",,montagne,"Ventoux (Vaucluse, France ; montagne)",,,,,Mont Ventoux,0.95,Aucun lieu-dit,Terrasse des Instruments,"Mont Ventoux, 1907 m. - Panorama des Alpes en hiver pris de la terrasse des Instruments Cliche Bartesago sur plaque « As de Tréfle. Integrum. »","nan, nan",,commune (fallback)
FRAD084_07FI152_0036.jpg,[avant 1920],"Dimensions 9 x 14 cm

Données techniques Carte postale pleine feuille, noir et blanc. Aspect mat",9 x 14 cm,"Carte postale pleine feuille, noir et blanc. Aspect mat",,montagne,"Ventoux (Vaucluse, France ; montagne)",,,,,Mont Ventoux,0.95,Aucun lieu-dit,Aucun monument,"Mont Ventoux - Crêtes à l'Ouest du sommet et la route de Malaucène en hiver
Cliché Bartesago sur plaque ""As de Trèfle. Integrum""","nan, nan",,commune (fallback)
FRAD084_07FI152_0034.jpg,[avant 1920],"Dimensions 9 x 14 cm

Données techniques Carte postale pleine feuille, noir et blanc. Aspect mat",9 x 14 cm,"Carte postale pleine feuille, noir et blanc. Aspect mat",,montagne,"Ventoux (Vaucluse, France ; montagne)",,,,,Carpentras,0.98,Aucun lieu-dit,Mont Ventoux,"Le Mont Ventoux (Vaucluse) 1908m — Le sommet sous la neige
Editions artistiques J. Brun et Cie, Carpentras","44.1739649, 5.2783976","Mont Ventoux, Saint-Léger-du-Ventoux, Carpentras, Vaucluse, Provence-Alpes-Côte d'Azur, France métropolitaine, 84390, France",monument_uniformise
FRAD084_07FI152_0040.jpg,[vers 1930],"Dimensions 9 x 14 cm

Données techniques Carte postale avec bordure, sépia. Aspect mat",9 x 14 cm,"Carte postale avec bordure, sépia. Aspect mat",,montagne,"Ventoux (Vaucluse, France ; montagne)",,,,,Carpentras,0.98,Aucun lieu-dit,Mont Ventoux,"Environs de CARPENTRAS (Vaucluse)
Sommet et Observatoire du Mont Ventoux (1912 m.)","44.1739649, 5.2783976","Mont Ventoux, Saint-Léger-du-Ventoux, Carpentras, Vaucluse, Provence-Alpes-Côte d'Azur, France métropolitaine, 84390, France",monument_uniformise
FRAD084_07FI152_0035.jpg,[avant 1920],"Dimensions 9 x 14 cm

Données techniques Carte postale pleine feuille, noir et blanc. Aspect mat",9 x 14 cm,"Carte postale pleine feuille, noir et blanc. Aspect mat",,montagne,"Ventoux (Vaucluse, France ; montagne)",,,,,Mont Ventoux,0.99,Aucun lieu-dit,Aucun monument,MONT-VENTOUX (Vaucluse) 1912 m d'altitude — Arête ouest vue du sommet,"nan, nan",,commune (fallback)
FRAD084_07FI152_0032.jpg,[avant 1920],"Dimensions 9 x 14 cm

Données techniques Carte postale pleine feuille, noir et blanc. Aspect mat",9 x 14 cm,"Carte postale pleine feuille, noir et blanc. Aspect mat",,montagne,"Ventoux (Vaucluse, France ; montagne)",,,,,Mont Ventoux,0.95,Aucun lieu-dit,Col des Tempêtes,Mont Ventoux - Col des Tempêtes et pentes du versant Nord en hiver - Altit. 1800 mètres Cliché Bartersago s r plaque « As de Trefle. Integrum »,"44.1741957, 5.2838402","Col des Tempêtes, Route du Mont-Ventoux, Bédoin, Carpentras, Vaucluse, Provence-Alpes-Côte d'Azur, France métropolitaine, 84410, France",monument_uniformise
FRAD084_07FI152_0038.jpg,[avant 1920],"Dimensions 9 x 14 cm

Données techniques Carte postale pleine feuille, noir et blanc. Aspect mat",9 x 14 cm,"Carte postale pleine feuille, noir et blanc. Aspect mat",,montagne,"Ventoux (Vaucluse, France ; montagne)","Ventoux (Vaucluse, France ; montagne) -- Observatoire",,,,Mont Ventoux,0.95,Aucun lieu-dit,Le Col des Tempêtes et l'Observatoire,MONT-VENTOUX (Vaucluse) 1912 m. d'altitude — Le Col des Tempêtes et l'Observatoire,"44.1737355, 5.2779991","Observatoire du Mont Ventoux, Bédoin, Carpentras, Vaucluse, Provence-Alpes-Côte d'Azur, France métropolitaine, 84410, France",edifice
FRAD084_07FI152_0039.jpg,[avant 1920],"Dimensions 9 x 14 cm

Données techniques Carte postale pleine feuille, noir et blanc. Aspect mat",9 x 14 cm,"Carte postale pleine feuille, noir et blanc. Aspect mat",,montagne,"Ventoux (Vaucluse, France ; montagne)",,,,,Mont Ventoux,0.95,Aucun lieu-dit,Observatoire de Mont Ventoux,"Mont Ventoux, 1907 m. - Le Col des Tempêtes et montagnes de Lure Vue prise en hiver de la Terrasse de l'Observatoire","44.1737355, 5.2779991","Observatoire du Mont Ventoux, Bédoin, Carpentras, Vaucluse, Provence-Alpes-Côte d'Azur, France métropolitaine, 84410, France",monument_uniformise
FRAD084_07FI152_0041.jpg,[avant 1920],"Dimensions 9 x 14 cm

Données techniques Carte postale pleine feuille, noir et blanc. Aspect mat",9 x 14 cm,"Carte postale pleine feuille, noir et blanc. Aspect mat",,montagne,"Ventoux (Vaucluse, France ; montagne)",,,,,,0.99,Aucun lieu-dit,Aucun monument,,"nan, nan",,commune (fallback)
FRAD084_07FI152_0016.jpg,[vers 1960],"Dimensions 9 x 14 cm

Données techniques Carte postale pleine feuille, noir et blanc. Aspect mat",9 x 14 cm,"Carte postale pleine feuille, noir et blanc. Aspect mat",,montagne,"Ventoux (Vaucluse, France ; montagne)","Ventoux (Vaucluse, France ; montagne) -- Observatoire",,,,Avignon,0.95,Aucun lieu-dit,Aucun monument,BARTUESCO AVIGNON,"nan, nan",,commune (fallback)
FRAD084_07FI152_0017.jpg,[vers 1960],"Dimensions 9 x 14 cm

Données techniques Carte postale pleine feuille, noir et blanc. Aspect mat",9 x 14 cm,"Carte postale pleine feuille, noir et blanc. Aspect mat",,montagne,"Ventoux (Vaucluse, France ; montagne)","Ventoux (Vaucluse, France ; montagne) -- Observatoire",,,,Avignon,0.95,Aucun lieu-dit,Aucun monument,BARTESAGO AVIGNON,"nan, nan",,commune (fallback)
FRAD084_07FI152_0056.jpg,[avant 1920],"Dimensions 9 x 14 cm

Données techniques Carte postale pleine feuille noir et blanc. Aspect mat",9 x 14 cm,Carte postale pleine feuille noir et blanc. Aspect mat,,montagne,"Ventoux (Vaucluse, France ; montagne)","Ventoux (Vaucluse, France ; montagne) -- Observatoire",,,,Mont Ventoux,0.98,Aucun lieu-dit,L'Observatoire,"2 - LE MONT VENTOUX (Vaucluse) - 1908 m. - L'Observatoire sous la neige Editions Artistiques J. Brun et Cie, Carpentras","44.1737355, 5.2779991","Observatoire du Mont Ventoux, Bédoin, Carpentras, Vaucluse, Provence-Alpes-Côte d'Azur, France métropolitaine, 84410, France",edifice
FRAD084_07FI152_0058.jpg,[avant 1920],"Dimensions 9 x 14 cm

Données techniques Carte postale pleine feuille, noir et blanc. Aspect mat",9 x 14 cm,"Carte postale pleine feuille, noir et blanc. Aspect mat",,montagne,"Ventoux (Vaucluse, France ; montagne)","Ventoux (Vaucluse, France ; montagne) -- Observatoire",,,,Mont Ventoux,0.95,Aucun lieu-dit,L'Observatoire,Mont Ventoux 1907 mètres - L'Observatoire et la Terrasse en hiver Cliche Bartesago sur plaque « As de Trèfle. Integrum »,"44.1737355, 5.2779991","Observatoire du Mont Ventoux, Bédoin, Carpentras, Vaucluse, Provence-Alpes-Côte d'Azur, France métropolitaine, 84410, France",edifice
FRAD084_07FI152_0057.jpg,[avant 1920],"Dimensions 9 x 14 cm

Données techniques Carte postale pleine feuille, noir et blanc. Aspect mat",9 x 14 cm,"Carte postale pleine feuille, noir et blanc. Aspect mat",,montagne,"Ventoux (Vaucluse, France ; montagne)","Ventoux (Vaucluse, France ; montagne) -- Observatoire",,,,Mont Ventoux,0.95,Aucun lieu-dit,Observatoire,"12. Le Mont-Ventoux sous la neige (Altitude, 1908 mètres) La Terrasse de l'Observatoire et l'Observatoire (côté Ouest) Editions Artistiques J. Brun et Cie, Carpentras","44.1737355, 5.2779991","Observatoire du Mont Ventoux, Bédoin, Carpentras, Vaucluse, Provence-Alpes-Côte d'Azur, France métropolitaine, 84410, France",monument_uniformise
FRAD084_07FI152_0094.jpg,1903,"Dimensions 9 x 14 cm

Données techniques Carte postale pleine feuille, noir et blanc. Aspect mat",9 x 14 cm,"Carte postale pleine feuille, noir et blanc. Aspect mat",,montagne,"Ventoux (Vaucluse, France ; montagne)","Ventoux (Vaucluse, France ; montagne) -- Observatoire",,,,Mont Ventoux,0.98,Aucun lieu-dit,L'Observatoire,"6. — Le Mont-Ventoux. — (Altitude 1908 m.) — L'Observatoire (vue côté ouest). A gauche le hangard. Au milieu, les rampes d'accès au point culminant où se trouve la plateforme d'observations au dessous de laquelle a été élevé l'Observatoire, mis ainsi à l'abri du vent du nord. - Vue prise le 20 septembre 1903, jour de courses d'automobiles. Maison Universelle ,, Nouvelles Galeries ,, Carpentras. Reprod. interdite,","44.1737355, 5.2779991","Observatoire du Mont Ventoux, Bédoin, Carpentras, Vaucluse, Provence-Alpes-Côte d'Azur, France métropolitaine, 84410, France",edifice
FRAD084_07FI152_0068.jpg,[avant 1920],"Dimensions 9 x 14 cm

Données techniques Carte postale pleine feuille, noir et blanc. Aspect mat",9 x 14 cm,"Carte postale pleine feuille, noir et blanc. Aspect mat",,montagne,"Ventoux (Vaucluse, France ; montagne)","Ventoux (Vaucluse, France ; montagne) -- Observatoire",,,,Mont Ventoux,0.95,Aucun lieu-dit,Observatoire,"Mont Ventoux, 1907 m. - L'Observatoire et la Terrasse pendant l'été","44.1737355, 5.2779991","Observatoire du Mont Ventoux, Bédoin, Carpentras, Vaucluse, Provence-Alpes-Côte d'Azur, France métropolitaine, 84410, France",monument_uniformise
FRAD084_07FI152_0069.jpg,[avant 1920],"Dimensions 9 x 14 cm

Données techniques Carte postale pleine feuille, noir et blanc Aspect mat",9 x 14 cm,"Carte postale pleine feuille, noir et blanc Aspect mat",,montagne,"Ventoux (Vaucluse, France ; montagne)","Ventoux (Vaucluse, France ; montagne) -- Observatoire",,,,Mont Ventoux,0.95,Aucun lieu-dit,L'Observatoire,"Mont Ventoux, 1907 m. - L'Observatoire et la Terrasse pendant l'été","44.1737355, 5.2779991","Observatoire du Mont Ventoux, Bédoin, Carpentras, Vaucluse, Provence-Alpes-Côte d'Azur, France métropolitaine, 84410, France",edifice
FRAD084_07FI152_0023.jpg,[avant 1920],"Dimensions 9 x 14 cm

Données techniques Carte postale pleine feuille, noir et blanc. Aspect mat",9 x 14 cm,"Carte postale pleine feuille, noir et blanc. Aspect mat",,montagne,"Ventoux (Vaucluse, France ; montagne)","Ventoux (Vaucluse, France ; montagne) -- Observatoire",,,,,0.95,Aucun lieu-dit,Aucun monument,,"nan, nan",,commune (fallback)
FRAD084_07FI152_0111.jpg,[avant 1920],"Dimensions 9 x 14 cm

Données techniques Carte postale pleine feuille, noir et blanc. Aspect mat",9 x 14 cm,"Carte postale pleine feuille, noir et blanc. Aspect mat",Don des Archives départementales des Bouches-du-Rhône (2002),montagne,"Ventoux (Vaucluse, France ; montagne)","Ventoux (Vaucluse, France ; montagne) -- Observatoire",,,,Mont Ventoux,0.95,Aucun lieu-dit,L'Observatoire et la Terrasse,"5 — Le VENTOUX sous la Neige (altitude, 1,910 mètres) L'Observatoire et la Terrasse (façade Sud) Editions J. Brun et Cie, Carpentras","44.1737355, 5.2779991","Observatoire du Mont Ventoux, Bédoin, Carpentras, Vaucluse, Provence-Alpes-Côte d'Azur, France métropolitaine, 84410, France",edifice
FRAD084_07FI152_0054.jpg,[avant 1920],"Dimensions 9 x 14 cm

Données techniques Carte postale pleine feuille, noir et blanc. Aspect mat",9 x 14 cm,"Carte postale pleine feuille, noir et blanc. Aspect mat",,montagne,"Ventoux (Vaucluse, France ; montagne)","Ventoux (Vaucluse, France ; montagne) -- Observatoire",,,,Mont Ventoux,0.95,Aucun lieu-dit,L'Observatoire et la Terrasse,"5. Le Mont-Ventoux sous la neige (Altitude, 1908 mètres) L'Observatoire et la Terrasse (façade Sud) Editions Artistiques J. Brun et Cie, Carpentras","44.1737355, 5.2779991","Observatoire du Mont Ventoux, Bédoin, Carpentras, Vaucluse, Provence-Alpes-Côte d'Azur, France métropolitaine, 84410, France",edifice
FRAD084_07FI152_0055.jpg,[avant 1920],"Dimensions 9 x 14 cm

Données techniques Carte postale pleine feuille, noir et blanc. Aspect mat",9 x 14 cm,"Carte postale pleine feuille, noir et blanc. Aspect mat",,montagne,"Ventoux (Vaucluse, France ; montagne)","Ventoux (Vaucluse, France ; montagne) -- Observatoire",,,,Mont Ventoux,0.95,Aucun lieu-dit,Aucun monument,,"44.1737355, 5.2779991","Observatoire du Mont Ventoux, Bédoin, Carpentras, Vaucluse, Provence-Alpes-Côte d'Azur, France métropolitaine, 84410, France",edifice
FRAD084_07FI152_0070.jpg,[avant 1920],"Dimensions 9 x 14 cm

Données techniques Carte postale pleine feuille, noir et blanc. Aspect mat",9 x 14 cm,"Carte postale pleine feuille, noir et blanc. Aspect mat",,montagne,"Ventoux (Vaucluse, France ; montagne)","Ventoux (Vaucluse, France ; montagne) -- Observatoire",,,,Mont Ventoux,0.98,Aucun lieu-dit,L'Observatoire,"20 - MONT-VENTOUX - L'Observatoire (2° vue) Editions J. Brun et Gie, Carpentras","44.1737355, 5.2779991","Observatoire du Mont Ventoux, Bédoin, Carpentras, Vaucluse, Provence-Alpes-Côte d'Azur, France métropolitaine, 84410, France",edifice
FRAD084_07FI152_0053_01.jpg,[avant 1920],"Dimensions 9 x 14 cm

Données techniques Carte postale pleine feuille, noir et blanc. Aspect mat",9 x 14 cm,"Carte postale pleine feuille, noir et blanc. Aspect mat",,montagne,"Ventoux (Vaucluse, France ; montagne)","Ventoux (Vaucluse, France ; montagne) -- Observatoire",,,,Mont Ventoux,0.95,Aucun lieu-dit,L'Observatoire,"7 — Le Mont VENTOUX sous la Neige (altitude, 1,910 mètres) L'Observatoire (côté Est) Editions J. Brun et Cie, Carpentras","44.1737355, 5.2779991","Observatoire du Mont Ventoux, Bédoin, Carpentras, Vaucluse, Provence-Alpes-Côte d'Azur, France métropolitaine, 84410, France",edifice
FRAD084_07FI152_0065.jpg,[avant 1920],"Dimensions 9 x 14 cm

Données techniques Carte postale pleine feuille, noir et blanc. Aspect mat",9 x 14 cm,"Carte postale pleine feuille, noir et blanc. Aspect mat",,montagne,"Ventoux (Vaucluse, France ; montagne)","Ventoux (Vaucluse, France ; montagne) -- Observatoire",,,,Mont Ventoux,0.95,Aucun lieu-dit,L'Observatoire,"21. MONT VENTOUX. - L'Observatoire (Écurie et Route d'accès à la terrasse d'Observatoire) Editions J. Brun et Cie, Carpentras","44.1737355, 5.2779991","Observatoire du Mont Ventoux, Bédoin, Carpentras, Vaucluse, Provence-Alpes-Côte d'Azur, France métropolitaine, 84410, France",edifice
FRAD084_07FI152_0064.jpg,[vers 1930],"Dimensions 9 x 14 cm

Données techniques Carte postale avec bordure, sépia. Aspect mat",9 x 14 cm,"Carte postale avec bordure, sépia. Aspect mat",,montagne,"Ventoux (Vaucluse, France ; montagne)","Ventoux (Vaucluse, France ; montagne) -- Observatoire",,,,Carpentras,0.95,Aucun lieu-dit,Mont Ventoux,"Environs de CARPENTRAS (Vaucluse) - Mont Ventoux (1912 m.)
La Terrasse de l'Observatoire et la Table d'Orientaion","44.1739649, 5.2783976","Mont Ventoux, Saint-Léger-du-Ventoux, Carpentras, Vaucluse, Provence-Alpes-Côte d'Azur, France métropolitaine, 84390, France",monument_uniformise
FRAD084_07FI152_0059.jpg,[avant 1920],"Dimensions 9 x 14 cm

Données techniques Carte postale pleine feuille, noir et blanc. Aspect mat",9 x 14 cm,"Carte postale pleine feuille, noir et blanc. Aspect mat",,montagne,"Ventoux (Vaucluse, France ; montagne)","Ventoux (Vaucluse, France ; montagne) -- Observatoire",,,,Mont Ventoux,0.95,Aucun lieu-dit,Les Écuries,"3 - LE MONT VENTOUX (Vaucluse) - 1908 m. - Les Écuries sous la neige Editions Artistiques J. Brun et Cie, Carpentras","44.1737355, 5.2779991","Observatoire du Mont Ventoux, Bédoin, Carpentras, Vaucluse, Provence-Alpes-Côte d'Azur, France métropolitaine, 84410, France",edifice
FRAD084_07FI152_0044.jpg,[avant 1920],"Dimensions 9 x 14 cm

Données techniques Carte postale pleine feuille, noir et blanc. Aspect mat",9 x 14 cm,"Carte postale pleine feuille, noir et blanc. Aspect mat",,montagne,"Ventoux (Vaucluse, France ; montagne)","Ventoux (Vaucluse, France ; montagne) -- Observatoire",,,,Mont Ventoux,0.95,Aucun lieu-dit,"L'Hôtel, les Ecuries et l'Observatoire","5 - LE MONT VENTOUX (Vaucluse) - 1908 m. L'Hôtel, les Ecuries et l'Observatoire sous la neige Editions Artistiques J. Brun et Cie, Carpentras","44.1737355, 5.2779991","Observatoire du Mont Ventoux, Bédoin, Carpentras, Vaucluse, Provence-Alpes-Côte d'Azur, France métropolitaine, 84410, France",edifice
FRAD084_07FI152_0048.jpg,[avant 1920],"Dimensions 9 x 14 cm

Données techniques Carte postale pleine feuille, noir et blanc. Aspect mat",9 x 14 cm,"Carte postale pleine feuille, noir et blanc. Aspect mat",,montagne,"Ventoux (Vaucluse, France ; montagne)","Ventoux (Vaucluse, France ; montagne) -- Observatoire",,,,Mont Ventoux,0.95,Aucun lieu-dit,Les Appareils Météorologiques,"8. Le Mont-Ventoux sous la neige (Altitude, 1908.mètres) Les Appareils Météorologiques Editions Artistiques J. Brun et Cie, Carpentras","44.1737355, 5.2779991","Observatoire du Mont Ventoux, Bédoin, Carpentras, Vaucluse, Provence-Alpes-Côte d'Azur, France métropolitaine, 84410, France",edifice
FRAD084_07FI152_0049.jpg,[avant 1920],"Dimensions 9 x 14 cm

Données techniques Carte postale pleine feuille, noir et blanc. Aspect mat",9 x 14 cm,"Carte postale pleine feuille, noir et blanc. Aspect mat",,montagne,"Ventoux (Vaucluse, France ; montagne)","Ventoux (Vaucluse, France ; montagne) -- Observatoire",,,,Mont Ventoux,0.95,Aucun lieu-dit,Plate-forme des Instruments,"Mont Ventoux 1907 mètres - Plate-forme des Instruments - Effets de givre pendant l'hiver Cliché Bartesago sur plaque ""As de Tréfle: Integrum""","44.1737355, 5.2779991","Observatoire du Mont Ventoux, Bédoin, Carpentras, Vaucluse, Provence-Alpes-Côte d'Azur, France métropolitaine, 84410, France",edifice
FRAD084_07FI152_0050.jpg,[avant 1920],"Dimensions 9 x 14 cm

Données techniques Carte postale pleine feuille, noir et blanc. Aspect mat",9 x 14 cm,"Carte postale pleine feuille, noir et blanc. Aspect mat",,montagne,"Ventoux (Vaucluse, France ; montagne)","Ventoux (Vaucluse, France ; montagne) -- Observatoire",,,,Mont Ventoux,0.95,Aucun lieu-dit,Plate-forme des Instruments,Mont Ventoux 1907 m. - Sortie de la galerie d'accès à la plate-forme des Instruments en hiver. Cliché Bartesago sur plaque « As de Trèfle Integrum »,"44.1737355, 5.2779991","Observatoire du Mont Ventoux, Bédoin, Carpentras, Vaucluse, Provence-Alpes-Côte d'Azur, France métropolitaine, 84410, France",edifice
FRAD084_07FI152_0051.jpg,[avant 1920],"Dimensions 9 x 14 cm

Données techniques Carte postale pleine feuille, noir et blanc. Aspect mat",9 x 14 cm,"Carte postale pleine feuille, noir et blanc. Aspect mat",,montagne,"Ventoux (Vaucluse, France ; montagne)","Ventoux (Vaucluse, France ; montagne) -- Observatoire",,,,Mont Ventoux,0.95,Aucun lieu-dit,Les Appareils Météorologiques,"6. Le Mont-Ventoux sous la neige (Altitude, 1908 mètres) La Terrasse d'Observation - Les Appareils Météorologiques Editions Artistiques J. Brun et Cie, Carpentras","44.1737355, 5.2779991","Observatoire du Mont Ventoux, Bédoin, Carpentras, Vaucluse, Provence-Alpes-Côte d'Azur, France métropolitaine, 84410, France",edifice
FRAD084_07FI152_0052.jpg,[avant 1920],"Dimensions 9 x 14 cm

Données techniques Carte postale pleine feuille, noir et blanc. Aspect mat",9 x 14 cm,"Carte postale pleine feuille, noir et blanc. Aspect mat",,montagne,"Ventoux (Vaucluse, France ; montagne)","Ventoux (Vaucluse, France ; montagne) -- Observatoire",,,,Mont Ventoux,0.95,Aucun lieu-dit,Plate-forme des Instruments,"Mont Ventoux - Plate forme des Instruments en hiver - Allit. 1907 mètres
Cliché Bartesago sur plaque 'As d Tréfle Integrum","44.1737355, 5.2779991","Observatoire du Mont Ventoux, Bédoin, Carpentras, Vaucluse, Provence-Alpes-Côte d'Azur, France métropolitaine, 84410, France",edifice
FRAD084_07FI152_0046.jpg,[avant 1920],"Dimensions 9 x 14 cm

Données techniques Carte postale pleine feuille, noir et blanc. Aspect mat",9 x 14 cm,"Carte postale pleine feuille, noir et blanc. Aspect mat",,montagne,"Ventoux (Vaucluse, France ; montagne)","Ventoux (Vaucluse, France ; montagne) -- Observatoire",,,,Mont Ventoux,0.95,Aucun lieu-dit,Terrasse d'observation et l'Observatoire,"10. Le MONT-VENTOUX sous la neige (altitude 1.908 mètres La Terrasse d'observation et l'Observatoire (côte Ouest) Edit. J. Brun et Cie, Carpentras","44.1737355, 5.2779991","Observatoire du Mont Ventoux, Bédoin, Carpentras, Vaucluse, Provence-Alpes-Côte d'Azur, France métropolitaine, 84410, France",edifice
FRAD084_07FI152_0015.jpg,[vers 1960],"Dimensions 9 x 14 cm

Données techniques Carte postale pleine feuille, noir et blanc. Aspect mat",9 x 14 cm,"Carte postale pleine feuille, noir et blanc. Aspect mat",,montagne,"Ventoux (Vaucluse, France ; montagne)","Ventoux (Vaucluse, France ; montagne) -- Observatoire",,,,Avignon,0.95,Aucun lieu-dit,Aucun monument,BARTESAGO AVIGNON,"nan, nan",,commune (fallback)
FRAD084_07FI152_0113_01.jpg,[avant 1920],"Dimensions 9 x 14 cm

Données techniques Carte postale pleine feuille, noir et blanc. Aspect mat",9 x 14 cm,"Carte postale pleine feuille, noir et blanc. Aspect mat",Don des Archives départementales des Bouches-du-Rhône (2002),montagne,"Ventoux (Vaucluse, France ; montagne)","Ventoux (Vaucluse, France ; montagne) -- Observatoire",,,,Mont Ventoux,0.95,Aucun lieu-dit,Observatoire,"10 - Le VENTOUX sous la Neige (altitude, 1,910 metres) La Terrasse d'observation et l'Observatoire (côté Est) Editions J. Brun et Cie, Carpentras","44.1737355, 5.2779991","Observatoire du Mont Ventoux, Bédoin, Carpentras, Vaucluse, Provence-Alpes-Côte d'Azur, France métropolitaine, 84410, France",monument_uniformise
FRAD084_07FI152_0047.jpg,[avant 1920],"Dimensions 9 x 14 cm

Données techniques Carte postale pleine feuille, noir et blanc. Aspect mat",9 x 14 cm,"Carte postale pleine feuille, noir et blanc. Aspect mat",,montagne,"Ventoux (Vaucluse, France ; montagne)","Ventoux (Vaucluse, France ; montagne) -- Observatoire",,,,Mont Ventoux,0.95,Aucun lieu-dit,La Terrasse d'observation,"8 — Le VENTOUX sous la Neige (altitude, 1,910 mètres) La Terrasse d'observation Editions J. Brun et Cie, Carpentras","44.1737355, 5.2779991","Observatoire du Mont Ventoux, Bédoin, Carpentras, Vaucluse, Provence-Alpes-Côte d'Azur, France métropolitaine, 84410, France",edifice
FRAD084_07FI152_0110_01.jpg,[avant 1920],"Dimensions 9 x 14 cm

Données techniques Carte postale pleine feuille, noir et blanc. Aspect mat",9 x 14 cm,"Carte postale pleine feuille, noir et blanc. Aspect mat",Don des Archives départementales des Bouches-du-Rhône (2002),montagne,"Ventoux (Vaucluse, France ; montagne)","Ventoux (Vaucluse, France ; montagne) -- Observatoire",,,,Mont Ventoux,0.95,Aucun lieu-dit,Les Appareils Météorologiques,"6. LE MONT-VENTOUX SOUS LA NEIGE (altitude 1908 mètres) Les Appareils météorologiques Editions J. Brun et Cie, Carpentras","44.1737355, 5.2779991","Observatoire du Mont Ventoux, Bédoin, Carpentras, Vaucluse, Provence-Alpes-Côte d'Azur, France métropolitaine, 84410, France",edifice
FRAD084_07FI152_0066.jpg,[avant 1920],"Dimensions 9 x 141 cm

Données techniques Carte postale pleine feuille, noir et blanc. Aspect mat",9 x 141 cm,"Carte postale pleine feuille, noir et blanc. Aspect mat",,montagne,"Ventoux (Vaucluse, France ; montagne)","Ventoux (Vaucluse, France ; montagne) -- Observatoire",,,,Mont Ventoux,0.95,Aucun lieu-dit,Plate-forme des Instruments,Mont Ventoux - Plate-forme des Instruments en été - Altit. 1907 mètres Cliché Bartesago sur plaque « As de Trèfle Integrum »,"44.1737355, 5.2779991","Observatoire du Mont Ventoux, Bédoin, Carpentras, Vaucluse, Provence-Alpes-Côte d'Azur, France métropolitaine, 84410, France",edifice
FRAD084_07FI152_0067.jpg,[avant 1920],"Dimensions 9 x 14 cm

Données techniques Carte postale pleine feuille, noir et blanc. Aspect mat",9 x 14 cm,"Carte postale pleine feuille, noir et blanc. Aspect mat",,montagne,"Ventoux (Vaucluse, France ; montagne)","Ventoux (Vaucluse, France ; montagne) -- Observatoire",,,,Mont Ventoux,0.95,Aucun lieu-dit,La Terrasse d'observation,2. Le Mont-Ventoux (Vaucluse) Altitude 1908 m. — Terrasse d'Observation,"44.1737355, 5.2779991","Observatoire du Mont Ventoux, Bédoin, Carpentras, Vaucluse, Provence-Alpes-Côte d'Azur, France métropolitaine, 84410, France",edifice
FRAD084_07FI152_0042.jpg,[avant 1920],"Dimensions 9 x 14 cm

Données techniques Carte postale pleine feuille, noir et blanc. Aspect mat",9 x 14 cm,"Carte postale pleine feuille, noir et blanc. Aspect mat",,montagne,"Ventoux (Vaucluse, France ; montagne)","Ventoux (Vaucluse, France ; montagne) -- Observatoire",,,,,0.95,Aucun lieu-dit,Aucun monument,,"nan, nan",,commune (fallback)
FRAD084_07FI152_0112.jpg,[avant 1920],"Dimensions 9 x 14 cm

Données techniques Carte postale pleine feuille, noir et blanc. Aspect mat",9 x 14 cm,"Carte postale pleine feuille, noir et blanc. Aspect mat",Don des Archives départementales des Bouches-du-Rhône (2002),montagne,"Ventoux (Vaucluse, France ; montagne)","Ventoux (Vaucluse, France ; montagne) -- Observatoire",,,,Mont Ventoux,0.95,Aucun lieu-dit,L'Observatoire et la Chapelle,"11 — Le VENTOUX sous la Neige (altitude, 1,910 mètres) L'Observatoire et la Chapelle (côté Est) Editions J. Brun et Cie. Carpentras","44.1737355, 5.2779991","Observatoire du Mont Ventoux, Bédoin, Carpentras, Vaucluse, Provence-Alpes-Côte d'Azur, France métropolitaine, 84410, France",edifice
FRAD084_07FI152_0071.jpg,[avant 1920],"Dimensions 9 x 14 cm

Données techniques Carte postale pleine feuille, noir et blanc. Aspect mat",9 x 14 cm,"Carte postale pleine feuille, noir et blanc. Aspect mat",,montagne,"Ventoux (Vaucluse, France ; montagne)","Ventoux (Vaucluse, France ; montagne) -- Chapelle Sainte-Croix",,,,Mont Ventoux,0.95,Aucun lieu-dit,Chapelle de la Sainte-Croix,23. Le Mont-Ventoux (Vaucluse) Altitude 1908 m. — Chapelle de la Sainte-Croix Citerne et Galerie Couverte Editions Artistiques La Brun et Cie. Carpentras,"44.1731046, 5.2755407","Chapelle de Sainte-Croix, Route du Mont-Ventoux, Beaumont-du-Ventoux, Carpentras, Vaucluse, Provence-Alpes-Côte d'Azur, France métropolitaine, 84340, France",edifice
FRAD084_07FI152_0106_01.jpg,[avant 1920],"Dimensions 9 x 14 cm

Données techniques Carte postale pleine feuille, noir et blanc. Aspect mat",9 x 14 cm,"Carte postale pleine feuille, noir et blanc. Aspect mat",Don des Archives départementales des Bouches-du-Rhône (2002),montagne,"Ventoux (Vaucluse, France ; montagne)","Ventoux (Vaucluse, France ; montagne) -- Chapelle Sainte-Croix",,,,Mont Ventoux,0.98,Aucun lieu-dit,Chapelle de la Sainte-Croix,"23 - MONT-VENTOUX - Chapelle de la Sainte-Croix - Citerne et Galerie couverte
Editions J. Brun et cie Carpentras
POSTES
REPUBLIQUE FRANCAISE
50c
Vaucluse
HOTEL
MONT-VENTOUX
PENDRAN","44.1731046, 5.2755407","Chapelle de Sainte-Croix, Route du Mont-Ventoux, Beaumont-du-Ventoux, Carpentras, Vaucluse, Provence-Alpes-Côte d'Azur, France métropolitaine, 84340, France",edifice
FRAD084_07FI152_0045.jpg,[avant 1920],"Dimensions 9 x 14 cm

Données techniques Carte postale pleine feuille, noir et blanc. Aspect mat",9 x 14 cm,"Carte postale pleine feuille, noir et blanc. Aspect mat",,montagne,"Ventoux (Vaucluse, France ; montagne)","Ventoux (Vaucluse, France ; montagne) -- Chapelle Sainte-Croix",,,,Mont Ventoux,0.95,La Chapelle,Paratonnerres de la Sainte-Croix,"14. Le Mont-Ventoux sous la neige (Altitude, 1908 mètres) — L'Observatoire La Chapelle et les Paratonnerres de la Sainte-Croix Editions Artistiques J. Brun et Cie, Carpentras","44.1731046, 5.2755407","Chapelle de Sainte-Croix, Route du Mont-Ventoux, Beaumont-du-Ventoux, Carpentras, Vaucluse, Provence-Alpes-Côte d'Azur, France métropolitaine, 84340, France",edifice
FRAD084_07FI152_0043.jpg,[avant 1920],"Dimensions 9 x 14 cm

Données techniques Carte postale pleine feuille, noir et blanc. Aspect mat",9 x 14 cm,"Carte postale pleine feuille, noir et blanc. Aspect mat",,montagne,"Ventoux (Vaucluse, France ; montagne)",,,,,Mont Ventoux,0.95,Aucun lieu-dit,Refuge des Sports d'hiver,MONT-VENTOUX (Vaucluse 1912 m. d'altitude) — Refuge des Sports d'hiver,"nan, nan",,commune (fallback)
FRAD084_07FI152_0018.jpg,[vers 1960],"Dimensions 9 x 14 cm

Données techniques Carte postale pleine feuille, noir et blanc. Aspect mat",9 x 14 cm,"Carte postale pleine feuille, noir et blanc. Aspect mat",,montagne,"Ventoux (Vaucluse, France ; montagne)",,,,,Mont Ventoux,0.95,Aucun lieu-dit,Aucun monument,,"nan, nan",,commune (fallback)
FRAD084_07FI152_0019.jpg,[vers 1960],"Dimensions 9 x 14 cm

Données techniques Carte postale pleine feuille, noir et blanc. Aspect mat",9 x 14 cm,"Carte postale pleine feuille, noir et blanc. Aspect mat",,montagne,"Ventoux (Vaucluse, France ; montagne)",,,,,Avignon,0.95,Bartesago,Aucun monument,"BARTESAGO
AVIGNON","nan, nan",,commune (fallback)
FRAD084_07FI152_0061.jpg,[avant 1920],"Dimensions 9 x 14 cm

Données techniques Carte postale pleine feuille, noir et blanc. Aspect mat",9 x 14 cm,"Carte postale pleine feuille, noir et blanc. Aspect mat",,montagne,"Ventoux (Vaucluse, France ; montagne)",,,,,Mont Ventoux,0.95,La Grave,Aucun monument,"Mont Ventoux - La Grave et la route du sommet en hiver - Altit. 1500 mètres Cliché Bartesago sur plaque ""As de Tréfle. Integrum""","44.1427916, 5.2840048","Combe de la Grave, Route du Mont-Ventoux, Bédoin, Carpentras, Vaucluse, Provence-Alpes-Côte d'Azur, France métropolitaine, 84410, France",hameau
FRAD084_07FI152_0072.jpg,[avant 1920],"Dimensions 9 x 14 cm

Données techniques Carte postale pleine feuille, noir et blanc. Aspect mat",9 x 14 cm,"Carte postale pleine feuille, noir et blanc. Aspect mat",,montagne,"Ventoux (Vaucluse, France ; montagne)",,,,,Mont Ventoux,0.95,la Grave,Rendez-vous de Chasse,"17 - MONT-VENTOUX - Halte de la Grave - Rendez-vous de Chasse 17e kilomètre (Altitude 1,515 mètres 50) Editions J. Brun et cie., Carpentras","44.1427916, 5.2840048","Combe de la Grave, Route du Mont-Ventoux, Bédoin, Carpentras, Vaucluse, Provence-Alpes-Côte d'Azur, France métropolitaine, 84410, France",hameau
FRAD084_07FI152_0077.jpg,[avant 1920],"Dimensions 9 x 14 cm

Données techniques Carte postale pleine feuille, noir et blanc. Aspect mat",9 x 14 cm,"Carte postale pleine feuille, noir et blanc. Aspect mat",,montagne,"Ventoux (Vaucluse, France ; montagne)",,,,,Mont Ventoux,0.95,la Grave,Aucun monument,18. Le Mont-Ventoux (Vaucluse) Altitude 1908 m. - Halte de la Grave Rendez-vous de Chasse - La Fontaine (Altitude de 1515 m. 50),"44.1427916, 5.2840048","Combe de la Grave, Route du Mont-Ventoux, Bédoin, Carpentras, Vaucluse, Provence-Alpes-Côte d'Azur, France métropolitaine, 84410, France",hameau
FRAD084_07FI152_0030.jpg,[avant 1920],"Dimensions 9 x 14 cm

Données techniques Carte postale pleine feuille, noir et blanc. Aspect mat",9 x 14 cm,"Carte postale pleine feuille, noir et blanc. Aspect mat",,montagne,"Ventoux (Vaucluse, France ; montagne)",,,,,Mont Ventoux,0.95,Font-Fiolle,Aucun monument,"26. Le Mont-Ventoux, 1908 m. (Vaucluse). - Versant Nord Sentier de Font-Fiolle Edition artistique J. Bruin et Cie. Carpentras.","nan, nan",,commune (fallback)
FRAD084_07FI152_0033.jpg,[avant 1920],"Dimensions 9 x 14 cm

Données techniques Carte postale pleine feuille, noir et blanc. Aspect mat",9 x 14 cm,"Carte postale pleine feuille, noir et blanc. Aspect mat",,montagne,"Ventoux (Vaucluse, France ; montagne)",,,,,Mont Ventoux,0.95,Font-Fiolle,Aucun monument,"28. Le Mont-Ventoux (Vaucluse) - Altitude 1908 m - Versant Nord - Combe de Font-Fiolle Editions Artistiques J. Brun et Cie, Carpentras","nan, nan",,commune (fallback)
FRAD084_07FI152_0074.jpg,[avant 1920],"Dimensions 9 x 14 cm

Données techniques Carte postale pleine feuille, noir et blanc. Aspect mat",9 x 14 cm,"Carte postale pleine feuille, noir et blanc. Aspect mat",,montagne,"Ventoux (Vaucluse, France ; montagne)",,,,,Mont Ventoux,0.95,Malagut,Source d'eau ferrugineuse,15. Le Mont-Ventoux (1908 m) Combe de Malagut Source d'eau ferrugineuse (1re Vue),"nan, nan",,commune (fallback)
FRAD084_07FI152_0075.jpg,[avant 1920],"Dimensions 9 x 14 cm

Données techniques Carte postale pleine feuille, noir et blanc. Aspect mat",9 x 14 cm,"Carte postale pleine feuille, noir et blanc. Aspect mat",,montagne,"Ventoux (Vaucluse, France ; montagne)",,,,,Mont Ventoux,0.95,Les Tourreaux,Aucun monument,"13. Le MONT VENTOUX (1908 m.) Combe de Cannaud, la plus pittoresque Les Tourreaux (3e vue) Edit. J. Brun et Cie, Carpentras","nan, nan",,commune (fallback)
FRAD084_07FI152_0073.jpg,[avant 1920],"Dimensions 9 x 14 cm

Données techniques Carte postale pleine feuille, noir et blanc. Aspect mat",9 x 14 cm,"Carte postale pleine feuille, noir et blanc. Aspect mat",,montagne,"Ventoux (Vaucluse, France ; montagne)",,,,,Mont Ventoux,0.95,Aucun lieu-dit,Source de Font-Fiolle,"27 - MONT-VENTOUX - Versant nord - Source de Font-Fiolle (Altitude 1,788 mètres) Editions J. Brun et cie., Carpentras","nan, nan",,commune (fallback)
FRAD084_07FI152_0060.jpg,[avant 1920],"Dimensions 9 x 14 cm

Données techniques Carte postale pleine feuille, noir et blanc. Aspect mat",9 x 14 cm,"Carte postale pleine feuille, noir et blanc. Aspect mat",,montagne,"Ventoux (Vaucluse, France ; montagne)","Ventoux (Vaucluse, France ; montagne) -- Hôtel Vendran",,,,Avignon,0.95,Aucun lieu-dit,Aucun monument,"BARTUSACO
AVIGNON","nan, nan",,commune (fallback)
FRAD084_07FI152_0062.jpg,[vers 1930],"Dimensions 9 x 14 cm

Données techniques Carte postale avec bordure, sépia. Aspect mat",9 x 14 cm,"Carte postale avec bordure, sépia. Aspect mat",,montagne,"Ventoux (Vaucluse, France ; montagne)","Ventoux (Vaucluse, France ; montagne) -- Hôtel Vendran",,,,Carpentras,0.98,Vendran,Aucun monument,Environs de CARPENTRAS (Vaucluse) - Mont Ventoux (1912 m.) - L'Hôtel VENDRAN,"44.1731594, 5.2771156","Restaurant Le Vendran, Route du Mont-Ventoux, Bédoin, Carpentras, Vaucluse, Provence-Alpes-Côte d'Azur, France métropolitaine, 84410, France",hameau
FRAD084_07FI152_0063.jpg,[avant 1920],"Dimensions 9 x 14 cm

Données techniques Carte postale pleine feuille, noir et blanc. Aspet mat",9 x 14 cm,"Carte postale pleine feuille, noir et blanc. Aspet mat",,montagne,"Ventoux (Vaucluse, France ; montagne)","Ventoux (Vaucluse, France ; montagne) -- Hôtel Vendran",,,,Mont Ventoux,0.95,Aucun lieu-dit,Hôtel Vendran,"LE MONT VENTOUX (1908m d'altitude) Le personnel de l'Hôtel Vendran Editions J. Brun et Cie, Carpentras","nan, nan",,commune (fallback)
FRAD084_07FI152_0114.jpg,[avant 1920],"Dimensions 9 x 14 cm

Données techniques Carte postale pleine feuille, noir et blanc. Aspect mat",9 x 14 cm,"Carte postale pleine feuille, noir et blanc. Aspect mat",Don des Archives départementales des Bouches-du-Rhône (2002),montagne,"Ventoux (Vaucluse, France ; montagne)","Ventoux (Vaucluse, France ; montagne) -- Hôtel Vendran",,,,Mont Ventoux,0.99,Aucun lieu-dit,Aucun monument,"INTÉRIEUR STYLE PROVENÇAL de la SALLE à MANGER de l'HOTEL du MONT-VENTOUX (Vaucluse) VENDRAN, Père et Fils, propriétaires","nan, nan",,commune (fallback)
FRAD084_07FI152_0078_01.jpg,[avant 1920],"Dimensions 9 x 14 cm

Données techniques Carte postale pleine feuille, noir et blanc. Aspect mat",9 x 14 cm,"Carte postale pleine feuille, noir et blanc. Aspect mat",,montagne,"Ventoux (Vaucluse, France ; montagne)",,,,,Carpentras,0.99,Aucun lieu-dit,Aucun monument,"I - LA RÉCOLTE DES TRUFFES
A la recherche
Editions J. Brun et Cie, Carpentras","nan, nan",,commune (fallback)
FRAD084_07FI152_0079_01.jpg,[avant 1920],"Dimensions 9 x 14 cm

Données techniques Carte postale pleine feuille, noir et blanc. Aspect mat",9 x 14 cm,"Carte postale pleine feuille, noir et blanc. Aspect mat",,montagne,"Ventoux (Vaucluse, France ; montagne)",,,,,,0.95,Aucun lieu-dit,Aucun monument,2 - LA RÉCOLTE DES TRUFFES - Truie creusant la terre,"nan, nan",,commune (fallback)
FRAD084_07FI152_0080_01.jpg,[avant 1920],"Dimensions 9 x 14 cm

Données techniques Carte postale pleine feuille, noir et blanc. Aspect mat",9 x 14 cm,"Carte postale pleine feuille, noir et blanc. Aspect mat",,montagne,"Ventoux (Vaucluse, France ; montagne)",,,,,Carpentras,0.95,Aucun lieu-dit,Aucun monument,"3 - LA RÉCOLTE DES TRUFFES — Truie creusant la terre
Editions J. Brun et Cie, Carpentras","nan, nan",,commune (fallback)
FRAD084_07FI152_0076.jpg,[avant 1920],"Dimensions 9 x 14 cm

Données techniques Carte postale pleine feuille, noir et blanc. Aspect mat",9 x 14 cm,"Carte postale pleine feuille, noir et blanc. Aspect mat",,montagne,"Ventoux (Vaucluse, France ; montagne)",,,,,Mont Ventoux,0.95,Étage de Ruches,Aucun monument,14. Le Mont-Ventoux (Vaucluse) Altitude 1908 m. - Étage de Ruches (Sur la Route de l'Observatoire),"nan, nan",,commune (fallback)
FRAD084_07FI152_0081.jpg,[avant 1920],"Dimensions 9 x 14 cm

Données techniques Carte postale pleine feuille, noir et blanc. Aspect mat",9 x 14 cm,"Carte postale pleine feuille, noir et blanc. Aspect mat",,montagne,"Ventoux (Vaucluse, France ; montagne)",,,,,Mont Ventoux,0.95,Aucun lieu-dit,Aucun monument,"3. Mont-Ventoux
Cueillette de la Lavande","nan, nan",,commune (fallback)
FRAD084_07FI152_0020.jpg,[vers 1960],"Dimensions 9 x 14 cm

Données techniques Carte postale pleine feuille, noir et blanc. Aspect mat",9 x 14 cm,"Carte postale pleine feuille, noir et blanc. Aspect mat",,montagne,"Ventoux (Vaucluse, France ; montagne)",,,,,Avignon,0.95,Aucun lieu-dit,Aucun monument,"BARTESACO
AVIGNON","nan, nan",,commune (fallback)
FRAD084_07FI152_0022.jpg,[vers 1960],"Dimensions 9 x 14 cm

Données techniques Carte postale pleine feuille, noir et blanc. Aspect mat",9 x 14 cm,"Carte postale pleine feuille, noir et blanc. Aspect mat",,montagne,"Ventoux (Vaucluse, France ; montagne)",,,,,Mont Ventoux,0.95,Aucun lieu-dit,Aucun monument,"Mont Ventoux - Albert Blanc Facteur Guide
Cliché Bартесаго sun plaque « As de Tréfle. Integrum »","nan, nan",,commune (fallback)
FRAD084_07FI152_0021.jpg,[vers 1960],"Dimensions 9 x 14 cm

Données techniques Carte postale pleine feuille, noir et blanc. Aspect mat",9 x 14 cm,"Carte postale pleine feuille, noir et blanc. Aspect mat",,montagne,"Ventoux (Vaucluse, France ; montagne)",,,,,Avignon,0.99,Aucun lieu-dit,Aucun monument,BARTESAGO AVIGNON,"nan, nan",,commune (fallback)
FRAD084_07FI152_0082.jpg,[avant 1920],"Dimensions 9 x 14 cm

Données techniques Carte postale pleine feuille, noir et blanc. Aspect mat",9 x 14 cm,"Carte postale pleine feuille, noir et blanc. Aspect mat",,montagne,"Ventoux (Vaucluse, France ; montagne)",,,,,Mont Ventoux,0.99,Aucun lieu-dit,Aucun monument,"6. LE MONT VENTOUX (1908m d'altitude) Bicyclistes de Lyon et de St-Étienne venant de franchir les 22 kilomètres de Bédoin au sommet de Ventoux en 2 h. 25 et 2 h. 40 Editions J. Brun et Cie, Carpentras","nan, nan",,commune (fallback)
FRAD084_07FI152_0083.jpg,1904,"Dimensions 9 x 14 cm

Données techniques Carte postale pleine feuille, noir et blanc. Aspect mat",9 x 14 cm,"Carte postale pleine feuille, noir et blanc. Aspect mat",,montagne,"Ventoux (Vaucluse, France ; montagne)",,,,,Mont Ventoux,0.99,Aucun lieu-dit,Aucun monument,"1. LE MONT VENTOUX (1908m d'altitude). - Courses d'Automobiles 1re Course du 27 Août 1904 Editions J. Brun et Cie, Carpentras","nan, nan",,commune (fallback)
FRAD084_07FI152_0085.jpg,1904,"Dimensions 9 x 14 cm

Données techniques Carte postale pleine feuille, noir et blanc. Aspect mat",9 x 14 cm,"Carte postale pleine feuille, noir et blanc. Aspect mat",,montagne,"Ventoux (Vaucluse, France ; montagne)",,,,,Mont Ventoux,0.99,Aucun lieu-dit,Aucun monument,5. LE MONT VENTOUX (1908m d'altitude). - Courses d'Automobiles Le dernier virage. - 28 Août 1904,"nan, nan",,commune (fallback)
FRAD084_07FI152_0084.jpg,1904,"Dimensions 9 x 14 cm

Données techniques Carte postale pleine feuille, noir et blanc. Aspect mat",9 x 14 cm,"Carte postale pleine feuille, noir et blanc. Aspect mat",,montagne,"Ventoux (Vaucluse, France ; montagne)",,,,,Mont Ventoux,0.95,Aucun lieu-dit,Observatoire,"9. LE MONT VENTOUX (1908m d'altitude). - Courses d'Automobiles La Terrasse de l'Observatoire le 27 Août 1904 Editions J. Brun et Cie, Carpentras","44.1737355, 5.2779991","Observatoire du Mont Ventoux, Bédoin, Carpentras, Vaucluse, Provence-Alpes-Côte d'Azur, France métropolitaine, 84410, France",monument_uniformise
FRAD084_07FI152_0086.jpg,1904,"Dimensions 9 x 14 cm

Données techniques Carte postale pleine feuille, noir et blanc. Aspect mat",9 x 14 cm,"Carte postale pleine feuille, noir et blanc. Aspect mat",,montagne,"Ventoux (Vaucluse, France ; montagne)",,,,,Mont Ventoux,0.95,Aucun lieu-dit,La Terrasse,"11. LE MONT VENTOUX (1908m d'altitude). - Courses d'Automobiles La Terrasse dans la matinée du 28 Août 1904 Editions J. Brun et Cie, Carpentras","nan, nan",,commune (fallback)
FRAD084_07FI152_0090.jpg,1907,"Dimensions 9 x 14 cm

Données techniques Carte postale pleine feuille, noir et blanc. Aspect mat",9 x 14 cm,"Carte postale pleine feuille, noir et blanc. Aspect mat",,montagne,"Ventoux (Vaucluse, France ; montagne)",,,,,Mont Ventoux,0.95,St-Estève,Eglise de Mont Ventoux,"Mont Ventoux - Meeting automobile 1907 - Rougier sur Brasier, 1er des grosses voitures au virage de St-Estève. Échappé Bartesago sur plaque « As de Trèfle. Lilas »","44.1731046, 5.2755407","Chapelle de Sainte-Croix, Route du Mont-Ventoux, Beaumont-du-Ventoux, Carpentras, Vaucluse, Provence-Alpes-Côte d'Azur, France métropolitaine, 84340, France",monument_uniformise
FRAD084_07FI152_0100.jpg,1907,"Dimensions 9 x 14 cm

Données techniques Carte postale pleine feuille, noir et blanc. Aspect mat",9 x 14 cm,"Carte postale pleine feuille, noir et blanc. Aspect mat",,montagne,"Ventoux (Vaucluse, France ; montagne)",,,,,Mont Ventoux,0.95,St-Estève,Aucun monument,Mont Ventoux - Le virage de St-Estève pendant le meeting automobile de 1907 - Desgeorges sur Motobloc,"44.1133753, 5.2397374","Saint-Estève, Route du Mont-Ventoux, Saint-Estève, Bédoin, Carpentras, Vaucluse, Provence-Alpes-Côte d'Azur, France métropolitaine, 84410, France",hameau
FRAD084_07FI152_0088_01.jpg,1904,"Dimensions 9 x 14 cm

Données techniques Carte postale pleine feuille, noir et blanc. Aspect mat",9 x 14 cm,"Carte postale pleine feuille, noir et blanc. Aspect mat",,montagne,"Ventoux (Vaucluse, France ; montagne)",,,,,Mont Ventoux,0.95,Saint-Estève,Aucun monument,"1. Le Mont-Ventoux (Vaucluse) — Dernières Courses Tournant de Saint-Estève Editions Artistiques J. Brun et Cie, Carpentras","44.1133753, 5.2397374","Saint-Estève, Route du Mont-Ventoux, Saint-Estève, Bédoin, Carpentras, Vaucluse, Provence-Alpes-Côte d'Azur, France métropolitaine, 84410, France",hameau
FRAD084_07FI152_0089.jpg,1904,"Dimensions 9 x 14 cm

Données techniques Carte postale pleine feuille, noir et blanc. Aspect mat",9 x 14 cm,"Carte postale pleine feuille, noir et blanc. Aspect mat",,montagne,"Ventoux (Vaucluse, France ; montagne)",,,,,Mont Ventoux,0.95,Aucun lieu-dit,Aucun monument,"3. Le Mont-Ventoux (Vaucluse) - Dernières Courses - Amateurs. Editions Artistiques J. Brun et Cie, Carpentras","nan, nan",,commune (fallback)
FRAD084_07FI152_0097.jpg,1903,"Dimensions 9 x 14 cm

Données techniques Carte postale pleine feuille, noir et blanc. Aspect mat",9 x 14 cm,"Carte postale pleine feuille, noir et blanc. Aspect mat",,montagne,"Ventoux (Vaucluse, France ; montagne)",,,,,Mont Ventoux,0.95,Aucun lieu-dit,Aucun monument,12. Le Mont-Ventoux (Vaucluse) — Dernières Courses - Amateurs,"nan, nan",,commune (fallback)
FRAD084_07FI152_0092.jpg,1907,"Dimensions 9 x 14 cm

Données techniques Carte postale pleine feuille, noir et blanc. Aspect mat",9 x 14 cm,"Carte postale pleine feuille, noir et blanc. Aspect mat",,montagne,"Ventoux (Vaucluse, France ; montagne)",,,,,Mont Ventoux,0.99,Aucun lieu-dit,Aucun monument,"14. Le Mont-Ventoux (Vaucluse) Dernières Courses - Un Accident Editions Artistiques J. Brun et Cie, Carpentras","nan, nan",,commune (fallback)
FRAD084_07FI152_0095.jpg,1903,"Dimensions 9 x 14 cm

Données techniques Carte postale pleine feuille, noir et blanc. Aspect mat",9 x 14 cm,"Carte postale pleine feuille, noir et blanc. Aspect mat",,montagne,"Ventoux (Vaucluse, France ; montagne)",,,,,Mont Ventoux,0.95,Aucun lieu-dit,Aucun monument,"15. Le Mont-Ventoux (Vaucluse) Dernières Courses - Mauvais Virage Editions Artistiques J. Brun et Cie, Carpentras","nan, nan",,commune (fallback)
FRAD084_07FI152_0087.jpg,1904,"Dimensions 9 x 14 cm

Données techniques Carte postale pleine feuille, noir et blanc. Aspect mat",9 x 14 cm,"Carte postale pleine feuille, noir et blanc. Aspect mat",,montagne,"Ventoux (Vaucluse, France ; montagne)",,,,,Mont Ventoux,0.95,Aucun lieu-dit,L'Observatoire,"I. - A. - Le Mont-Ventoux (1908 m) (Vaucluse) La Terrasse de l'Observatoire un Jour de Courses d'Automobiles Editions Artistiques J. Brun et Cie, Carpentras","nan, nan",,commune (fallback)
FRAD084_07FI152_0093.jpg,1907,"Dimensions 9 x 14 cm

Données techniques Carte postale pleine feuille, noir et blanc. Aspect mat",9 x 14 cm,"Carte postale pleine feuille, noir et blanc. Aspect mat",,montagne,"Ventoux (Vaucluse, France ; montagne)",,,,,Carpentras,0.98,Aucun lieu-dit,Mont Ventoux,"2. LE MONT VENTOUX (1908m d'altitude). - Courses d'Automobiles Un coin de la Terrasse de l'Observatoire Editions J. Brun et Cie, Carpentras","44.1739649, 5.2783976","Mont Ventoux, Saint-Léger-du-Ventoux, Carpentras, Vaucluse, Provence-Alpes-Côte d'Azur, France métropolitaine, 84390, France",monument_uniformise
FRAD084_07FI152_0096.jpg,1903,"Dimensions 9 x 14 cm

Données techniques Carte postale pleine feuille, noir et blanc. Aspect mat",9 x 14 cm,"Carte postale pleine feuille, noir et blanc. Aspect mat",,montagne,"Ventoux (Vaucluse, France ; montagne)",,,,,Mont Ventoux,0.99,Aucun lieu-dit,Aucun monument,10. LE MONT VENTOUX (1908m d'altitude). - Courses d'Automobiles Après la Course,"nan, nan",,commune (fallback)
FRAD084_07FI152_0091.jpg,1907,"Dimensions 9 x 14 cm

Données techniques Carte postale pleine feuille, noir et blanc. Aspect mat",9 x 14 cm,"Carte postale pleine feuille, noir et blanc. Aspect mat",,montagne,"Ventoux (Vaucluse, France ; montagne)",,,,,Mont Ventoux,0.99,Aucun lieu-dit,Aucun monument,"11. Le Mont-Ventoux (Vaucluse) Altitude 1908 m. - Courses d'Automobiles - Avant la Course
Editions Artistiques J. Brun et Cie, Carpentras","nan, nan",,commune (fallback)
FRAD084_07FI152_0098.jpg,[avant 1920],"Dimensions 9 x 14 cm

Données techniques Carte postale pleine feuille, noir et blanc. Aspect mat",9 x 14 cm,"Carte postale pleine feuille, noir et blanc. Aspect mat",,montagne,"Ventoux (Vaucluse, France ; montagne)",,,,,Carpentras,0.95,Aucun lieu-dit,Mont Ventoux,"COURSE INTERNATIONALE D'AUTOS AU MONT-VENTOUX CARRACCIOLA, le recordman de l'épreuve, au dernier virage de l'Observatoire Ciiché F. Meyer, Carpentras","44.1739649, 5.2783976","Mont Ventoux, Saint-Léger-du-Ventoux, Carpentras, Vaucluse, Provence-Alpes-Côte d'Azur, France métropolitaine, 84390, France",monument_uniformise
FRAD084_07FI152_0099.jpg,[avant 1920],"Dimensions 9 x 14 cm

Données techniques Carte postale pleine feuille, noir et blanc. Aspect mat",9 x 14 cm,"Carte postale pleine feuille, noir et blanc. Aspect mat",,montagne,"Ventoux (Vaucluse, France ; montagne)",,,,,Mont Ventoux,0.95,Aucun lieu-dit,Aucun monument,COURSE INTERNATIONALE D'AUTOS AU MONT-VENTOUX Un garage de voitures sur le plateau de l'arête ouest du versant nord du Mont-Ventoux (1912 m. d'alt.),"nan, nan",,commune (fallback)
FRAD084_07FI153_0001.jpg,[avant 1920],"Dimensions 9 x 14 cm

Données techniques Carte postale pleine feuille, noir et blanc. Aspect mat",9 x 14 cm,"Carte postale pleine feuille, noir et blanc. Aspect mat",,,"Dentelles de Montmirail ( Vaucluse, France ; montagne)",,,,,Montmirail,0.95,Les Dentelles,Aucun monument,Montmirail (Vaucluse) — Les Dentelles,"nan, nan",,commune (fallback)
FRAD084_07FI153_0002.jpg,[avant 1920],"Dimensions 9 x 14 cm

Données techniques Carte postale pleine feuille, noir et blanc. Aspect mat",9 x 14 cm,"Carte postale pleine feuille, noir et blanc. Aspect mat",,,"Dentelles de Montmirail ( Vaucluse, France ; montagne)",,,,,Dentelles de Montmirail,0.95,Aucun lieu-dit,Aucun monument,"F.MEYER
LES DENTELLES DE MONTMIRAIL (Vaucluse)","nan, nan",,commune (fallback)
FRAD084_07FI153_0003.jpg,[vers 1930],"Dimensions 9 x 14 cm

Données techniques Carte postale avec bordure, indigo. Aspect mat",9 x 14 cm,"Carte postale avec bordure, indigo. Aspect mat",,,"Dentelles de Montmirail ( Vaucluse, France ; montagne)",,,,,Dentelles de Montmirail,0.95,Aucun lieu-dit,Aucun monument,94. Dentelles de Montmirail - Arêtes du Clapis,"nan, nan",,commune (fallback)
FRAD084_07FI153_0004_01.jpg,[vers 1930],"Dimensions 9 x 14 cm

Données techniques Carte postale avec bordure, sépia. Aspect mat",9 x 14 cm,"Carte postale avec bordure, sépia. Aspect mat","Don de la bibliothèque Forney, Paris",,"Dentelles de Montmirail ( Vaucluse, France ; montagne)",,,,,Carpentras,0.95,Les Florets,Dentelles de Montmirail,"Environs de CARPENTRAS (Vaucluse) - Les Florets
Les Dentelles de Montmirail, au fond, le Mont Ventoux","44.1554146, 5.023763","Dentelles de Montmirail, Piste du Grand Montmirail, Derrière Vielle, Gigondas, Carpentras, Vaucluse, Provence-Alpes-Côte d'Azur, France métropolitaine, 84190, France",monument_uniformise
FRAD084_07FI002_0013.jpg,[avant 1920],"Dimensions 9 x 14 cm

Données techniques Carte postale pleine feuille, noir et blanc. Aspect mat",9 x 14 cm,"Carte postale pleine feuille, noir et blanc. Aspect mat",Don des Archives départementales des Bouches-du-Rhône (2002),,"Ansouis (Vaucluse, France)",,43.7365172868,5.47136689464,84002.0,Ansouis,0.95,Aucun lieu-dit,Aucun monument,ANSOUIS (Vaucluse) - Le Village (Côté Est) Edition Pin,"43.7365172868, 5.47136689464",,commune (fallback)
